Customer_ID,Gender,Age,Annual_Income,Customer_Type,Age_Group
C00001,Male,38,655581,New,36-45
C00002,Female,24,518625,Repeat,26-35
C00003,Male,33,748823,Repeat,26-35
C00004,Male,25,560889,New,36-45
C00005,Male,20,759344,New,26-35
C00006,Male,29,779611,Repeat,26-35
C00007,Male,30,306094,New,18-25
C00008,Male,31,1969295,New,46-60
C00009,Male,26,537698,Repeat,26-35
C00010,Male,40,911728,Repeat,26-35
C00011,Male,42,1216239,New,36-45
C00012,Male,23,503779,New,36-45
C00013,Male,31,551410,New,18-25
C00014,Female,23,1305632,New,26-35
C00015,Male,28,834829,Repeat,26-35
C00016,Male,20,706312,Repeat,46-60
C00017,Male,20,1110759,Repeat,36-45
C00018,Male,33,759662,New,18-25
C00019,Male,32,951750,New,36-45
C00020,Male,45,804480,New,36-45
C00021,Female,24,390832,New,36-45
C00022,Male,37,1526189,New,26-35
C00023,Male,38,583564,Repeat,26-35
C00024,Male,28,2210664,Repeat,26-35
C00025,Male,31,611062,Repeat,46-60
C00026,Male,29,896297,Repeat,26-35
C00027,Male,27,922091,Repeat,26-35
C00028,Female,32,371069,Repeat,26-35
C00029,Female,32,451669,New,26-35
C00030,Male,33,836582,Repeat,26-35
C00031,Female,38,495325,Repeat,46-60
C00032,Female,35,3000000,New,36-45
C00033,Male,32,703630,New,18-25
C00034,Male,27,674394,New,26-35
C00035,Male,27,673886,Repeat,26-35
C00036,Female,31,400209,New,26-35
C00037,Male,50,1489965,Repeat,46-60
C00038,Female,20,706891,New,26-35
C00039,Male,24,1372731,New,26-35
C00040,Male,45,779937,New,46-60
C00041,Male,34,1366598,New,26-35
C00042,Male,41,472728,New,18-25
C00043,Male,29,1509260,New,26-35
C00044,Male,28,370728,New,26-35
C00045,Male,29,527117,New,36-45
C00046,Male,23,800245,New,18-25
C00047,Male,36,687949,New,26-35
C00048,Female,48,270029,New,46-60
C00049,Male,27,713649,Repeat,18-25
C00050,Male,26,952693,Repeat,26-35
C00051,Female,33,844347,New,18-25
C00052,Female,36,855459,New,26-35
C00053,Female,25,1096462,Repeat,26-35
C00054,Male,37,937345,Repeat,26-35
C00055,Female,26,996338,New,18-25
C00056,Female,33,613026,New,26-35
C00057,Male,20,531617,New,36-45
C00058,Male,35,862407,New,18-25
C00059,Female,20,1441827,New,18-25
C00060,Male,34,504363,New,18-25
C00061,Female,27,712437,Repeat,18-25
C00062,Female,20,345023,Repeat,46-60
C00063,Male,25,1198735,Repeat,26-35
C00064,Male,37,604861,New,18-25
C00065,Male,25,636054,New,26-35
C00066,Female,35,1295568,New,26-35
C00067,Female,28,798653,New,46-60
C00068,Male,32,653693,New,46-60
C00069,Male,49,780374,New,26-35
C00070,Male,37,705901,New,46-60
C00071,Male,30,1008592,New,18-25
C00072,Male,20,513054,New,46-60
C00073,Female,20,765161,Repeat,18-25
C00074,Female,20,1481971,Repeat,18-25
C00075,Female,30,572477,Repeat,18-25
C00076,Female,20,1195374,Repeat,36-45
C00077,Male,20,433282,New,36-45
C00078,Female,31,663888,Repeat,36-45
C00079,Male,28,316513,Repeat,26-35
C00080,Male,36,391851,New,18-25
C00081,Female,32,1633208,New,36-45
C00082,Female,47,1432069,New,18-25
C00083,Male,42,964870,New,18-25
C00084,Male,39,294576,New,46-60
C00085,Female,32,244712,New,26-35
C00086,Male,20,633953,Repeat,26-35
C00087,Male,39,339826,New,18-25
C00088,Male,33,425824,New,36-45
C00089,Male,47,562989,New,18-25
C00090,Male,26,454946,New,18-25
C00091,Male,20,596323,New,36-45
C00092,Female,25,715701,Repeat,18-25
C00093,Female,37,491670,New,26-35
C00094,Male,28,230697,New,26-35
C00095,Female,37,416714,New,26-35
C00096,Male,29,422833,New,26-35
C00097,Male,29,636170,New,26-35
C00098,Female,44,966527,New,18-25
C00099,Female,49,1026091,New,18-25
C00100,Male,23,348874,New,26-35
C00101,Male,31,688342,New,18-25
C00102,Male,25,522051,New,18-25
C00103,Female,20,884534,New,26-35
C00104,Male,26,913148,New,46-60
C00105,Male,47,1347219,Repeat,18-25
C00106,Male,24,288523,New,18-25
C00107,Male,20,930715,New,26-35
C00108,Male,25,664013,New,18-25
C00109,Male,26,915147,Repeat,26-35
C00110,Male,20,454123,Repeat,36-45
C00111,Male,32,676680,New,36-45
C00112,Male,40,728845,Repeat,26-35
C00113,Female,28,563065,New,26-35
C00114,Male,37,561303,Repeat,26-35
C00115,Male,25,238250,Repeat,26-35
C00116,Male,33,588971,New,46-60
C00117,Female,23,739589,New,26-35
C00118,Male,33,539203,New,36-45
C00119,Male,27,779530,New,36-45
C00120,Female,31,524280,Repeat,26-35
C00121,Male,41,532128,New,36-45
C00122,Male,37,1196324,New,26-35
C00123,Female,22,516027,New,26-35
C00124,Male,36,633943,New,26-35
C00125,Female,29,663868,Repeat,26-35
C00126,Male,34,718898,New,26-35
C00127,Female,20,1519360,Repeat,46-60
C00128,Female,23,614229,Repeat,18-25
C00129,Male,51,822831,New,26-35
C00130,Male,22,308674,Repeat,26-35
C00131,Male,41,449735,New,26-35
C00132,Male,29,574929,New,46-60
C00133,Male,39,283373,New,36-45
C00134,Male,28,395059,Repeat,26-35
C00135,Female,25,695166,New,36-45
C00136,Male,26,508205,New,26-35
C00137,Male,42,196421,New,26-35
C00138,Female,28,549948,Repeat,26-35
C00139,Male,37,357819,New,18-25
C00140,Male,38,1151904,New,26-35
C00141,Male,31,612970,New,26-35
C00142,Female,29,549112,Repeat,36-45
C00143,Male,44,413138,New,36-45
C00144,Male,33,370173,Repeat,36-45
C00145,Male,21,450174,New,26-35
C00146,Male,20,1431717,New,26-35
C00147,Female,38,641007,New,18-25
C00148,Male,33,301086,New,18-25
C00149,Male,20,680168,New,46-60
C00150,Male,32,418511,New,36-45
C00151,Male,27,823937,New,46-60
C00152,Male,33,1011493,New,18-25
C00153,Male,29,934432,New,18-25
C00154,Male,35,468899,New,26-35
C00155,Male,20,453808,Repeat,26-35
C00156,Male,23,2125036,Repeat,36-45
C00157,Male,35,328107,New,26-35
C00158,Male,40,473685,New,36-45
C00159,Male,46,636321,New,36-45
C00160,Male,36,1006890,New,26-35
C00161,Male,20,587080,Repeat,36-45
C00162,Male,35,1057141,Repeat,26-35
C00163,Female,20,633281,Repeat,18-25
C00164,Male,34,713677,New,46-60
C00165,Female,34,590517,Repeat,26-35
C00166,Male,31,658762,Repeat,18-25
C00167,Male,20,814388,New,36-45
C00168,Male,41,434588,New,26-35
C00169,Male,25,1039575,Repeat,26-35
C00170,Female,31,1049887,Repeat,46-60
C00171,Male,40,477912,New,26-35
C00172,Male,27,1250120,Repeat,26-35
C00173,Male,28,452513,New,26-35
C00174,Male,30,722248,New,26-35
C00175,Female,29,448298,Repeat,26-35
C00176,Female,22,772055,New,46-60
C00177,Male,40,1348126,New,18-25
C00178,Female,26,506238,New,18-25
C00179,Female,28,383318,Repeat,18-25
C00180,Male,26,864189,New,26-35
C00181,Female,24,700004,New,18-25
C00182,Male,33,755574,New,18-25
C00183,Male,20,369137,Repeat,26-35
C00184,Female,26,718867,New,26-35
C00185,Male,40,758530,New,26-35
C00186,Female,35,552962,New,36-45
C00187,Female,34,896703,Repeat,36-45
C00188,Male,42,870346,Repeat,36-45
C00189,Female,28,446692,New,36-45
C00190,Male,31,1155485,New,26-35
C00191,Male,31,676851,New,26-35
C00192,Female,28,717368,New,46-60
C00193,Female,40,339780,New,46-60
C00194,Male,27,709324,Repeat,18-25
C00195,Male,20,1003479,New,36-45
C00196,Female,26,770251,New,18-25
C00197,Female,29,260112,Repeat,26-35
C00198,Male,20,241654,Repeat,36-45
C00199,Male,39,1172293,Repeat,18-25
C00200,Male,36,621628,New,26-35
C00201,Male,38,592302,New,18-25
C00202,Female,20,1244720,New,46-60
C00203,Female,33,586074,Repeat,36-45
C00204,Male,36,1182151,New,46-60
C00205,Male,40,810867,New,18-25
C00206,Male,25,1461758,New,18-25
C00207,Female,20,838058,New,26-35
C00208,Male,27,218377,New,36-45
C00209,Male,33,806307,New,18-25
C00210,Male,30,385950,Repeat,26-35
C00211,Male,23,661109,New,18-25
C00212,Male,22,572765,Repeat,36-45
C00213,Male,27,532045,New,36-45
C00214,Male,31,485826,Repeat,36-45
C00215,Female,26,1061063,New,36-45
C00216,Male,41,710445,New,26-35
C00217,Male,28,712670,New,18-25
C00218,Female,28,786700,New,18-25
C00219,Male,35,1080488,New,36-45
C00220,Male,31,686074,Repeat,18-25
C00221,Female,39,618404,Repeat,26-35
C00222,Female,21,336300,New,36-45
C00223,Female,20,1599992,New,36-45
C00224,Male,29,967407,New,46-60
C00225,Male,35,369724,Repeat,18-25
C00226,Male,34,730899,New,46-60
C00227,Male,33,570094,New,36-45
C00228,Male,37,180391,New,18-25
C00229,Male,33,625087,New,26-35
C00230,Female,27,759681,New,26-35
C00231,Female,20,728764,New,26-35
C00232,Male,43,952959,New,18-25
C00233,Male,37,1126755,Repeat,36-45
C00234,Male,39,723736,New,26-35
C00235,Female,31,477029,New,18-25
C00236,Male,36,626814,New,18-25
C00237,Female,32,796807,New,26-35
C00238,Male,47,610425,New,26-35
C00239,Male,23,868608,Repeat,18-25
C00240,Female,26,1538074,New,36-45
C00241,Male,30,1601195,Repeat,26-35
C00242,Male,39,1108913,New,26-35
C00243,Male,24,742821,Repeat,18-25
C00244,Female,30,753640,Repeat,26-35
C00245,Male,35,762780,New,36-45
C00246,Female,35,891138,New,36-45
C00247,Male,31,409144,New,26-35
C00248,Male,43,444006,New,26-35
C00249,Male,20,495979,New,36-45
C00250,Male,25,1791069,Repeat,26-35
C00251,Male,27,644194,New,26-35
C00252,Male,39,1948589,Repeat,36-45
C00253,Female,28,775424,New,46-60
C00254,Male,24,572875,New,26-35
C00255,Male,38,492316,New,26-35
C00256,Male,23,992591,New,18-25
C00257,Male,23,832921,Repeat,18-25
C00258,Female,20,792494,New,36-45
C00259,Male,26,668898,Repeat,26-35
C00260,Male,31,661982,New,26-35
C00261,Female,40,567684,New,26-35
C00262,Female,25,972323,New,36-45
C00263,Male,32,457174,New,18-25
C00264,Male,36,783038,New,18-25
C00265,Male,40,1349515,New,26-35
C00266,Female,30,2075259,New,36-45
C00267,Male,20,274808,Repeat,46-60
C00268,Male,35,1352555,New,18-25
C00269,Male,22,471957,New,26-35
C00270,Female,32,322731,New,26-35
C00271,Male,21,373124,Repeat,36-45
C00272,Male,44,784880,New,26-35
C00273,Male,23,862822,New,26-35
C00274,Male,25,1133668,Repeat,46-60
C00275,Male,26,345073,Repeat,46-60
C00276,Male,40,692802,New,18-25
C00277,Female,26,764886,Repeat,36-45
C00278,Male,24,357064,Repeat,26-35
C00279,Male,24,316243,New,26-35
C00280,Female,30,947941,Repeat,26-35
C00281,Female,27,1098618,Repeat,36-45
C00282,Male,25,1015759,New,18-25
C00283,Female,22,1173625,New,36-45
C00284,Male,30,939142,Repeat,18-25
C00285,Male,20,668979,New,18-25
C00286,Female,31,824959,New,26-35
C00287,Male,20,741699,New,26-35
C00288,Male,43,1124861,New,36-45
C00289,Female,25,631928,New,36-45
C00290,Male,26,567284,New,26-35
C00291,Male,20,980015,New,26-35
C00292,Male,20,587471,New,36-45
C00293,Male,38,915949,New,26-35
C00294,Male,26,775326,New,18-25
C00295,Male,23,641013,New,36-45
C00296,Male,30,427092,New,36-45
C00297,Male,20,532054,New,36-45
C00298,Male,25,1037873,New,26-35
C00299,Male,30,983954,New,36-45
C00300,Male,41,1312451,New,18-25
C00301,Male,31,1410825,New,18-25
C00302,Male,28,706327,New,46-60
C00303,Male,24,1166120,New,36-45
C00304,Male,22,827547,New,36-45
C00305,Male,24,965638,New,46-60
C00306,Male,38,462392,New,26-35
C00307,Female,33,428565,New,26-35
C00308,Female,25,986832,New,26-35
C00309,Male,36,848962,New,26-35
C00310,Male,22,268301,New,46-60
C00311,Male,27,559932,Repeat,26-35
C00312,Female,37,499989,Repeat,46-60
C00313,Male,37,450713,Repeat,36-45
C00314,Male,36,1102169,New,46-60
C00315,Female,30,625355,Repeat,26-35
C00316,Female,40,656251,New,26-35
C00317,Male,20,673350,Repeat,36-45
C00318,Male,41,879984,New,18-25
C00319,Female,37,428354,New,26-35
C00320,Male,26,847111,Repeat,26-35
C00321,Female,26,394402,New,18-25
C00322,Female,24,870178,New,26-35
C00323,Female,27,449356,Repeat,26-35
C00324,Female,44,543014,New,26-35
C00325,Male,44,463619,New,26-35
C00326,Male,26,2055269,New,26-35
C00327,Male,45,1519214,New,36-45
C00328,Male,37,507216,New,18-25
C00329,Male,39,485317,Repeat,26-35
C00330,Male,21,595752,New,18-25
C00331,Female,34,351607,Repeat,46-60
C00332,Male,22,1497143,Repeat,18-25
C00333,Male,40,566836,New,26-35
C00334,Male,27,392738,New,18-25
C00335,Male,26,919766,New,46-60
C00336,Female,27,317144,Repeat,18-25
C00337,Male,29,1215240,New,18-25
C00338,Male,30,1443008,Repeat,36-45
C00339,Male,33,396602,Repeat,36-45
C00340,Male,30,593073,New,46-60
C00341,Female,24,429103,New,36-45
C00342,Male,30,464391,New,46-60
C00343,Male,31,390727,New,36-45
C00344,Female,31,819869,New,26-35
C00345,Female,38,429809,New,36-45
C00346,Male,33,353015,Repeat,26-35
C00347,Male,24,564027,New,26-35
C00348,Male,32,1089919,New,36-45
C00349,Male,28,696114,New,18-25
C00350,Male,22,180000,Repeat,36-45
C00351,Male,27,1605959,New,26-35
C00352,Female,31,468422,New,18-25
C00353,Male,25,852426,New,26-35
C00354,Male,31,1350294,Repeat,36-45
C00355,Male,28,818202,Repeat,36-45
C00356,Male,38,627626,New,18-25
C00357,Male,39,815999,Repeat,46-60
C00358,Male,31,340272,Repeat,26-35
C00359,Male,40,827581,Repeat,26-35
C00360,Female,34,444127,New,36-45
C00361,Female,28,807961,New,26-35
C00362,Male,23,786499,New,18-25
C00363,Male,32,724534,Repeat,26-35
C00364,Female,22,788167,New,18-25
C00365,Male,31,576433,Repeat,36-45
C00366,Male,32,554489,Repeat,36-45
C00367,Male,45,761146,New,36-45
C00368,Male,20,494453,Repeat,26-35
C00369,Female,35,445423,New,26-35
C00370,Male,27,429184,Repeat,36-45
C00371,Female,20,1137634,New,46-60
C00372,Male,23,752148,New,36-45
C00373,Female,27,822946,New,26-35
C00374,Male,32,1555403,New,18-25
C00375,Female,39,359399,Repeat,36-45
C00376,Male,36,1070988,Repeat,36-45
C00377,Male,23,695432,New,36-45
C00378,Female,20,951759,New,26-35
C00379,Female,29,785822,New,46-60
C00380,Male,36,857385,Repeat,36-45
C00381,Male,38,512823,Repeat,18-25
C00382,Male,33,1486463,New,18-25
C00383,Male,20,568870,New,26-35
C00384,Female,38,1403533,New,18-25
C00385,Male,36,485302,New,46-60
C00386,Male,31,1096433,Repeat,26-35
C00387,Female,33,867695,Repeat,26-35
C00388,Male,20,881844,New,36-45
C00389,Male,38,720882,New,26-35
C00390,Male,44,907714,New,18-25
C00391,Male,28,220463,Repeat,26-35
C00392,Male,31,1393738,New,26-35
C00393,Male,27,240683,New,26-35
C00394,Male,20,626140,New,26-35
C00395,Male,29,652012,New,18-25
C00396,Female,28,463358,New,26-35
C00397,Male,34,599293,New,26-35
C00398,Male,28,454301,Repeat,26-35
C00399,Male,27,484524,New,26-35
C00400,Male,33,817212,New,36-45
C00401,Male,32,492909,New,26-35
C00402,Male,20,470291,New,36-45
C00403,Male,35,602587,New,26-35
C00404,Male,30,655536,Repeat,26-35
C00405,Male,34,865615,Repeat,18-25
C00406,Male,21,682542,New,26-35
C00407,Male,52,522397,New,26-35
C00408,Male,41,440184,Repeat,36-45
C00409,Male,45,464754,New,36-45
C00410,Female,42,580826,Repeat,46-60
C00411,Male,20,475819,New,26-35
C00412,Male,39,1079215,New,26-35
C00413,Male,23,535607,New,26-35
C00414,Male,26,591595,New,36-45
C00415,Male,20,1152388,Repeat,26-35
C00416,Male,24,786662,New,26-35
C00417,Male,30,781440,New,26-35
C00418,Male,28,1334568,Repeat,18-25
C00419,Female,30,720549,New,36-45
C00420,Male,30,795081,New,26-35
C00421,Male,32,382160,Repeat,36-45
C00422,Male,20,509163,New,18-25
C00423,Female,20,440409,New,26-35
C00424,Male,22,723885,New,26-35
C00425,Male,33,974312,New,26-35
C00426,Male,27,619737,New,26-35
C00427,Female,33,1440974,New,36-45
C00428,Male,33,556983,Repeat,46-60
C00429,Female,30,383487,New,36-45
C00430,Male,20,1146921,New,36-45
C00431,Male,32,218784,New,36-45
C00432,Female,30,739128,Repeat,26-35
C00433,Female,40,592865,New,36-45
C00434,Male,35,180000,Repeat,18-25
C00435,Female,46,583086,Repeat,18-25
C00436,Female,23,349374,New,26-35
C00437,Male,26,955705,Repeat,36-45
C00438,Female,25,789450,Repeat,36-45
C00439,Male,35,795775,New,26-35
C00440,Male,29,464873,New,26-35
C00441,Female,31,611751,New,46-60
C00442,Male,20,715480,New,36-45
C00443,Male,29,674588,New,26-35
C00444,Female,24,425819,Repeat,26-35
C00445,Male,28,864356,New,26-35
C00446,Male,31,736413,New,18-25
C00447,Male,31,1021106,New,26-35
C00448,Male,32,520992,Repeat,36-45
C00449,Male,32,1203923,New,36-45
C00450,Male,30,293209,New,26-35
C00451,Male,25,654513,Repeat,18-25
C00452,Male,37,439995,New,26-35
C00453,Male,36,521799,Repeat,36-45
C00454,Male,37,611035,Repeat,18-25
C00455,Male,30,1585624,New,36-45
C00456,Female,38,1133687,Repeat,46-60
C00457,Male,22,1046587,Repeat,26-35
C00458,Female,29,530801,New,26-35
C00459,Male,20,591533,New,18-25
C00460,Female,27,1249604,Repeat,26-35
C00461,Female,28,1675195,New,36-45
C00462,Male,20,939194,New,36-45
C00463,Male,39,351094,Repeat,18-25
C00464,Male,28,852699,New,18-25
C00465,Female,20,685762,New,26-35
C00466,Male,29,415513,New,26-35
C00467,Male,30,654408,Repeat,26-35
C00468,Female,21,1073218,Repeat,26-35
C00469,Male,29,708732,New,26-35
C00470,Male,31,1305095,New,18-25
C00471,Female,38,353831,Repeat,18-25
C00472,Female,32,725420,New,26-35
C00473,Male,27,599527,New,26-35
C00474,Male,29,1372835,Repeat,46-60
C00475,Male,35,665277,New,26-35
C00476,Male,27,563406,Repeat,26-35
C00477,Male,33,550407,New,36-45
C00478,Female,24,369098,New,26-35
C00479,Male,33,859146,New,18-25
C00480,Male,24,1664474,Repeat,26-35
C00481,Male,31,312663,New,26-35
C00482,Male,29,1205625,New,18-25
C00483,Male,29,373347,New,36-45
C00484,Female,27,847102,New,46-60
C00485,Male,31,754686,New,26-35
C00486,Female,32,482547,New,36-45
C00487,Female,31,840850,Repeat,18-25
C00488,Male,45,596491,New,36-45
C00489,Female,32,378252,New,18-25
C00490,Male,20,853208,Repeat,36-45
C00491,Male,29,438848,New,36-45
C00492,Male,28,485693,Repeat,46-60
C00493,Female,20,315925,Repeat,46-60
C00494,Female,20,1022855,New,26-35
C00495,Male,42,371221,New,46-60
C00496,Male,31,423138,New,18-25
C00497,Male,32,596892,Repeat,26-35
C00498,Male,46,321521,Repeat,26-35
C00499,Female,37,570329,Repeat,26-35
C00500,Male,29,1283045,New,26-35
C00501,Female,26,409596,New,18-25
C00502,Female,20,710876,Repeat,26-35
C00503,Male,39,907086,New,36-45
C00504,Male,20,750557,New,18-25
C00505,Male,36,205553,Repeat,26-35
C00506,Male,22,398756,New,36-45
C00507,Female,40,940321,New,26-35
C00508,Female,40,417985,New,26-35
C00509,Male,42,299743,New,26-35
C00510,Female,24,822298,New,46-60
C00511,Male,20,928706,Repeat,18-25
C00512,Male,46,2634465,Repeat,36-45
C00513,Male,39,1017355,Repeat,36-45
C00514,Male,36,785787,Repeat,18-25
C00515,Female,20,375019,Repeat,36-45
C00516,Female,34,1380904,New,26-35
C00517,Female,34,510986,New,18-25
C00518,Male,20,553526,Repeat,26-35
C00519,Female,45,661786,New,36-45
C00520,Male,20,1064958,Repeat,18-25
C00521,Female,22,412208,New,36-45
C00522,Male,36,351529,Repeat,46-60
C00523,Male,31,487396,New,26-35
C00524,Female,20,1072429,New,18-25
C00525,Male,25,988672,Repeat,26-35
C00526,Female,29,507878,New,36-45
C00527,Male,21,821726,Repeat,18-25
C00528,Male,23,422527,Repeat,18-25
C00529,Female,20,673060,New,26-35
C00530,Male,38,1035701,New,26-35
C00531,Male,24,482373,New,26-35
C00532,Male,32,670603,New,18-25
C00533,Male,30,706648,New,26-35
C00534,Male,20,944213,Repeat,26-35
C00535,Male,40,1025695,New,26-35
C00536,Female,39,734467,New,18-25
C00537,Male,29,736220,Repeat,36-45
C00538,Male,29,637406,New,26-35
C00539,Female,30,813089,New,36-45
C00540,Male,30,600950,Repeat,46-60
C00541,Male,20,533478,Repeat,18-25
C00542,Male,44,1210303,New,36-45
C00543,Male,33,839281,New,26-35
C00544,Male,23,447041,New,36-45
C00545,Male,43,1018070,Repeat,36-45
C00546,Female,34,803818,New,26-35
C00547,Female,42,883220,New,18-25
C00548,Male,36,591570,New,26-35
C00549,Male,37,575727,Repeat,26-35
C00550,Male,20,887834,New,26-35
C00551,Male,35,706189,Repeat,26-35
C00552,Male,27,636852,New,18-25
C00553,Male,37,645181,Repeat,26-35
C00554,Male,20,937216,New,18-25
C00555,Female,35,407273,Repeat,36-45
C00556,Male,28,493471,New,26-35
C00557,Male,20,826126,Repeat,36-45
C00558,Female,35,579544,New,26-35
C00559,Female,36,652649,New,26-35
C00560,Male,32,2490749,Repeat,36-45
C00561,Female,32,699990,New,26-35
C00562,Male,34,428418,Repeat,26-35
C00563,Male,31,1425189,New,18-25
C00564,Male,25,368944,New,26-35
C00565,Male,20,851422,New,26-35
C00566,Male,39,1663653,New,26-35
C00567,Male,39,1045050,New,26-35
C00568,Male,33,985248,New,26-35
C00569,Male,28,455648,Repeat,26-35
C00570,Male,37,584872,New,26-35
C00571,Male,30,460690,New,36-45
C00572,Female,33,1434184,Repeat,36-45
C00573,Female,20,597575,New,18-25
C00574,Male,24,631682,Repeat,46-60
C00575,Male,28,992558,Repeat,18-25
C00576,Male,26,714833,Repeat,26-35
C00577,Male,22,476777,New,18-25
C00578,Female,26,240920,New,36-45
C00579,Male,29,1679973,Repeat,36-45
C00580,Female,25,674431,New,36-45
C00581,Male,37,860750,New,36-45
C00582,Male,42,889828,New,36-45
C00583,Female,33,716996,New,36-45
C00584,Male,32,992832,New,26-35
C00585,Male,23,989230,New,26-35
C00586,Female,28,345318,New,18-25
C00587,Male,32,523884,Repeat,36-45
C00588,Male,25,954806,New,46-60
C00589,Male,20,1068754,New,36-45
C00590,Male,34,351342,New,36-45
C00591,Male,36,914857,New,36-45
C00592,Male,22,268752,New,18-25
C00593,Male,28,810917,New,36-45
C00594,Female,36,567392,New,46-60
C00595,Male,27,868749,New,18-25
C00596,Female,37,856267,Repeat,26-35
C00597,Male,30,518151,New,26-35
C00598,Male,33,1237795,New,26-35
C00599,Male,41,862952,Repeat,26-35
C00600,Female,47,1030337,New,26-35
C00601,Male,45,520873,New,26-35
C00602,Male,33,252638,Repeat,46-60
C00603,Male,39,832276,New,18-25
C00604,Male,46,517695,New,46-60
C00605,Male,31,365923,Repeat,26-35
C00606,Male,25,522478,New,18-25
C00607,Male,27,1474315,Repeat,18-25
C00608,Female,43,954570,Repeat,46-60
C00609,Male,23,2578204,New,26-35
C00610,Male,34,592861,New,26-35
C00611,Male,24,607845,Repeat,36-45
C00612,Female,21,860223,Repeat,18-25
C00613,Female,23,1017573,Repeat,18-25
C00614,Female,33,940232,New,36-45
C00615,Male,29,522638,Repeat,36-45
C00616,Male,29,464523,New,26-35
C00617,Male,20,585849,New,18-25
C00618,Male,30,806513,Repeat,26-35
C00619,Male,22,461479,New,26-35
C00620,Male,27,705293,Repeat,18-25
C00621,Male,38,547774,New,26-35
C00622,Female,35,291002,New,26-35
C00623,Male,21,655298,New,26-35
C00624,Male,30,446793,Repeat,18-25
C00625,Female,21,228627,New,36-45
C00626,Male,34,767318,New,36-45
C00627,Male,21,519179,Repeat,26-35
C00628,Male,40,632114,Repeat,26-35
C00629,Female,26,268550,New,18-25
C00630,Male,46,1351072,New,26-35
C00631,Male,20,958796,New,26-35
C00632,Male,26,445948,New,36-45
C00633,Female,34,596508,New,18-25
C00634,Male,40,515962,New,26-35
C00635,Male,34,802485,New,26-35
C00636,Male,34,565923,New,18-25
C00637,Male,33,769560,Repeat,18-25
C00638,Male,20,499643,New,46-60
C00639,Female,25,467393,New,26-35
C00640,Male,26,798656,New,26-35
C00641,Male,40,551461,New,26-35
C00642,Male,32,249190,Repeat,26-35
C00643,Male,25,650540,New,26-35
C00644,Male,28,739718,New,26-35
C00645,Male,32,434806,New,26-35
C00646,Female,27,1144461,New,36-45
C00647,Male,37,392976,Repeat,26-35
C00648,Female,31,1164578,New,26-35
C00649,Male,35,709884,New,36-45
C00650,Female,37,529524,Repeat,36-45
C00651,Female,23,418019,New,36-45
C00652,Female,38,1261017,New,26-35
C00653,Male,30,453622,New,36-45
C00654,Male,36,596599,New,18-25
C00655,Female,22,743410,New,26-35
C00656,Male,29,312079,Repeat,36-45
C00657,Female,37,700623,Repeat,18-25
C00658,Male,23,1426937,Repeat,36-45
C00659,Male,28,849153,New,18-25
C00660,Male,26,404043,Repeat,18-25
C00661,Male,32,1404831,New,26-35
C00662,Male,20,1589614,New,26-35
C00663,Female,28,896766,New,46-60
C00664,Male,33,1152318,Repeat,26-35
C00665,Male,34,816345,New,26-35
C00666,Male,43,852288,New,26-35
C00667,Female,20,844700,Repeat,46-60
C00668,Male,20,441332,New,36-45
C00669,Male,20,585057,New,26-35
C00670,Female,39,525823,New,26-35
C00671,Male,40,514707,New,18-25
C00672,Female,20,181726,New,26-35
C00673,Male,34,800088,New,26-35
C00674,Male,32,795619,New,26-35
C00675,Male,21,564749,Repeat,26-35
C00676,Male,28,701822,New,26-35
C00677,Male,32,809412,New,26-35
C00678,Female,40,558725,New,26-35
C00679,Male,27,570786,New,36-45
C00680,Male,26,712619,New,18-25
C00681,Female,21,569898,New,26-35
C00682,Female,45,655404,New,36-45
C00683,Male,41,1236732,Repeat,26-35
C00684,Female,25,1473064,Repeat,18-25
C00685,Female,32,1143258,New,26-35
C00686,Female,29,747303,New,26-35
C00687,Male,36,293801,New,26-35
C00688,Female,30,785088,New,36-45
C00689,Male,41,525062,Repeat,18-25
C00690,Male,44,1052314,New,46-60
C00691,Male,34,387080,New,26-35
C00692,Male,21,572240,New,36-45
C00693,Male,24,587476,New,26-35
C00694,Male,27,493487,Repeat,46-60
C00695,Female,28,517339,Repeat,26-35
C00696,Male,20,1176393,New,18-25
C00697,Male,25,1021512,New,26-35
C00698,Male,31,793396,Repeat,26-35
C00699,Male,29,923345,New,26-35
C00700,Male,34,803110,New,36-45
C00701,Female,20,493963,New,26-35
C00702,Male,20,549112,New,26-35
C00703,Female,33,381168,Repeat,18-25
C00704,Male,27,475516,New,36-45
C00705,Male,43,441508,New,26-35
C00706,Male,22,463300,New,36-45
C00707,Female,35,1007090,New,18-25
C00708,Male,24,1182907,New,18-25
C00709,Male,35,1073755,Repeat,26-35
C00710,Male,49,492273,New,26-35
C00711,Male,40,714328,Repeat,36-45
C00712,Female,32,1155700,New,36-45
C00713,Male,36,469215,Repeat,18-25
C00714,Male,38,796338,New,26-35
C00715,Male,43,982169,New,26-35
C00716,Male,25,899319,New,26-35
C00717,Male,24,894657,New,26-35
C00718,Male,24,1140589,Repeat,26-35
C00719,Male,28,643429,New,18-25
C00720,Male,22,1536267,New,26-35
C00721,Male,32,672961,Repeat,26-35
C00722,Male,31,2363157,New,26-35
C00723,Male,36,583587,New,36-45
C00724,Male,32,281720,Repeat,36-45
C00725,Female,40,1095851,New,18-25
C00726,Male,23,471761,New,26-35
C00727,Male,40,371093,New,18-25
C00728,Male,32,869477,New,36-45
C00729,Male,27,736196,Repeat,26-35
C00730,Female,40,690492,New,26-35
C00731,Male,31,445056,New,26-35
C00732,Male,28,590944,New,18-25
C00733,Male,30,735540,Repeat,46-60
C00734,Male,41,756787,New,26-35
C00735,Male,40,1086597,New,26-35
C00736,Male,32,409682,Repeat,36-45
C00737,Female,30,1058359,New,18-25
C00738,Female,47,411714,New,18-25
C00739,Male,51,486863,New,18-25
C00740,Male,32,432741,New,26-35
C00741,Male,46,644330,New,26-35
C00742,Male,43,841599,New,26-35
C00743,Male,35,429604,New,46-60
C00744,Male,22,1130564,New,36-45
C00745,Female,20,382479,New,18-25
C00746,Male,34,672964,New,26-35
C00747,Male,20,656450,Repeat,26-35
C00748,Male,21,304194,Repeat,26-35
C00749,Male,43,393063,New,18-25
C00750,Male,34,689489,New,26-35
C00751,Male,20,1271106,New,26-35
C00752,Male,35,468365,New,26-35
C00753,Male,38,729034,New,36-45
C00754,Male,24,673263,Repeat,26-35
C00755,Male,24,533169,New,26-35
C00756,Female,35,1270382,New,26-35
C00757,Female,39,790013,New,46-60
C00758,Male,34,207984,Repeat,36-45
C00759,Female,42,626063,New,46-60
C00760,Male,25,542174,New,26-35
C00761,Female,32,498531,New,26-35
C00762,Female,26,627800,Repeat,26-35
C00763,Male,40,505361,Repeat,26-35
C00764,Male,34,1191268,Repeat,26-35
C00765,Male,20,815963,New,18-25
C00766,Female,32,493053,New,26-35
C00767,Male,26,722496,New,18-25
C00768,Male,27,369503,New,26-35
C00769,Female,20,558112,New,26-35
C00770,Female,44,1526529,New,46-60
C00771,Male,47,850097,Repeat,36-45
C00772,Male,27,589089,New,18-25
C00773,Male,20,685941,Repeat,36-45
C00774,Male,38,252000,New,36-45
C00775,Male,22,1441656,New,18-25
C00776,Male,22,515493,Repeat,26-35
C00777,Male,23,1082907,New,18-25
C00778,Male,34,510851,New,26-35
C00779,Female,23,360139,Repeat,26-35
C00780,Male,31,665149,New,26-35
C00781,Female,26,1055772,New,26-35
C00782,Female,34,805059,New,36-45
C00783,Male,28,401613,New,26-35
C00784,Male,23,1353023,New,46-60
C00785,Male,41,384152,New,26-35
C00786,Male,42,1499577,New,26-35
C00787,Female,20,757017,New,26-35
C00788,Male,33,1248780,Repeat,26-35
C00789,Male,36,943505,New,18-25
C00790,Male,26,320998,New,26-35
C00791,Male,30,586646,Repeat,18-25
C00792,Male,36,687015,New,18-25
C00793,Male,37,1687879,New,36-45
C00794,Female,32,1054071,New,36-45
C00795,Female,43,533541,New,18-25
C00796,Male,24,487721,New,26-35
C00797,Male,20,1502984,New,18-25
C00798,Male,31,363178,New,26-35
C00799,Female,41,1106687,Repeat,18-25
C00800,Male,49,334027,New,46-60
C00801,Male,36,551812,New,36-45
C00802,Male,24,470301,Repeat,26-35
C00803,Female,21,914705,Repeat,26-35
C00804,Female,20,539221,New,46-60
C00805,Female,39,474248,Repeat,46-60
C00806,Male,23,571979,Repeat,26-35
C00807,Male,31,336822,New,26-35
C00808,Male,24,916705,New,18-25
C00809,Male,31,672541,Repeat,36-45
C00810,Female,28,767777,New,26-35
C00811,Male,30,468280,New,26-35
C00812,Male,33,715302,Repeat,36-45
C00813,Male,26,786362,Repeat,36-45
C00814,Male,31,254183,New,18-25
C00815,Female,38,492817,New,46-60
C00816,Female,40,369049,Repeat,46-60
C00817,Male,37,536545,Repeat,36-45
C00818,Female,21,940153,New,18-25
C00819,Female,29,1465430,New,18-25
C00820,Male,32,1130165,Repeat,26-35
C00821,Female,24,1825516,Repeat,36-45
C00822,Male,40,1046062,Repeat,36-45
C00823,Female,29,428079,New,46-60
C00824,Male,39,1249688,New,46-60
C00825,Male,38,468072,New,18-25
C00826,Male,34,661641,New,26-35
C00827,Female,20,993384,New,26-35
C00828,Male,29,619628,New,26-35
C00829,Male,42,547357,Repeat,26-35
C00830,Male,21,229225,Repeat,26-35
C00831,Female,38,306267,New,46-60
C00832,Male,27,605018,New,26-35
C00833,Male,34,882519,New,18-25
C00834,Male,33,701064,New,26-35
C00835,Male,21,332498,Repeat,18-25
C00836,Male,41,531270,New,36-45
C00837,Female,40,658245,New,36-45
C00838,Male,33,643515,Repeat,36-45
C00839,Female,32,312765,Repeat,18-25
C00840,Male,23,1168587,New,26-35
C00841,Female,26,1033203,New,26-35
C00842,Male,24,461788,New,26-35
C00843,Male,25,307340,Repeat,46-60
C00844,Male,20,625305,Repeat,18-25
C00845,Male,22,403689,New,36-45
C00846,Male,33,436422,New,46-60
C00847,Male,34,526605,New,46-60
C00848,Male,35,539901,Repeat,18-25
C00849,Female,43,670389,Repeat,36-45
C00850,Male,29,715094,New,26-35
C00851,Male,38,237934,Repeat,18-25
C00852,Female,31,268042,Repeat,26-35
C00853,Male,32,379533,New,26-35
C00854,Male,27,614798,New,46-60
C00855,Male,34,507633,Repeat,26-35
C00856,Male,25,1101298,New,18-25
C00857,Female,33,957944,New,26-35
C00858,Male,39,342624,New,26-35
C00859,Male,27,1106287,New,26-35
C00860,Male,38,350614,Repeat,26-35
C00861,Male,27,826428,Repeat,18-25
C00862,Male,41,394947,Repeat,26-35
C00863,Male,32,501189,New,18-25
C00864,Male,27,455670,Repeat,18-25
C00865,Male,22,636836,Repeat,18-25
C00866,Female,33,1367993,New,26-35
C00867,Female,27,535871,New,26-35
C00868,Female,25,1111345,Repeat,26-35
C00869,Male,29,306596,Repeat,46-60
C00870,Female,20,435427,New,26-35
C00871,Male,36,580067,Repeat,36-45
C00872,Female,24,275440,New,36-45
C00873,Female,32,840591,Repeat,36-45
C00874,Male,26,613049,New,26-35
C00875,Male,25,1162360,New,36-45
C00876,Male,20,717169,Repeat,26-35
C00877,Female,23,202792,New,36-45
C00878,Male,28,314746,New,18-25
C00879,Female,37,380928,New,18-25
C00880,Female,36,1292826,Repeat,46-60
C00881,Male,20,958991,New,36-45
C00882,Female,28,459122,New,26-35
C00883,Male,40,624972,Repeat,18-25
C00884,Male,35,788124,New,18-25
C00885,Male,33,1486407,New,26-35
C00886,Male,30,583588,Repeat,36-45
C00887,Male,35,625909,Repeat,26-35
C00888,Male,26,765381,New,26-35
C00889,Male,21,759726,New,46-60
C00890,Female,33,708522,New,18-25
C00891,Male,39,1281252,New,26-35
C00892,Male,32,254685,Repeat,18-25
C00893,Male,29,448217,New,26-35
C00894,Female,20,911386,Repeat,26-35
C00895,Male,40,441645,New,26-35
C00896,Male,44,764532,New,46-60
C00897,Male,50,770210,New,26-35
C00898,Male,27,864342,New,36-45
C00899,Male,31,479904,New,18-25
C00900,Female,30,500879,New,26-35
C00901,Male,30,507017,New,26-35
C00902,Male,25,563273,New,36-45
C00903,Male,33,1026812,New,26-35
C00904,Female,21,181161,New,26-35
C00905,Male,37,641167,New,26-35
C00906,Male,38,539248,New,18-25
C00907,Male,41,311742,Repeat,46-60
C00908,Male,22,713252,Repeat,26-35
C00909,Female,33,948722,New,18-25
C00910,Female,23,488908,Repeat,36-45
C00911,Female,23,501597,New,26-35
C00912,Male,27,683950,New,18-25
C00913,Female,28,552380,New,26-35
C00914,Female,41,587589,New,26-35
C00915,Female,29,915176,New,46-60
C00916,Female,22,1231759,New,26-35
C00917,Female,39,919274,New,36-45
C00918,Male,29,671489,New,26-35
C00919,Male,40,520639,Repeat,18-25
C00920,Male,40,458131,New,26-35
C00921,Male,24,910915,New,26-35
C00922,Male,27,407100,New,26-35
C00923,Male,44,1019412,Repeat,26-35
C00924,Male,29,650669,New,18-25
C00925,Male,32,637724,New,46-60
C00926,Female,35,1358632,Repeat,26-35
C00927,Female,20,515555,Repeat,18-25
C00928,Male,30,1079737,New,26-35
C00929,Female,29,750268,New,18-25
C00930,Male,31,806653,New,36-45
C00931,Male,23,495328,New,36-45
C00932,Male,20,604673,New,46-60
C00933,Female,20,632346,New,36-45
C00934,Male,33,516888,New,18-25
C00935,Male,30,394807,New,18-25
C00936,Male,34,731846,New,26-35
C00937,Female,38,579418,New,26-35
C00938,Male,20,840505,Repeat,18-25
C00939,Male,20,853238,New,46-60
C00940,Male,31,490355,New,26-35
C00941,Male,20,671989,New,26-35
C00942,Female,37,281538,New,36-45
C00943,Male,28,657283,New,36-45
C00944,Male,33,288655,New,18-25
C00945,Male,51,638246,New,36-45
C00946,Male,33,652507,New,36-45
C00947,Male,27,390749,New,36-45
C00948,Male,42,627515,New,36-45
C00949,Male,24,469862,New,18-25
C00950,Male,32,1746331,Repeat,26-35
C00951,Male,39,710827,Repeat,26-35
C00952,Male,30,435927,Repeat,26-35
C00953,Female,24,370982,Repeat,26-35
C00954,Male,33,264802,New,36-45
C00955,Male,20,375210,New,26-35
C00956,Female,26,420736,New,26-35
C00957,Male,33,663556,Repeat,36-45
C00958,Male,24,712249,New,26-35
C00959,Female,24,883984,New,36-45
C00960,Male,20,591795,Repeat,18-25
C00961,Male,26,392638,New,18-25
C00962,Male,23,455017,New,36-45
C00963,Male,26,371969,Repeat,46-60
C00964,Male,25,903568,New,26-35
C00965,Female,43,659637,Repeat,26-35
C00966,Male,21,1079800,Repeat,18-25
C00967,Male,20,430397,Repeat,26-35
C00968,Male,26,974780,Repeat,36-45
C00969,Female,39,1337842,New,36-45
C00970,Male,20,815201,New,26-35
C00971,Male,32,999113,New,18-25
C00972,Male,30,318936,New,26-35
C00973,Male,21,444373,New,46-60
C00974,Male,34,897053,Repeat,36-45
C00975,Male,27,738769,Repeat,26-35
C00976,Male,26,1670778,New,26-35
C00977,Male,30,452478,New,18-25
C00978,Male,38,869288,New,18-25
C00979,Male,31,1044440,New,26-35
C00980,Male,32,703633,New,18-25
C00981,Male,27,492452,Repeat,26-35
C00982,Male,35,940055,Repeat,26-35
C00983,Female,20,1126534,New,26-35
C00984,Female,39,993493,Repeat,46-60
C00985,Male,41,1177854,New,46-60
C00986,Male,29,951528,New,36-45
C00987,Male,28,1493279,New,26-35
C00988,Male,32,854895,New,18-25
C00989,Male,30,720912,New,36-45
C00990,Male,41,994871,New,18-25
C00991,Male,28,682617,Repeat,36-45
C00992,Male,20,238235,New,36-45
C00993,Female,27,329027,Repeat,26-35
C00994,Male,20,718662,Repeat,36-45
C00995,Male,29,1104887,New,18-25
C00996,Male,34,1274733,New,18-25
C00997,Female,31,490450,New,18-25
C00998,Male,41,740184,New,26-35
C00999,Male,36,1219673,Repeat,36-45
C01000,Male,26,386288,New,36-45
C01001,Male,21,801568,Repeat,26-35
C01002,Male,41,830370,Repeat,18-25
C01003,Male,36,795863,New,26-35
C01004,Male,21,739211,New,26-35
C01005,Male,37,646579,New,36-45
C01006,Male,38,650387,New,26-35
C01007,Male,34,436870,Repeat,26-35
C01008,Female,20,379778,New,26-35
C01009,Male,37,269591,Repeat,26-35
C01010,Male,36,732526,Repeat,26-35
C01011,Male,32,771325,New,26-35
C01012,Female,29,431042,New,18-25
C01013,Male,21,829408,New,46-60
C01014,Male,27,1054078,New,36-45
C01015,Male,39,1257844,New,26-35
C01016,Female,32,994577,Repeat,18-25
C01017,Female,39,1115341,Repeat,36-45
C01018,Male,36,487874,Repeat,46-60
C01019,Male,43,351451,New,26-35
C01020,Male,33,845487,New,26-35
C01021,Female,32,899033,New,36-45
C01022,Male,30,567796,New,36-45
C01023,Male,36,375957,New,18-25
C01024,Female,37,502795,New,26-35
C01025,Female,32,673147,New,36-45
C01026,Male,26,568124,Repeat,26-35
C01027,Female,28,482347,New,26-35
C01028,Male,26,945014,New,18-25
C01029,Male,36,691231,Repeat,26-35
C01030,Male,39,982877,New,26-35
C01031,Male,29,493795,Repeat,26-35
C01032,Female,28,1162171,New,36-45
C01033,Male,44,334392,New,18-25
C01034,Male,28,810083,Repeat,26-35
C01035,Female,20,656600,Repeat,36-45
C01036,Male,42,516153,New,18-25
C01037,Male,21,1808486,New,26-35
C01038,Female,27,1413429,New,36-45
C01039,Male,20,783318,New,36-45
C01040,Female,20,509935,New,26-35
C01041,Male,20,632913,New,46-60
C01042,Male,20,181712,Repeat,36-45
C01043,Male,44,545194,New,18-25
C01044,Female,20,586252,New,46-60
C01045,Male,48,835059,New,26-35
C01046,Male,32,453024,Repeat,26-35
C01047,Female,28,385941,Repeat,26-35
C01048,Female,24,660486,New,26-35
C01049,Female,23,712156,New,26-35
C01050,Female,37,421482,New,26-35
C01051,Female,21,455807,New,36-45
C01052,Male,22,876895,New,26-35
C01053,Male,20,370810,Repeat,36-45
C01054,Female,29,594537,New,18-25
C01055,Male,20,1000965,Repeat,36-45
C01056,Male,35,613435,Repeat,26-35
C01057,Male,34,831654,Repeat,36-45
C01058,Male,31,639010,New,26-35
C01059,Male,45,1009393,Repeat,18-25
C01060,Male,36,683537,Repeat,18-25
C01061,Male,20,1681648,New,36-45
C01062,Male,43,655682,New,26-35
C01063,Male,32,616244,New,46-60
C01064,Male,24,660023,New,36-45
C01065,Female,20,688741,New,26-35
C01066,Male,24,679249,Repeat,36-45
C01067,Male,35,550248,Repeat,18-25
C01068,Female,20,1156779,New,26-35
C01069,Female,37,420775,New,36-45
C01070,Male,23,727249,New,36-45
C01071,Male,27,732475,Repeat,46-60
C01072,Male,36,655693,New,36-45
C01073,Male,20,449845,Repeat,36-45
C01074,Male,20,418487,New,26-35
C01075,Male,30,1250836,New,26-35
C01076,Male,30,732082,New,26-35
C01077,Male,30,611321,New,26-35
C01078,Male,35,633426,New,26-35
C01079,Male,43,578867,Repeat,18-25
C01080,Male,42,538198,New,26-35
C01081,Female,28,783399,New,36-45
C01082,Male,36,573176,New,26-35
C01083,Male,36,594362,New,36-45
C01084,Male,37,381122,New,18-25
C01085,Male,31,1270776,New,26-35
C01086,Male,41,484354,New,18-25
C01087,Female,29,437081,New,36-45
C01088,Male,20,512198,Repeat,36-45
C01089,Male,31,365652,New,46-60
C01090,Male,40,1866119,New,18-25
C01091,Female,25,783656,New,26-35
C01092,Male,25,353973,New,26-35
C01093,Female,26,695674,New,26-35
C01094,Male,21,721810,New,26-35
C01095,Female,28,583943,New,36-45
C01096,Male,25,1004750,New,36-45
C01097,Female,40,854999,Repeat,18-25
C01098,Male,36,525101,New,36-45
C01099,Male,36,601061,New,46-60
C01100,Male,24,375513,New,26-35
C01101,Male,28,420709,Repeat,36-45
C01102,Male,27,411158,New,36-45
C01103,Male,23,852770,New,26-35
C01104,Male,26,1180090,Repeat,26-35
C01105,Female,27,390724,New,36-45
C01106,Female,44,745706,New,18-25
C01107,Male,36,966734,New,18-25
C01108,Male,39,242477,New,36-45
C01109,Female,28,574239,New,46-60
C01110,Female,31,1130559,New,26-35
C01111,Female,20,1158050,New,26-35
C01112,Male,44,1037947,New,36-45
C01113,Male,34,529342,Repeat,36-45
C01114,Female,33,347855,New,46-60
C01115,Male,21,607099,Repeat,26-35
C01116,Female,25,584585,New,36-45
C01117,Female,25,181947,New,26-35
C01118,Male,20,350284,Repeat,26-35
C01119,Male,47,740690,New,46-60
C01120,Male,35,1357067,New,26-35
C01121,Male,55,861728,New,18-25
C01122,Male,30,838839,New,18-25
C01123,Male,33,1449649,New,36-45
C01124,Male,27,530031,New,26-35
C01125,Female,41,1163210,New,18-25
C01126,Male,43,904216,New,18-25
C01127,Female,37,689016,New,26-35
C01128,Male,32,777542,New,26-35
C01129,Male,20,305780,New,18-25
C01130,Male,41,654257,New,46-60
C01131,Male,32,975203,New,26-35
C01132,Male,48,477207,Repeat,26-35
C01133,Male,24,690024,Repeat,36-45
C01134,Male,20,643586,Repeat,36-45
C01135,Female,29,739239,New,36-45
C01136,Male,21,392400,Repeat,18-25
C01137,Male,38,545486,New,26-35
C01138,Female,36,592753,New,46-60
C01139,Male,25,634264,New,18-25
C01140,Female,35,322806,Repeat,36-45
C01141,Male,43,675462,New,18-25
C01142,Male,31,401741,New,36-45
C01143,Male,31,537068,Repeat,26-35
C01144,Female,31,471471,Repeat,26-35
C01145,Male,36,573810,New,26-35
C01146,Male,30,556300,Repeat,46-60
C01147,Male,37,496082,New,18-25
C01148,Male,39,814627,Repeat,36-45
C01149,Male,31,934012,New,18-25
C01150,Male,27,2037938,New,18-25
C01151,Male,36,646379,New,36-45
C01152,Male,20,938749,New,46-60
C01153,Male,28,426353,New,36-45
C01154,Male,28,645839,Repeat,36-45
C01155,Female,28,691618,Repeat,36-45
C01156,Female,20,664858,Repeat,46-60
C01157,Male,27,505644,Repeat,18-25
C01158,Male,39,541106,Repeat,46-60
C01159,Female,37,382783,New,26-35
C01160,Female,35,512259,New,26-35
C01161,Male,31,445907,New,26-35
C01162,Male,33,255541,New,36-45
C01163,Male,23,1222736,Repeat,46-60
C01164,Male,24,391249,New,18-25
C01165,Male,41,414643,New,26-35
C01166,Male,30,654607,Repeat,18-25
C01167,Male,34,719747,New,26-35
C01168,Male,28,715646,New,26-35
C01169,Male,29,1241957,New,36-45
C01170,Male,24,985870,New,46-60
C01171,Male,39,1946389,New,36-45
C01172,Male,22,668490,New,46-60
C01173,Female,37,544355,New,18-25
C01174,Male,33,517401,New,26-35
C01175,Male,26,755703,New,26-35
C01176,Female,27,783756,Repeat,26-35
C01177,Male,25,1376264,New,26-35
C01178,Female,20,1116698,New,18-25
C01179,Female,43,565452,New,36-45
C01180,Female,26,322311,Repeat,36-45
C01181,Male,27,938297,New,26-35
C01182,Male,24,390234,New,26-35
C01183,Female,20,464001,Repeat,36-45
C01184,Male,40,449708,New,26-35
C01185,Male,26,904400,New,36-45
C01186,Male,20,900395,New,36-45
C01187,Male,35,548614,Repeat,18-25
C01188,Male,20,368236,New,36-45
C01189,Female,36,399884,New,36-45
C01190,Female,21,1200498,New,26-35
C01191,Male,25,1216419,New,36-45
C01192,Male,31,914560,Repeat,18-25
C01193,Female,37,418116,Repeat,26-35
C01194,Male,29,443068,New,36-45
C01195,Male,46,340607,New,18-25
C01196,Female,20,588590,New,18-25
C01197,Male,36,677828,New,46-60
C01198,Male,39,714518,Repeat,36-45
C01199,Male,20,474937,New,18-25
C01200,Female,33,1112052,New,26-35
C01201,Male,28,567692,Repeat,46-60
C01202,Male,28,919503,Repeat,26-35
C01203,Male,28,378115,Repeat,26-35
C01204,Male,28,241389,New,36-45
C01205,Male,34,762600,Repeat,26-35
C01206,Male,20,432570,New,46-60
C01207,Male,25,569801,New,18-25
C01208,Male,29,331332,Repeat,36-45
C01209,Male,20,450495,Repeat,18-25
C01210,Male,22,630447,Repeat,36-45
C01211,Male,29,1496683,Repeat,46-60
C01212,Male,35,505861,New,36-45
C01213,Male,36,607258,New,46-60
C01214,Male,41,329091,Repeat,46-60
C01215,Male,28,362177,New,18-25
C01216,Male,31,695183,New,26-35
C01217,Male,34,580691,New,46-60
C01218,Male,20,747805,New,26-35
C01219,Male,31,848599,New,26-35
C01220,Male,29,1075262,New,36-45
C01221,Male,38,459585,New,26-35
C01222,Male,26,382364,New,26-35
C01223,Female,29,220118,Repeat,18-25
C01224,Male,24,292564,New,18-25
C01225,Male,20,928879,New,36-45
C01226,Male,30,1107396,Repeat,26-35
C01227,Male,25,423116,New,46-60
C01228,Female,20,1440360,New,26-35
C01229,Male,46,1085679,New,26-35
C01230,Male,38,1220164,New,26-35
C01231,Female,20,575914,New,26-35
C01232,Male,33,727206,New,26-35
C01233,Male,26,773120,Repeat,18-25
C01234,Male,29,1357642,New,36-45
C01235,Male,35,249160,Repeat,46-60
C01236,Female,20,908950,New,26-35
C01237,Male,42,377324,New,26-35
C01238,Male,29,484791,New,36-45
C01239,Male,35,858682,New,26-35
C01240,Male,27,949346,New,18-25
C01241,Male,24,456664,Repeat,26-35
C01242,Male,36,730273,New,18-25
C01243,Female,34,538641,New,26-35
C01244,Male,25,482643,Repeat,26-35
C01245,Female,31,347803,New,18-25
C01246,Male,41,463981,Repeat,46-60
C01247,Male,34,1167238,New,46-60
C01248,Male,22,554359,New,26-35
C01249,Female,20,1699355,New,26-35
C01250,Female,47,802725,New,26-35
C01251,Male,42,466023,New,26-35
C01252,Female,31,1042066,New,26-35
C01253,Male,32,577259,Repeat,46-60
C01254,Male,31,886698,Repeat,18-25
C01255,Male,27,677758,New,18-25
C01256,Male,23,269392,New,26-35
C01257,Male,33,366316,New,36-45
C01258,Male,40,469274,New,26-35
C01259,Male,20,995863,New,46-60
C01260,Male,24,772140,New,36-45
C01261,Male,20,885423,New,26-35
C01262,Female,29,1005876,Repeat,26-35
C01263,Female,31,348619,Repeat,18-25
C01264,Female,36,1439286,New,26-35
C01265,Male,29,1005779,New,26-35
C01266,Male,34,606506,New,36-45
C01267,Female,30,370346,Repeat,26-35
C01268,Female,24,766656,New,36-45
C01269,Male,32,618326,Repeat,26-35
C01270,Female,47,412985,New,46-60
C01271,Female,28,829866,New,26-35
C01272,Female,37,296677,New,26-35
C01273,Male,39,1025026,Repeat,26-35
C01274,Male,23,452307,Repeat,26-35
C01275,Male,27,724826,Repeat,36-45
C01276,Male,31,334162,New,36-45
C01277,Female,25,900954,New,26-35
C01278,Male,50,663597,New,26-35
C01279,Male,34,526860,New,36-45
C01280,Male,23,557327,New,46-60
C01281,Male,26,466328,New,36-45
C01282,Male,20,602601,New,18-25
C01283,Male,40,1600673,Repeat,46-60
C01284,Female,27,464818,Repeat,36-45
C01285,Male,29,642628,New,26-35
C01286,Male,28,254262,Repeat,36-45
C01287,Female,41,577107,New,26-35
C01288,Male,37,777508,Repeat,36-45
C01289,Female,29,772705,New,26-35
C01290,Male,27,1410842,New,36-45
C01291,Male,28,220234,New,46-60
C01292,Male,29,662712,Repeat,26-35
C01293,Male,32,559306,New,18-25
C01294,Male,33,415844,New,26-35
C01295,Female,31,633900,Repeat,18-25
C01296,Male,30,418883,Repeat,18-25
C01297,Male,20,591569,New,26-35
C01298,Male,35,559939,Repeat,36-45
C01299,Male,38,479441,Repeat,26-35
C01300,Male,23,345435,Repeat,18-25
C01301,Female,25,1580427,New,26-35
C01302,Male,46,603691,New,26-35
C01303,Male,24,851959,New,36-45
C01304,Male,31,889856,New,18-25
C01305,Male,37,366294,Repeat,26-35
C01306,Male,30,1557726,New,26-35
C01307,Female,45,577787,New,18-25
C01308,Male,55,578705,Repeat,46-60
C01309,Male,34,888817,New,36-45
C01310,Male,20,552535,New,18-25
C01311,Male,33,879722,New,26-35
C01312,Male,20,884343,New,26-35
C01313,Male,45,850863,New,46-60
C01314,Male,26,305962,New,36-45
C01315,Male,20,740944,New,36-45
C01316,Male,22,940321,Repeat,26-35
C01317,Male,20,378308,New,46-60
C01318,Male,33,379373,New,26-35
C01319,Male,30,1171551,New,18-25
C01320,Male,32,526041,Repeat,26-35
C01321,Male,23,214665,New,26-35
C01322,Male,40,1129562,New,18-25
C01323,Male,29,716861,New,18-25
C01324,Male,25,713881,New,26-35
C01325,Male,34,1439928,New,18-25
C01326,Male,20,1216310,New,36-45
C01327,Male,20,523176,New,26-35
C01328,Male,29,896899,New,36-45
C01329,Male,40,1318753,Repeat,18-25
C01330,Male,31,1062398,New,36-45
C01331,Male,20,479755,New,26-35
C01332,Male,44,433266,Repeat,26-35
C01333,Male,30,678003,New,26-35
C01334,Male,36,396391,Repeat,18-25
C01335,Female,32,402962,New,26-35
C01336,Female,36,700621,Repeat,18-25
C01337,Female,33,434070,New,26-35
C01338,Male,31,229442,Repeat,26-35
C01339,Male,41,1455673,New,26-35
C01340,Female,31,324399,Repeat,36-45
C01341,Male,22,300138,New,18-25
C01342,Male,32,657467,New,36-45
C01343,Male,36,512609,Repeat,26-35
C01344,Male,27,1637933,New,18-25
C01345,Female,56,972446,Repeat,36-45
C01346,Male,33,497932,Repeat,46-60
C01347,Male,30,548259,New,36-45
C01348,Female,44,860369,Repeat,36-45
C01349,Male,31,407731,New,36-45
C01350,Male,24,662081,Repeat,36-45
C01351,Male,38,374862,New,46-60
C01352,Male,40,375831,New,26-35
C01353,Male,25,409431,Repeat,26-35
C01354,Male,28,318442,Repeat,46-60
C01355,Male,39,597080,New,36-45
C01356,Female,48,709402,New,46-60
C01357,Male,30,1371273,New,46-60
C01358,Male,28,685009,New,18-25
C01359,Male,30,539345,New,26-35
C01360,Male,35,435343,New,26-35
C01361,Male,25,696437,New,36-45
C01362,Male,37,938948,New,26-35
C01363,Male,28,682781,Repeat,26-35
C01364,Male,20,441200,Repeat,36-45
C01365,Male,40,476088,Repeat,26-35
C01366,Female,52,850748,Repeat,18-25
C01367,Male,49,852810,New,36-45
C01368,Male,24,1064990,Repeat,18-25
C01369,Male,28,826762,Repeat,36-45
C01370,Male,44,459483,New,46-60
C01371,Male,36,1156463,New,18-25
C01372,Male,43,750747,Repeat,18-25
C01373,Male,20,483584,New,46-60
C01374,Male,33,638308,Repeat,18-25
C01375,Male,34,725894,New,26-35
C01376,Male,31,906126,New,18-25
C01377,Male,36,720228,New,18-25
C01378,Female,21,760851,New,26-35
C01379,Female,21,762548,New,36-45
C01380,Male,34,438836,New,26-35
C01381,Female,24,967221,Repeat,18-25
C01382,Male,24,714538,Repeat,36-45
C01383,Male,20,942926,New,36-45
C01384,Male,45,660261,New,26-35
C01385,Male,31,656387,New,18-25
C01386,Male,30,884010,Repeat,18-25
C01387,Male,41,1756546,New,36-45
C01388,Male,24,439283,New,46-60
C01389,Male,25,556634,Repeat,36-45
C01390,Male,29,430033,New,26-35
C01391,Male,20,970175,New,36-45
C01392,Female,40,606481,New,26-35
C01393,Female,20,544001,New,26-35
C01394,Male,43,964388,Repeat,26-35
C01395,Male,25,620941,Repeat,26-35
C01396,Male,30,1155549,New,26-35
C01397,Male,38,878494,New,26-35
C01398,Male,20,524540,New,18-25
C01399,Female,20,1029782,New,26-35
C01400,Male,49,1506177,New,26-35
C01401,Female,48,281266,New,36-45
C01402,Male,27,361371,New,18-25
C01403,Male,42,654940,New,36-45
C01404,Male,30,1514614,Repeat,26-35
C01405,Female,25,438368,New,46-60
C01406,Male,33,551898,New,36-45
C01407,Male,39,223869,New,26-35
C01408,Male,24,764461,New,26-35
C01409,Male,24,837200,Repeat,26-35
C01410,Female,26,813200,Repeat,26-35
C01411,Male,21,445387,New,26-35
C01412,Male,27,240950,New,46-60
C01413,Male,27,396677,New,36-45
C01414,Female,29,746730,New,26-35
C01415,Female,47,763692,New,18-25
C01416,Male,28,907589,New,26-35
C01417,Female,30,529389,Repeat,26-35
C01418,Female,21,666810,Repeat,36-45
C01419,Male,23,867317,Repeat,26-35
C01420,Female,42,564074,New,36-45
C01421,Male,34,1013792,New,26-35
C01422,Male,28,499379,New,46-60
C01423,Male,33,507323,New,46-60
C01424,Female,20,1009568,New,36-45
C01425,Male,47,456293,New,36-45
C01426,Male,49,512318,Repeat,26-35
C01427,Male,34,798424,New,26-35
C01428,Male,26,858800,Repeat,26-35
C01429,Male,20,897540,Repeat,18-25
C01430,Male,36,532088,Repeat,46-60
C01431,Male,27,1466139,Repeat,18-25
C01432,Female,29,603463,Repeat,36-45
C01433,Male,20,408078,New,26-35
C01434,Female,20,904594,New,46-60
C01435,Male,30,557105,New,26-35
C01436,Female,20,331073,Repeat,36-45
C01437,Male,35,342284,New,26-35
C01438,Male,24,536416,New,36-45
C01439,Female,34,692627,New,36-45
C01440,Male,29,1065597,Repeat,26-35
C01441,Male,28,356127,Repeat,46-60
C01442,Female,26,614026,New,18-25
C01443,Female,44,639463,New,26-35
C01444,Female,20,481968,New,18-25
C01445,Male,20,730832,New,36-45
C01446,Female,28,815575,New,46-60
C01447,Male,42,408444,New,46-60
C01448,Male,20,754559,Repeat,26-35
C01449,Male,34,610872,New,46-60
C01450,Male,21,449059,Repeat,18-25
C01451,Male,35,441296,New,36-45
C01452,Male,25,200099,New,18-25
C01453,Male,25,1480552,Repeat,36-45
C01454,Male,20,613545,New,26-35
C01455,Female,27,497219,New,26-35
C01456,Male,28,1005812,New,26-35
C01457,Male,40,382289,New,18-25
C01458,Female,27,367128,New,36-45
C01459,Male,26,550197,New,18-25
C01460,Male,35,482232,New,26-35
C01461,Male,53,743370,New,36-45
C01462,Male,29,742183,Repeat,26-35
C01463,Male,20,912602,New,26-35
C01464,Female,29,345099,New,18-25
C01465,Female,45,789229,New,18-25
C01466,Male,38,1106351,New,26-35
C01467,Male,22,874507,Repeat,36-45
C01468,Male,39,578739,Repeat,26-35
C01469,Male,35,475213,Repeat,18-25
C01470,Male,21,1234047,Repeat,26-35
C01471,Female,35,2038864,New,26-35
C01472,Male,28,628449,Repeat,36-45
C01473,Female,38,297022,New,18-25
C01474,Female,31,452993,Repeat,18-25
C01475,Female,35,482784,New,26-35
C01476,Male,25,940213,New,18-25
C01477,Male,26,520935,New,26-35
C01478,Male,20,600102,New,26-35
C01479,Female,36,541537,Repeat,26-35
C01480,Male,34,464340,New,18-25
C01481,Female,29,686552,Repeat,26-35
C01482,Female,36,1221550,New,36-45
C01483,Male,36,632893,New,36-45
C01484,Male,32,1160911,New,46-60
C01485,Male,36,848629,New,26-35
C01486,Male,32,1093539,New,26-35
C01487,Male,25,663258,Repeat,18-25
C01488,Male,28,324543,Repeat,26-35
C01489,Male,35,1149466,New,26-35
C01490,Male,42,491248,New,18-25
C01491,Male,34,338102,New,18-25
C01492,Male,38,785833,New,46-60
C01493,Male,38,302443,New,18-25
C01494,Male,36,1002346,New,36-45
C01495,Female,30,851836,New,26-35
C01496,Male,20,587340,New,26-35
C01497,Female,23,249329,New,26-35
C01498,Female,33,1251274,New,26-35
C01499,Male,24,464450,New,26-35
C01500,Male,24,544488,New,18-25
C01501,Male,28,317020,New,26-35
C01502,Male,24,480931,New,18-25
C01503,Female,35,1467946,New,36-45
C01504,Male,25,756700,New,46-60
C01505,Male,34,424647,Repeat,26-35
C01506,Female,37,489488,New,26-35
C01507,Male,20,706243,New,26-35
C01508,Female,20,590070,Repeat,18-25
C01509,Female,41,1158681,New,26-35
C01510,Male,38,922044,New,26-35
C01511,Male,34,521413,New,46-60
C01512,Male,31,693298,New,26-35
C01513,Female,22,420776,New,36-45
C01514,Male,29,801805,New,36-45
C01515,Male,22,1097246,Repeat,46-60
C01516,Male,40,608433,New,18-25
C01517,Male,40,221472,New,36-45
C01518,Female,39,1236344,New,26-35
C01519,Male,32,1253653,New,36-45
C01520,Male,39,626715,New,36-45
C01521,Male,22,1372603,Repeat,26-35
C01522,Female,24,587813,New,26-35
C01523,Male,20,319340,New,26-35
C01524,Male,35,817564,Repeat,36-45
C01525,Male,30,1036143,Repeat,36-45
C01526,Male,20,544616,New,26-35
C01527,Male,36,537383,New,18-25
C01528,Male,26,599556,Repeat,36-45
C01529,Male,29,330046,Repeat,36-45
C01530,Female,47,697927,New,26-35
C01531,Male,32,780613,New,26-35
C01532,Male,48,737958,Repeat,36-45
C01533,Male,29,380662,Repeat,26-35
C01534,Male,37,752039,Repeat,46-60
C01535,Female,29,550688,Repeat,18-25
C01536,Male,40,652575,New,26-35
C01537,Male,27,893271,New,26-35
C01538,Male,30,529917,Repeat,36-45
C01539,Male,48,432052,Repeat,26-35
C01540,Male,23,432190,New,26-35
C01541,Male,33,522629,New,26-35
C01542,Male,34,340969,New,26-35
C01543,Female,27,541946,New,26-35
C01544,Male,30,508949,New,36-45
C01545,Female,26,469957,Repeat,18-25
C01546,Male,20,646412,New,18-25
C01547,Male,33,1478334,New,36-45
C01548,Male,34,382788,New,26-35
C01549,Male,30,615649,New,36-45
C01550,Female,50,791301,New,26-35
C01551,Female,36,688250,New,26-35
C01552,Female,31,298979,New,18-25
C01553,Male,37,859659,New,26-35
C01554,Female,46,729610,New,26-35
C01555,Male,24,895106,Repeat,36-45
C01556,Male,20,529605,New,18-25
C01557,Male,24,950890,New,46-60
C01558,Male,25,596999,New,26-35
C01559,Male,20,275434,New,26-35
C01560,Male,21,795837,New,46-60
C01561,Male,27,829333,New,26-35
C01562,Male,38,666289,Repeat,36-45
C01563,Male,28,418230,New,26-35
C01564,Female,20,1187575,New,46-60
C01565,Male,36,469286,New,36-45
C01566,Male,39,364407,New,26-35
C01567,Male,27,721093,Repeat,18-25
C01568,Male,34,470709,New,18-25
C01569,Male,22,655751,Repeat,26-35
C01570,Male,32,647179,Repeat,26-35
C01571,Male,28,563386,Repeat,26-35
C01572,Male,41,1001355,New,26-35
C01573,Female,25,582945,New,18-25
C01574,Male,28,891684,New,26-35
C01575,Male,24,370091,Repeat,26-35
C01576,Female,52,679048,New,26-35
C01577,Female,27,847238,New,36-45
C01578,Male,32,827854,New,46-60
C01579,Male,27,641211,New,18-25
C01580,Male,46,1097510,Repeat,36-45
C01581,Male,25,1402645,New,26-35
C01582,Male,28,480437,New,26-35
C01583,Male,27,632334,Repeat,36-45
C01584,Male,38,1053741,New,26-35
C01585,Male,28,648975,New,26-35
C01586,Female,36,585108,Repeat,26-35
C01587,Male,42,1188152,New,46-60
C01588,Female,37,903619,New,18-25
C01589,Female,48,190620,New,26-35
C01590,Male,26,659617,Repeat,18-25
C01591,Male,43,1356056,New,46-60
C01592,Male,20,511643,New,26-35
C01593,Female,25,725095,New,26-35
C01594,Female,20,457056,Repeat,26-35
C01595,Female,33,798094,New,26-35
C01596,Male,37,506322,New,26-35
C01597,Female,39,351123,New,36-45
C01598,Male,32,298947,New,26-35
C01599,Female,38,1415379,New,18-25
C01600,Male,32,425962,New,26-35
C01601,Female,20,856005,New,26-35
C01602,Male,36,1143107,New,18-25
C01603,Female,23,1265688,Repeat,26-35
C01604,Male,24,484744,New,26-35
C01605,Female,20,666713,New,46-60
C01606,Female,31,959442,New,26-35
C01607,Male,20,409450,New,26-35
C01608,Male,23,345082,New,26-35
C01609,Female,20,965440,New,26-35
C01610,Male,20,762169,New,46-60
C01611,Male,20,430191,New,36-45
C01612,Male,45,551506,Repeat,36-45
C01613,Male,27,548363,Repeat,26-35
C01614,Male,27,637082,New,46-60
C01615,Male,41,670827,New,26-35
C01616,Female,35,679708,New,26-35
C01617,Male,34,824066,New,26-35
C01618,Male,31,305082,New,36-45
C01619,Male,27,1294929,New,36-45
C01620,Female,36,907284,New,26-35
C01621,Female,20,552139,New,18-25
C01622,Male,33,633462,New,26-35
C01623,Male,30,457279,New,36-45
C01624,Female,27,581695,New,26-35
C01625,Male,25,1047813,New,26-35
C01626,Male,33,553045,Repeat,46-60
C01627,Male,51,1422023,New,26-35
C01628,Female,32,659856,Repeat,36-45
C01629,Female,47,536531,New,46-60
C01630,Male,45,334064,Repeat,26-35
C01631,Male,32,1380304,Repeat,26-35
C01632,Male,20,1092894,New,26-35
C01633,Male,44,675430,New,26-35
C01634,Male,39,233549,New,18-25
C01635,Male,20,645558,Repeat,26-35
C01636,Female,22,1389041,New,36-45
C01637,Female,34,617104,Repeat,18-25
C01638,Male,23,415030,Repeat,18-25
C01639,Male,29,554609,New,36-45
C01640,Male,30,654410,New,18-25
C01641,Female,40,1036733,Repeat,18-25
C01642,Female,36,1474198,New,26-35
C01643,Male,37,638047,New,36-45
C01644,Female,34,1198296,Repeat,18-25
C01645,Male,28,630819,New,46-60
C01646,Male,32,446549,New,36-45
C01647,Female,29,893696,New,36-45
C01648,Female,22,630629,New,36-45
C01649,Male,30,643489,New,36-45
C01650,Male,40,404054,Repeat,26-35
C01651,Male,30,958401,New,26-35
C01652,Male,31,538312,New,36-45
C01653,Male,21,459872,Repeat,18-25
C01654,Male,34,180000,New,36-45
C01655,Male,30,623173,New,26-35
C01656,Male,32,270706,New,36-45
C01657,Male,20,418623,New,18-25
C01658,Female,36,616477,New,36-45
C01659,Female,36,1259747,New,26-35
C01660,Male,54,900538,New,46-60
C01661,Male,28,527524,Repeat,26-35
C01662,Male,26,782388,Repeat,18-25
C01663,Male,20,449762,Repeat,26-35
C01664,Female,23,688062,New,26-35
C01665,Female,23,882824,New,26-35
C01666,Male,24,876216,Repeat,36-45
C01667,Male,28,1289735,New,26-35
C01668,Male,32,667252,New,36-45
C01669,Female,40,694029,New,46-60
C01670,Male,35,777157,Repeat,18-25
C01671,Male,37,557245,New,36-45
C01672,Female,28,748764,Repeat,26-35
C01673,Male,28,1118715,New,26-35
C01674,Female,42,693008,New,36-45
C01675,Male,37,403677,Repeat,26-35
C01676,Male,20,1105405,Repeat,46-60
C01677,Male,28,301712,Repeat,46-60
C01678,Male,37,431274,New,18-25
C01679,Male,23,180000,Repeat,26-35
C01680,Male,20,828706,New,26-35
C01681,Male,20,699275,New,36-45
C01682,Male,27,741926,New,26-35
C01683,Male,32,300393,Repeat,26-35
C01684,Female,20,1278193,Repeat,26-35
C01685,Female,29,1099638,Repeat,18-25
C01686,Male,22,1029371,New,36-45
C01687,Male,24,827869,New,26-35
C01688,Female,26,640694,Repeat,26-35
C01689,Male,26,276373,New,18-25
C01690,Male,27,859695,Repeat,36-45
C01691,Male,41,394337,Repeat,26-35
C01692,Male,20,709743,Repeat,36-45
C01693,Male,28,860154,New,26-35
C01694,Female,40,799876,New,18-25
C01695,Male,31,233240,New,18-25
C01696,Male,26,1690910,New,46-60
C01697,Female,31,331931,New,46-60
C01698,Male,25,237011,New,26-35
C01699,Male,32,375513,New,36-45
C01700,Male,21,802567,Repeat,26-35
C01701,Male,20,423013,Repeat,36-45
C01702,Female,30,455376,New,46-60
C01703,Female,29,847281,New,26-35
C01704,Male,41,857885,New,18-25
C01705,Male,20,361699,New,18-25
C01706,Male,35,638425,Repeat,36-45
C01707,Female,42,1175115,New,26-35
C01708,Female,36,1384173,New,36-45
C01709,Male,20,865886,New,36-45
C01710,Male,41,645490,New,18-25
C01711,Male,29,513192,Repeat,36-45
C01712,Male,33,299611,New,46-60
C01713,Male,26,809849,New,36-45
C01714,Female,22,658774,New,26-35
C01715,Male,30,224979,New,26-35
C01716,Female,40,877636,New,26-35
C01717,Male,38,1046119,Repeat,18-25
C01718,Female,34,701596,New,26-35
C01719,Female,29,479273,New,26-35
C01720,Male,38,728947,New,18-25
C01721,Male,25,749803,New,18-25
C01722,Male,27,635873,New,26-35
C01723,Male,28,423039,Repeat,26-35
C01724,Male,20,776084,New,26-35
C01725,Male,31,325223,Repeat,18-25
C01726,Male,39,811082,New,26-35
C01727,Female,36,420270,New,36-45
C01728,Male,22,552381,New,46-60
C01729,Male,31,459918,New,18-25
C01730,Male,38,506901,New,26-35
C01731,Female,24,329309,Repeat,26-35
C01732,Male,39,559428,New,26-35
C01733,Female,32,1379333,Repeat,26-35
C01734,Male,38,867681,New,18-25
C01735,Male,20,478153,New,36-45
C01736,Male,24,465379,New,26-35
C01737,Male,24,511469,Repeat,26-35
C01738,Male,38,975543,Repeat,36-45
C01739,Male,26,512522,New,36-45
C01740,Female,42,604809,New,36-45
C01741,Male,21,969028,Repeat,26-35
C01742,Male,24,567993,Repeat,26-35
C01743,Female,23,451137,New,26-35
C01744,Male,29,755157,Repeat,46-60
C01745,Male,35,482972,New,26-35
C01746,Male,29,1241590,Repeat,26-35
C01747,Male,20,1179511,Repeat,46-60
C01748,Male,43,725264,New,26-35
C01749,Male,28,653626,New,26-35
C01750,Male,32,857307,Repeat,36-45
C01751,Male,28,572624,New,36-45
C01752,Female,36,1216017,New,18-25
C01753,Female,26,892325,Repeat,36-45
C01754,Male,23,1844399,New,26-35
C01755,Male,37,1082764,New,36-45
C01756,Female,51,299209,New,26-35
C01757,Female,37,431295,Repeat,46-60
C01758,Male,39,410953,New,36-45
C01759,Male,40,295025,New,46-60
C01760,Female,31,487825,New,18-25
C01761,Male,20,886026,Repeat,26-35
C01762,Female,20,562871,New,26-35
C01763,Male,20,686856,New,18-25
C01764,Female,29,506281,New,26-35
C01765,Female,20,1003102,New,36-45
C01766,Male,31,695830,New,36-45
C01767,Male,38,988181,Repeat,36-45
C01768,Male,30,588485,New,46-60
C01769,Male,39,557371,New,18-25
C01770,Male,36,575564,New,26-35
C01771,Female,20,519073,New,26-35
C01772,Male,23,670711,Repeat,36-45
C01773,Male,29,562832,New,18-25
C01774,Female,47,565983,Repeat,46-60
C01775,Male,20,1004840,New,26-35
C01776,Male,20,830505,New,26-35
C01777,Male,25,516336,Repeat,36-45
C01778,Male,21,900777,New,26-35
C01779,Male,27,2491949,Repeat,18-25
C01780,Male,26,777856,Repeat,46-60
C01781,Male,30,476775,New,36-45
C01782,Male,32,804997,New,26-35
C01783,Male,20,862909,New,36-45
C01784,Male,20,507679,Repeat,18-25
C01785,Male,29,841992,New,26-35
C01786,Male,34,383266,Repeat,18-25
C01787,Female,41,885357,Repeat,36-45
C01788,Male,29,829616,New,18-25
C01789,Male,28,583378,New,18-25
C01790,Female,25,802260,Repeat,36-45
C01791,Male,33,907843,Repeat,26-35
C01792,Female,23,692884,New,26-35
C01793,Male,43,756469,New,18-25
C01794,Female,29,1198766,New,26-35
C01795,Female,20,382439,New,26-35
C01796,Male,20,794057,New,36-45
C01797,Female,31,1368524,Repeat,36-45
C01798,Female,20,1009302,New,26-35
C01799,Female,25,625122,New,26-35
C01800,Male,30,1717417,New,36-45
C01801,Male,42,523095,New,18-25
C01802,Female,39,547824,New,26-35
C01803,Male,23,934006,Repeat,26-35
C01804,Male,23,899950,New,26-35
C01805,Male,26,467391,Repeat,26-35
C01806,Male,32,445245,Repeat,18-25
C01807,Male,34,569302,New,36-45
C01808,Male,40,642934,Repeat,46-60
C01809,Male,35,359129,New,18-25
C01810,Male,33,446378,New,18-25
C01811,Male,37,633303,New,36-45
C01812,Female,31,1275479,New,36-45
C01813,Male,24,424423,Repeat,26-35
C01814,Female,25,465851,Repeat,26-35
C01815,Male,26,1863302,Repeat,18-25
C01816,Male,20,423757,New,26-35
C01817,Male,31,388454,New,18-25
C01818,Male,27,1277743,Repeat,36-45
C01819,Male,20,492780,New,26-35
C01820,Male,29,598551,New,18-25
C01821,Female,28,767963,Repeat,36-45
C01822,Male,25,472933,New,26-35
C01823,Male,23,524558,Repeat,18-25
C01824,Female,31,570950,New,18-25
C01825,Female,37,695329,New,26-35
C01826,Male,23,676959,Repeat,46-60
C01827,Female,45,777935,New,26-35
C01828,Female,20,696652,New,36-45
C01829,Male,42,786959,Repeat,26-35
C01830,Male,20,722547,New,26-35
C01831,Male,36,608295,New,26-35
C01832,Male,40,1096776,Repeat,36-45
C01833,Male,30,499715,New,26-35
C01834,Female,21,266559,New,46-60
C01835,Female,49,550043,New,26-35
C01836,Female,20,367208,Repeat,18-25
C01837,Male,29,426347,New,18-25
C01838,Male,29,653091,New,26-35
C01839,Female,27,612580,Repeat,36-45
C01840,Female,38,424559,New,46-60
C01841,Male,31,590336,New,26-35
C01842,Male,23,853052,New,46-60
C01843,Male,27,333644,New,36-45
C01844,Male,36,1374796,Repeat,18-25
C01845,Male,25,927051,New,36-45
C01846,Male,32,407805,Repeat,46-60
C01847,Female,26,184783,New,26-35
C01848,Male,44,899803,Repeat,26-35
C01849,Male,24,581139,Repeat,36-45
C01850,Male,27,1076539,New,26-35
C01851,Male,31,983718,Repeat,26-35
C01852,Female,31,357864,Repeat,36-45
C01853,Female,22,955926,Repeat,18-25
C01854,Male,31,1018585,New,18-25
C01855,Male,31,1388132,New,26-35
C01856,Male,26,453186,New,46-60
C01857,Male,27,471955,New,18-25
C01858,Male,35,867543,New,46-60
C01859,Male,35,970638,New,26-35
C01860,Male,29,356832,New,36-45
C01861,Female,27,981113,New,36-45
C01862,Female,27,1738105,New,26-35
C01863,Male,20,665386,Repeat,36-45
C01864,Male,38,416881,New,26-35
C01865,Male,20,575858,New,26-35
C01866,Female,58,881302,Repeat,18-25
C01867,Male,22,277667,Repeat,26-35
C01868,Female,39,720586,New,36-45
C01869,Male,20,507331,New,26-35
C01870,Female,37,402018,New,18-25
C01871,Male,32,846547,New,18-25
C01872,Male,26,545725,New,26-35
C01873,Male,20,905246,New,18-25
C01874,Female,24,1083553,New,26-35
C01875,Male,45,683412,New,26-35
C01876,Male,25,275659,New,26-35
C01877,Male,44,746370,New,36-45
C01878,Male,29,1034494,Repeat,26-35
C01879,Male,32,498142,New,18-25
C01880,Male,23,2189044,New,36-45
C01881,Male,33,707537,Repeat,36-45
C01882,Male,24,520692,New,26-35
C01883,Male,43,816377,New,36-45
C01884,Male,29,582563,Repeat,36-45
C01885,Male,36,617264,New,36-45
C01886,Female,23,353605,Repeat,46-60
C01887,Female,28,1122710,New,26-35
C01888,Male,20,754867,Repeat,36-45
C01889,Male,34,521334,New,26-35
C01890,Male,34,919362,New,18-25
C01891,Male,20,616290,New,46-60
C01892,Male,20,534224,Repeat,36-45
C01893,Female,31,1061220,New,26-35
C01894,Female,32,216730,Repeat,18-25
C01895,Male,27,402482,New,46-60
C01896,Female,31,746076,New,26-35
C01897,Female,52,1110105,New,26-35
C01898,Male,34,616615,Repeat,36-45
C01899,Female,34,314403,New,46-60
C01900,Male,32,1097969,Repeat,26-35
C01901,Male,20,1372540,New,18-25
C01902,Male,29,1022348,New,18-25
C01903,Male,37,411260,Repeat,26-35
C01904,Male,26,516690,Repeat,36-45
C01905,Male,21,792308,New,46-60
C01906,Male,37,432405,New,26-35
C01907,Male,37,428201,Repeat,18-25
C01908,Female,32,709600,New,36-45
C01909,Male,21,526362,New,46-60
C01910,Male,32,443164,New,36-45
C01911,Male,32,414776,Repeat,36-45
C01912,Male,23,490682,New,36-45
C01913,Female,31,320184,Repeat,26-35
C01914,Male,24,245686,New,26-35
C01915,Male,34,851108,New,26-35
C01916,Male,30,1298377,New,18-25
C01917,Male,25,899301,New,26-35
C01918,Male,28,640568,New,26-35
C01919,Male,23,786924,New,36-45
C01920,Male,41,419890,New,36-45
C01921,Male,36,488782,New,26-35
C01922,Male,51,530454,Repeat,26-35
C01923,Male,26,489322,New,36-45
C01924,Female,26,849005,New,46-60
C01925,Male,39,1001893,New,18-25
C01926,Female,23,1160687,New,36-45
C01927,Male,29,600066,New,26-35
C01928,Male,28,715025,Repeat,18-25
C01929,Male,28,517658,Repeat,26-35
C01930,Male,41,894658,Repeat,36-45
C01931,Male,38,706947,New,26-35
C01932,Female,25,647326,New,36-45
C01933,Female,27,651763,Repeat,26-35
C01934,Male,27,564939,New,26-35
C01935,Female,31,803310,New,26-35
C01936,Female,30,1096987,New,18-25
C01937,Female,33,1059235,Repeat,18-25
C01938,Male,20,655360,Repeat,26-35
C01939,Male,45,806963,Repeat,26-35
C01940,Male,29,780233,New,18-25
C01941,Male,32,1356203,New,26-35
C01942,Female,20,862948,New,26-35
C01943,Female,23,680396,New,18-25
C01944,Male,42,311248,Repeat,18-25
C01945,Male,37,502574,Repeat,18-25
C01946,Male,27,1041716,New,18-25
C01947,Male,27,565054,New,26-35
C01948,Male,35,1084605,New,26-35
C01949,Male,40,571406,New,36-45
C01950,Female,32,602993,New,18-25
C01951,Male,50,618912,Repeat,26-35
C01952,Female,24,887793,New,26-35
C01953,Female,21,509119,New,18-25
C01954,Male,43,1088865,New,26-35
C01955,Female,27,699530,New,46-60
C01956,Male,35,492621,New,36-45
C01957,Male,28,1043899,New,36-45
C01958,Male,33,267824,New,36-45
C01959,Male,28,581616,New,18-25
C01960,Male,35,610933,New,36-45
C01961,Female,36,625960,New,26-35
C01962,Female,37,1374391,New,26-35
C01963,Male,40,1153019,Repeat,26-35
C01964,Female,28,975464,Repeat,26-35
C01965,Male,41,1978815,New,26-35
C01966,Male,37,753100,New,26-35
C01967,Male,32,675870,Repeat,46-60
C01968,Male,35,711769,Repeat,36-45
C01969,Male,20,388472,New,26-35
C01970,Female,43,498942,Repeat,26-35
C01971,Female,32,609687,New,36-45
C01972,Male,32,781398,Repeat,18-25
C01973,Male,20,301642,New,18-25
C01974,Female,39,838775,New,26-35
C01975,Male,38,940502,Repeat,36-45
C01976,Male,29,548469,New,26-35
C01977,Male,29,901690,New,26-35
C01978,Male,20,488029,Repeat,46-60
C01979,Male,22,324987,Repeat,26-35
C01980,Male,32,967922,New,46-60
C01981,Male,28,259024,Repeat,36-45
C01982,Female,35,548942,New,36-45
C01983,Male,32,587381,New,36-45
C01984,Male,21,843434,New,26-35
C01985,Male,44,706377,Repeat,26-35
C01986,Male,42,349739,Repeat,36-45
C01987,Female,22,245454,Repeat,26-35
C01988,Male,40,384857,New,26-35
C01989,Female,33,865092,Repeat,46-60
C01990,Male,36,472203,New,26-35
C01991,Female,38,547520,New,26-35
C01992,Female,21,287128,New,46-60
C01993,Male,35,409831,New,26-35
C01994,Male,34,865032,New,18-25
C01995,Male,30,335917,Repeat,36-45
C01996,Female,32,754326,New,26-35
C01997,Male,31,689233,Repeat,46-60
C01998,Male,34,1189391,Repeat,18-25
C01999,Male,21,996250,New,18-25
C02000,Male,35,371184,New,36-45
C02001,Female,29,257958,New,26-35
C02002,Female,42,848460,Repeat,36-45
C02003,Male,22,560788,New,18-25
C02004,Male,27,878363,New,26-35
C02005,Male,25,622180,Repeat,46-60
C02006,Male,20,287227,Repeat,26-35
C02007,Male,42,572655,New,26-35
C02008,Male,31,351503,Repeat,26-35
C02009,Female,23,460963,New,26-35
C02010,Male,35,485491,New,26-35
C02011,Male,32,1091018,Repeat,46-60
C02012,Male,33,613507,New,36-45
C02013,Male,23,425394,New,26-35
C02014,Male,35,745454,New,46-60
C02015,Male,25,528487,New,18-25
C02016,Male,27,460561,New,36-45
C02017,Male,24,962673,Repeat,18-25
C02018,Female,29,737959,New,26-35
C02019,Male,36,1363453,New,36-45
C02020,Male,22,614753,New,26-35
C02021,Male,32,348859,New,18-25
C02022,Male,28,703814,New,26-35
C02023,Male,34,1194874,New,46-60
C02024,Male,42,1488894,New,46-60
C02025,Male,26,282078,Repeat,18-25
C02026,Female,29,706373,Repeat,18-25
C02027,Male,20,865792,Repeat,26-35
C02028,Male,21,553430,Repeat,26-35
C02029,Female,28,567801,New,18-25
C02030,Female,36,324309,New,18-25
C02031,Male,32,720737,Repeat,26-35
C02032,Male,25,1181881,Repeat,26-35
C02033,Male,36,487903,Repeat,26-35
C02034,Male,29,1376047,New,26-35
C02035,Male,35,1234098,New,26-35
C02036,Male,30,680417,New,36-45
C02037,Male,41,815308,Repeat,36-45
C02038,Male,34,271197,New,36-45
C02039,Male,40,575230,New,26-35
C02040,Male,20,695016,New,18-25
C02041,Male,29,438972,Repeat,26-35
C02042,Male,32,1340238,New,46-60
C02043,Male,41,684662,New,36-45
C02044,Male,30,583574,New,46-60
C02045,Male,41,607809,New,46-60
C02046,Male,32,742499,New,26-35
C02047,Female,24,182506,Repeat,26-35
C02048,Male,34,391148,New,46-60
C02049,Male,29,434774,Repeat,36-45
C02050,Male,29,617231,New,36-45
C02051,Female,22,878074,New,26-35
C02052,Male,23,841363,Repeat,26-35
C02053,Male,33,1097100,New,26-35
C02054,Male,28,386598,New,36-45
C02055,Male,36,641812,New,36-45
C02056,Male,47,1593064,New,26-35
C02057,Male,33,908363,New,36-45
C02058,Male,20,373786,New,36-45
C02059,Male,42,474467,New,18-25
C02060,Male,37,795211,New,26-35
C02061,Female,31,468204,New,36-45
C02062,Female,45,828801,New,46-60
C02063,Female,28,421272,Repeat,26-35
C02064,Female,43,902464,New,36-45
C02065,Male,20,402833,New,46-60
C02066,Male,35,669114,Repeat,36-45
C02067,Male,38,1338757,Repeat,36-45
C02068,Female,20,511750,New,36-45
C02069,Female,23,646865,New,26-35
C02070,Female,29,523735,New,26-35
C02071,Female,32,839019,New,26-35
C02072,Male,33,841484,New,26-35
C02073,Female,28,1594678,New,26-35
C02074,Male,33,758220,New,26-35
C02075,Female,21,1316024,Repeat,36-45
C02076,Male,41,511280,New,18-25
C02077,Male,37,586503,New,46-60
C02078,Female,29,630946,New,26-35
C02079,Male,28,612784,New,18-25
C02080,Male,30,1341581,New,46-60
C02081,Female,33,808356,New,26-35
C02082,Male,43,1228220,New,46-60
C02083,Female,28,1153398,New,18-25
C02084,Male,22,301817,Repeat,26-35
C02085,Male,25,692290,Repeat,26-35
C02086,Female,20,428826,Repeat,26-35
C02087,Male,35,871725,New,36-45
C02088,Male,23,539649,Repeat,18-25
C02089,Male,25,408531,New,26-35
C02090,Male,27,490193,New,46-60
C02091,Female,25,633549,New,36-45
C02092,Female,35,306419,Repeat,26-35
C02093,Female,27,260015,Repeat,18-25
C02094,Male,30,395022,New,18-25
C02095,Female,34,693834,New,26-35
C02096,Male,24,1382588,New,18-25
C02097,Male,22,949648,New,36-45
C02098,Male,53,580432,New,18-25
C02099,Male,26,767863,Repeat,26-35
C02100,Male,29,273221,Repeat,26-35
C02101,Male,41,978604,New,26-35
C02102,Male,27,777364,New,26-35
C02103,Female,31,413009,Repeat,26-35
C02104,Female,32,208982,Repeat,46-60
C02105,Male,46,677590,New,26-35
C02106,Male,46,415418,New,18-25
C02107,Male,28,537418,Repeat,26-35
C02108,Female,32,402866,New,26-35
C02109,Female,44,812072,New,36-45
C02110,Male,32,1034369,New,36-45
C02111,Female,29,356100,New,26-35
C02112,Male,28,414968,New,26-35
C02113,Male,33,500737,New,18-25
C02114,Male,27,541434,New,26-35
C02115,Male,36,458534,Repeat,36-45
C02116,Female,42,565439,New,26-35
C02117,Female,30,502146,Repeat,46-60
C02118,Male,23,673094,Repeat,18-25
C02119,Male,38,719243,Repeat,18-25
C02120,Female,35,559830,Repeat,26-35
C02121,Male,31,407554,Repeat,36-45
C02122,Male,27,746983,New,26-35
C02123,Male,20,414066,Repeat,46-60
C02124,Male,28,1185570,Repeat,26-35
C02125,Male,26,522464,Repeat,18-25
C02126,Male,24,409688,New,36-45
C02127,Male,20,647011,New,36-45
C02128,Male,25,766584,Repeat,36-45
C02129,Female,44,476472,Repeat,26-35
C02130,Female,29,640920,New,26-35
C02131,Male,33,763596,New,46-60
C02132,Male,36,544552,New,26-35
C02133,Male,37,401667,New,18-25
C02134,Female,21,536472,New,18-25
C02135,Male,23,640078,New,36-45
C02136,Male,21,434947,Repeat,46-60
C02137,Female,38,820097,New,46-60
C02138,Female,37,656793,Repeat,26-35
C02139,Male,32,349792,Repeat,18-25
C02140,Male,37,447394,New,26-35
C02141,Female,22,771815,New,46-60
C02142,Male,20,580546,New,26-35
C02143,Male,29,439009,New,18-25
C02144,Female,27,906897,New,36-45
C02145,Female,29,592307,New,46-60
C02146,Male,39,593675,Repeat,46-60
C02147,Female,37,559464,New,26-35
C02148,Female,42,281497,Repeat,26-35
C02149,Male,20,1664958,New,26-35
C02150,Female,33,1329861,New,26-35
C02151,Male,32,1091457,New,26-35
C02152,Female,29,1112986,New,26-35
C02153,Male,27,461115,New,36-45
C02154,Female,31,1375106,New,18-25
C02155,Female,35,675262,New,26-35
C02156,Male,30,901625,Repeat,36-45
C02157,Male,27,267006,New,46-60
C02158,Male,38,580928,New,18-25
C02159,Male,34,1260994,New,26-35
C02160,Male,29,541779,New,26-35
C02161,Male,20,768233,New,36-45
C02162,Male,21,792953,Repeat,36-45
C02163,Male,22,1411806,Repeat,36-45
C02164,Female,37,526625,New,26-35
C02165,Female,30,644965,New,36-45
C02166,Female,42,614240,Repeat,26-35
C02167,Female,48,398002,New,46-60
C02168,Male,27,1604849,New,26-35
C02169,Male,40,472694,New,36-45
C02170,Male,34,680953,New,26-35
C02171,Male,29,668641,New,26-35
C02172,Male,27,188969,New,26-35
C02173,Male,29,470774,New,26-35
C02174,Male,20,733743,New,36-45
C02175,Male,33,1328293,New,36-45
C02176,Male,41,1083961,New,26-35
C02177,Female,28,507322,New,26-35
C02178,Male,32,547926,New,26-35
C02179,Male,46,345233,Repeat,26-35
C02180,Female,27,279783,New,26-35
C02181,Female,21,1083906,New,36-45
C02182,Male,32,970991,New,26-35
C02183,Female,33,651388,New,26-35
C02184,Male,47,622150,New,18-25
C02185,Male,42,627719,New,18-25
C02186,Male,20,769160,Repeat,18-25
C02187,Female,29,334882,Repeat,36-45
C02188,Female,39,881495,New,36-45
C02189,Male,20,956278,New,36-45
C02190,Female,30,737730,New,36-45
C02191,Male,27,617638,New,18-25
C02192,Male,32,774148,New,36-45
C02193,Male,44,1008399,New,46-60
C02194,Male,27,348604,Repeat,36-45
C02195,Male,27,585753,New,26-35
C02196,Male,30,741704,Repeat,26-35
C02197,Male,24,712464,Repeat,26-35
C02198,Female,40,332551,New,26-35
C02199,Male,37,1268830,New,26-35
C02200,Male,22,881882,New,18-25
C02201,Female,30,795296,New,26-35
C02202,Female,35,493255,New,46-60
C02203,Female,34,373961,Repeat,46-60
C02204,Male,24,568030,New,36-45
C02205,Male,34,427331,New,36-45
C02206,Male,41,609330,Repeat,18-25
C02207,Female,35,397734,New,26-35
C02208,Female,20,707364,Repeat,18-25
C02209,Male,43,593939,New,18-25
C02210,Female,22,756297,New,26-35
C02211,Male,20,360995,Repeat,36-45
C02212,Male,32,567472,Repeat,26-35
C02213,Male,31,2253366,New,26-35
C02214,Female,28,1327831,New,36-45
C02215,Female,32,801656,Repeat,26-35
C02216,Male,22,751772,New,36-45
C02217,Male,20,923926,Repeat,18-25
C02218,Male,37,755866,Repeat,18-25
C02219,Male,42,768240,Repeat,26-35
C02220,Male,30,381680,Repeat,26-35
C02221,Male,20,859222,Repeat,18-25
C02222,Male,32,1008682,Repeat,26-35
C02223,Male,22,510917,Repeat,26-35
C02224,Male,29,712971,New,26-35
C02225,Female,36,549988,New,36-45
C02226,Male,24,528648,New,26-35
C02227,Female,24,509746,Repeat,36-45
C02228,Male,22,450502,New,26-35
C02229,Male,43,932568,New,26-35
C02230,Male,22,1185002,New,26-35
C02231,Male,27,815532,Repeat,26-35
C02232,Male,25,605859,Repeat,36-45
C02233,Male,26,396015,New,46-60
C02234,Female,35,1638135,Repeat,36-45
C02235,Female,21,1276205,New,46-60
C02236,Male,34,564992,Repeat,18-25
C02237,Male,42,674243,New,46-60
C02238,Male,46,352340,Repeat,26-35
C02239,Male,29,636871,New,18-25
C02240,Male,21,795074,New,18-25
C02241,Male,24,530608,New,36-45
C02242,Male,28,589682,New,46-60
C02243,Male,25,449120,New,36-45
C02244,Male,38,767730,New,26-35
C02245,Male,39,1323337,Repeat,26-35
C02246,Female,32,1004797,New,36-45
C02247,Female,29,937398,Repeat,18-25
C02248,Female,22,719885,Repeat,18-25
C02249,Male,32,420495,New,26-35
C02250,Female,24,584882,Repeat,36-45
C02251,Male,26,846224,New,36-45
C02252,Female,31,687225,New,26-35
C02253,Male,24,612350,Repeat,26-35
C02254,Male,47,1481784,New,26-35
C02255,Male,40,540762,New,36-45
C02256,Female,23,421838,New,18-25
C02257,Female,42,916201,Repeat,26-35
C02258,Male,22,456700,Repeat,26-35
C02259,Male,30,1409326,New,26-35
C02260,Female,23,891225,Repeat,26-35
C02261,Male,26,1269391,Repeat,46-60
C02262,Male,22,294415,New,36-45
C02263,Male,29,911809,New,26-35
C02264,Female,23,459484,New,26-35
C02265,Male,25,947607,New,36-45
C02266,Female,20,473229,Repeat,26-35
C02267,Male,32,443247,New,36-45
C02268,Female,39,457245,New,36-45
C02269,Male,26,1253090,New,46-60
C02270,Male,22,798883,New,26-35
C02271,Female,31,1420012,Repeat,26-35
C02272,Female,32,579484,New,26-35
C02273,Female,37,449530,New,36-45
C02274,Male,35,509478,New,18-25
C02275,Male,34,416717,New,18-25
C02276,Male,31,589599,New,26-35
C02277,Female,33,838600,Repeat,36-45
C02278,Male,20,865722,New,26-35
C02279,Male,26,467677,New,26-35
C02280,Male,32,723642,New,26-35
C02281,Female,28,590714,New,26-35
C02282,Male,38,799202,Repeat,26-35
C02283,Male,23,532116,New,26-35
C02284,Male,33,1315611,Repeat,26-35
C02285,Male,41,437392,New,26-35
C02286,Male,20,418061,Repeat,36-45
C02287,Female,47,592020,New,26-35
C02288,Male,42,711449,Repeat,26-35
C02289,Male,20,426953,Repeat,46-60
C02290,Female,35,619320,New,36-45
C02291,Male,45,269218,Repeat,18-25
C02292,Male,34,790130,New,26-35
C02293,Male,20,899540,New,18-25
C02294,Male,34,190922,New,18-25
C02295,Male,36,700397,Repeat,18-25
C02296,Male,24,574695,New,26-35
C02297,Male,20,474209,Repeat,26-35
C02298,Female,26,448382,New,26-35
C02299,Male,29,385045,Repeat,36-45
C02300,Male,31,442478,New,36-45
C02301,Male,20,758116,Repeat,26-35
C02302,Male,20,602458,Repeat,26-35
C02303,Female,35,214078,New,18-25
C02304,Male,45,978925,Repeat,26-35
C02305,Male,46,404439,New,26-35
C02306,Male,36,858734,New,18-25
C02307,Male,29,489232,Repeat,36-45
C02308,Male,32,1685021,Repeat,26-35
C02309,Female,30,418080,Repeat,18-25
C02310,Male,28,838409,Repeat,36-45
C02311,Female,42,1515218,Repeat,36-45
C02312,Female,34,666339,New,36-45
C02313,Male,20,648871,New,26-35
C02314,Male,28,779072,Repeat,26-35
C02315,Male,24,263873,New,36-45
C02316,Male,41,594437,New,36-45
C02317,Male,34,1412831,New,26-35
C02318,Male,38,379207,Repeat,26-35
C02319,Male,33,272019,Repeat,18-25
C02320,Male,40,598111,New,26-35
C02321,Female,28,913516,New,18-25
C02322,Male,27,819766,New,26-35
C02323,Male,37,1228905,New,46-60
C02324,Female,26,1016827,Repeat,18-25
C02325,Male,24,845129,New,46-60
C02326,Female,36,577649,New,26-35
C02327,Male,24,660249,New,46-60
C02328,Male,37,778449,New,46-60
C02329,Male,33,364759,Repeat,18-25
C02330,Female,31,775238,New,26-35
C02331,Female,31,761980,Repeat,36-45
C02332,Male,30,652704,New,18-25
C02333,Male,24,401616,New,18-25
C02334,Male,31,575298,New,26-35
C02335,Male,28,1132266,Repeat,36-45
C02336,Male,46,420997,New,46-60
C02337,Male,37,659943,Repeat,26-35
C02338,Male,31,513826,New,36-45
C02339,Male,37,483714,New,46-60
C02340,Male,40,306755,New,46-60
C02341,Female,23,1384105,New,26-35
C02342,Female,32,813318,New,36-45
C02343,Male,30,672065,New,36-45
C02344,Male,32,630692,New,18-25
C02345,Male,22,529005,Repeat,46-60
C02346,Male,27,264067,New,26-35
C02347,Male,36,999144,New,46-60
C02348,Male,32,327251,New,26-35
C02349,Male,20,733481,Repeat,26-35
C02350,Male,28,686834,New,18-25
C02351,Male,45,836543,New,18-25
C02352,Male,20,1438194,Repeat,46-60
C02353,Male,24,334985,New,36-45
C02354,Male,32,842086,Repeat,26-35
C02355,Male,21,470461,New,18-25
C02356,Male,49,996672,New,26-35
C02357,Male,29,505806,New,36-45
C02358,Male,20,1123830,Repeat,26-35
C02359,Male,38,935838,New,26-35
C02360,Male,30,627414,Repeat,26-35
C02361,Male,25,593992,New,36-45
C02362,Male,31,704177,New,18-25
C02363,Female,54,806298,New,46-60
C02364,Male,39,777326,Repeat,36-45
C02365,Female,27,528724,New,26-35
C02366,Female,39,370322,New,26-35
C02367,Male,29,985030,New,36-45
C02368,Male,28,509404,New,36-45
C02369,Male,39,994053,New,18-25
C02370,Female,26,2125040,New,26-35
C02371,Male,23,478276,New,26-35
C02372,Male,24,1094753,Repeat,26-35
C02373,Male,29,709124,New,26-35
C02374,Male,23,1092018,Repeat,26-35
C02375,Male,34,827153,New,26-35
C02376,Female,35,671304,New,26-35
C02377,Male,32,320736,New,18-25
C02378,Female,22,477738,Repeat,26-35
C02379,Male,31,432793,New,36-45
C02380,Male,43,1184731,Repeat,46-60
C02381,Male,20,688219,New,26-35
C02382,Male,23,650065,New,36-45
C02383,Male,45,878600,New,26-35
C02384,Male,27,694019,New,26-35
C02385,Female,31,267874,New,36-45
C02386,Male,27,938224,New,36-45
C02387,Male,30,594698,New,26-35
C02388,Male,20,706148,New,46-60
C02389,Male,35,544363,New,36-45
C02390,Male,27,895694,New,26-35
C02391,Male,20,407852,New,36-45
C02392,Female,30,1200622,New,18-25
C02393,Male,24,1758302,Repeat,46-60
C02394,Male,41,873366,New,36-45
C02395,Male,20,255426,New,18-25
C02396,Male,22,789856,New,26-35
C02397,Male,32,363982,New,18-25
C02398,Male,27,239618,New,26-35
C02399,Female,30,690046,New,26-35
C02400,Male,30,946596,Repeat,36-45
C02401,Male,35,526767,Repeat,36-45
C02402,Male,40,481883,New,18-25
C02403,Male,29,756978,New,46-60
C02404,Female,40,480395,New,26-35
C02405,Female,33,711116,New,36-45
C02406,Female,41,277717,New,36-45
C02407,Male,38,717037,New,36-45
C02408,Male,41,471374,New,26-35
C02409,Male,27,850164,New,26-35
C02410,Male,24,380367,New,18-25
C02411,Female,25,1456619,Repeat,18-25
C02412,Female,24,719677,Repeat,26-35
C02413,Male,22,916305,Repeat,18-25
C02414,Male,27,307215,New,46-60
C02415,Male,29,460740,New,36-45
C02416,Male,42,725839,New,26-35
C02417,Female,20,1939126,New,26-35
C02418,Male,20,516637,Repeat,26-35
C02419,Male,32,713823,New,18-25
C02420,Male,29,922955,New,26-35
C02421,Female,25,351166,Repeat,26-35
C02422,Male,39,624602,Repeat,26-35
C02423,Male,37,1430822,Repeat,18-25
C02424,Female,35,254429,New,36-45
C02425,Female,21,542843,New,26-35
C02426,Male,29,506439,New,26-35
C02427,Male,20,547816,Repeat,36-45
C02428,Male,31,910499,Repeat,26-35
C02429,Male,35,644316,New,18-25
C02430,Male,36,472554,New,46-60
C02431,Male,24,461384,Repeat,36-45
C02432,Male,20,394708,New,18-25
C02433,Male,29,344589,New,18-25
C02434,Male,43,414407,New,26-35
C02435,Male,28,903572,New,36-45
C02436,Male,29,425536,New,26-35
C02437,Male,37,524319,New,26-35
C02438,Female,26,648982,Repeat,18-25
C02439,Female,41,1141570,Repeat,26-35
C02440,Male,43,989080,New,26-35
C02441,Male,47,932767,Repeat,26-35
C02442,Male,46,716531,New,18-25
C02443,Female,47,1200320,New,26-35
C02444,Male,25,934914,Repeat,26-35
C02445,Male,29,1034946,Repeat,36-45
C02446,Female,28,519724,New,26-35
C02447,Male,30,1011141,Repeat,36-45
C02448,Female,31,1126911,New,26-35
C02449,Male,30,1250641,Repeat,18-25
C02450,Female,25,719681,New,26-35
C02451,Male,38,964312,New,18-25
C02452,Female,20,768475,Repeat,26-35
C02453,Male,34,519133,New,26-35
C02454,Male,42,738800,New,26-35
C02455,Male,24,899061,Repeat,46-60
C02456,Male,26,497426,New,46-60
C02457,Male,36,967609,Repeat,36-45
C02458,Male,27,592143,New,18-25
C02459,Male,40,975115,New,26-35
C02460,Male,24,459722,New,26-35
C02461,Male,27,800235,New,26-35
C02462,Male,30,1260471,New,36-45
C02463,Female,33,358916,Repeat,36-45
C02464,Female,42,270333,Repeat,46-60
C02465,Male,23,434469,Repeat,18-25
C02466,Male,37,1057396,New,26-35
C02467,Female,34,755847,Repeat,26-35
C02468,Female,30,823065,New,26-35
C02469,Male,23,409916,Repeat,18-25
C02470,Male,23,511259,New,26-35
C02471,Male,48,603300,New,26-35
C02472,Male,30,758688,New,26-35
C02473,Male,20,467109,Repeat,46-60
C02474,Female,44,352206,Repeat,26-35
C02475,Male,26,771446,New,18-25
C02476,Male,22,591676,New,26-35
C02477,Male,32,662609,New,36-45
C02478,Male,20,874720,New,26-35
C02479,Male,33,847401,Repeat,26-35
C02480,Female,24,1775566,New,26-35
C02481,Male,29,993594,New,26-35
C02482,Male,33,690245,New,36-45
C02483,Female,28,532115,New,18-25
C02484,Female,36,409592,Repeat,26-35
C02485,Male,31,908991,New,18-25
C02486,Male,37,498859,Repeat,26-35
C02487,Male,36,593730,Repeat,26-35
C02488,Male,38,709666,Repeat,36-45
C02489,Male,33,698477,New,18-25
C02490,Male,26,537439,New,18-25
C02491,Female,20,1080249,New,46-60
C02492,Male,21,789780,Repeat,26-35
C02493,Male,27,576708,New,46-60
C02494,Male,29,458270,Repeat,46-60
C02495,Male,27,719392,New,26-35
C02496,Female,35,313001,New,36-45
C02497,Male,20,679782,Repeat,36-45
C02498,Male,26,841405,New,18-25
C02499,Female,29,599491,New,26-35
C02500,Male,30,789824,New,18-25
C02501,Male,20,770632,Repeat,26-35
C02502,Male,30,956909,Repeat,18-25
C02503,Male,33,477807,Repeat,46-60
C02504,Male,42,306246,Repeat,36-45
C02505,Female,29,761499,New,26-35
C02506,Male,26,938110,New,26-35
C02507,Male,41,368224,New,18-25
C02508,Female,41,561038,New,26-35
C02509,Male,24,1005981,New,18-25
C02510,Male,25,709604,New,18-25
C02511,Male,43,406570,New,36-45
C02512,Male,41,640399,Repeat,36-45
C02513,Male,31,824744,Repeat,36-45
C02514,Female,30,699604,New,26-35
C02515,Female,26,403774,New,26-35
C02516,Male,23,723062,New,18-25
C02517,Male,26,507780,Repeat,26-35
C02518,Female,31,547149,New,26-35
C02519,Female,34,1399432,Repeat,36-45
C02520,Male,39,974354,New,36-45
C02521,Male,35,293560,Repeat,18-25
C02522,Male,33,1096813,New,26-35
C02523,Male,21,354655,Repeat,18-25
C02524,Male,21,1259878,New,36-45
C02525,Male,38,1069251,New,26-35
C02526,Male,30,540653,New,36-45
C02527,Male,22,388599,Repeat,26-35
C02528,Male,41,419650,New,26-35
C02529,Male,42,1119170,New,18-25
C02530,Male,38,755546,New,36-45
C02531,Male,39,744918,New,18-25
C02532,Male,28,704419,New,26-35
C02533,Male,30,691423,Repeat,18-25
C02534,Female,39,831957,Repeat,26-35
C02535,Male,24,696563,New,26-35
C02536,Male,28,952711,New,26-35
C02537,Male,21,1498997,New,36-45
C02538,Female,34,498529,New,26-35
C02539,Female,33,779015,Repeat,26-35
C02540,Female,39,613850,New,18-25
C02541,Male,28,1000100,New,18-25
C02542,Male,30,307741,Repeat,26-35
C02543,Male,51,1724883,New,18-25
C02544,Male,33,498622,Repeat,46-60
C02545,Male,31,293208,Repeat,36-45
C02546,Female,29,1084645,New,18-25
C02547,Female,27,1295760,New,36-45
C02548,Female,41,627192,Repeat,26-35
C02549,Female,29,452714,New,36-45
C02550,Female,24,882439,New,36-45
C02551,Male,31,271772,New,26-35
C02552,Male,26,502103,New,36-45
C02553,Male,38,699767,Repeat,36-45
C02554,Male,45,519221,Repeat,36-45
C02555,Male,37,462394,New,18-25
C02556,Female,36,921521,New,26-35
C02557,Male,24,806844,New,18-25
C02558,Male,48,558652,New,26-35
C02559,Male,24,467999,New,26-35
C02560,Male,36,985973,New,36-45
C02561,Male,31,594723,Repeat,36-45
C02562,Male,20,373726,New,18-25
C02563,Female,24,403792,New,46-60
C02564,Male,25,244197,New,18-25
C02565,Male,20,564521,New,26-35
C02566,Male,24,360706,New,46-60
C02567,Female,37,552596,Repeat,36-45
C02568,Male,38,780242,New,46-60
C02569,Male,34,746996,Repeat,26-35
C02570,Male,34,980532,New,46-60
C02571,Male,20,895566,Repeat,36-45
C02572,Male,35,1066512,New,18-25
C02573,Male,31,1841990,Repeat,18-25
C02574,Male,30,515434,Repeat,26-35
C02575,Male,40,796432,New,36-45
C02576,Male,20,828236,New,36-45
C02577,Male,33,676365,Repeat,26-35
C02578,Male,25,741364,Repeat,36-45
C02579,Male,31,505714,Repeat,36-45
C02580,Male,29,870518,New,36-45
C02581,Male,20,387341,New,36-45
C02582,Female,22,305012,New,26-35
C02583,Female,30,365817,New,26-35
C02584,Female,29,604667,Repeat,46-60
C02585,Male,25,924203,Repeat,26-35
C02586,Male,35,572976,New,36-45
C02587,Male,28,1024204,Repeat,46-60
C02588,Male,24,476276,New,18-25
C02589,Male,25,607524,New,36-45
C02590,Female,25,399755,Repeat,26-35
C02591,Male,32,551113,Repeat,26-35
C02592,Female,25,261128,Repeat,18-25
C02593,Male,26,657828,Repeat,26-35
C02594,Female,32,855298,Repeat,18-25
C02595,Male,26,349599,New,26-35
C02596,Female,30,837671,Repeat,36-45
C02597,Male,30,335506,New,26-35
C02598,Male,29,1154348,Repeat,18-25
C02599,Male,43,630404,New,26-35
C02600,Male,27,942440,New,18-25
C02601,Male,25,310731,New,26-35
C02602,Male,46,943943,New,36-45
C02603,Male,27,872609,New,26-35
C02604,Female,28,684010,New,26-35
C02605,Male,29,1150678,Repeat,36-45
C02606,Male,27,1233643,Repeat,26-35
C02607,Male,27,986845,Repeat,26-35
C02608,Male,28,523687,New,26-35
C02609,Male,42,540425,Repeat,18-25
C02610,Female,24,704989,Repeat,36-45
C02611,Female,24,2326741,Repeat,46-60
C02612,Male,27,482146,New,36-45
C02613,Male,34,817798,New,36-45
C02614,Male,39,554865,Repeat,26-35
C02615,Male,28,812992,Repeat,26-35
C02616,Male,28,925449,Repeat,26-35
C02617,Male,20,711357,New,18-25
C02618,Male,33,776089,Repeat,26-35
C02619,Male,26,450321,Repeat,26-35
C02620,Female,43,707067,New,36-45
C02621,Male,37,557134,Repeat,26-35
C02622,Male,32,333346,Repeat,26-35
C02623,Male,34,985209,New,46-60
C02624,Male,34,817142,New,18-25
C02625,Male,21,687861,New,26-35
C02626,Male,39,648789,Repeat,18-25
C02627,Female,26,1235449,New,18-25
C02628,Female,26,753613,New,26-35
C02629,Male,39,536124,Repeat,36-45
C02630,Male,26,425269,New,26-35
C02631,Male,31,571121,Repeat,26-35
C02632,Male,20,2023310,New,26-35
C02633,Male,31,486600,New,18-25
C02634,Male,26,400209,New,26-35
C02635,Female,33,598552,New,26-35
C02636,Male,34,430180,New,18-25
C02637,Male,37,569569,Repeat,26-35
C02638,Male,29,419866,New,18-25
C02639,Male,32,344386,New,36-45
C02640,Female,50,767187,New,26-35
C02641,Male,36,604883,New,46-60
C02642,Female,43,180000,Repeat,26-35
C02643,Female,30,551376,Repeat,46-60
C02644,Male,32,1012977,Repeat,36-45
C02645,Female,24,673750,New,26-35
C02646,Male,42,1062749,Repeat,26-35
C02647,Female,28,370563,Repeat,36-45
C02648,Male,31,463035,Repeat,36-45
C02649,Male,33,180000,New,26-35
C02650,Male,20,453453,New,26-35
C02651,Male,25,328118,New,36-45
C02652,Male,40,816569,New,36-45
C02653,Male,44,491383,New,36-45
C02654,Male,26,411928,New,26-35
C02655,Female,41,763475,New,46-60
C02656,Female,20,1305564,Repeat,36-45
C02657,Female,29,346778,New,36-45
C02658,Male,40,741612,New,18-25
C02659,Male,39,977368,New,26-35
C02660,Male,29,413842,New,26-35
C02661,Male,37,907414,New,46-60
C02662,Male,26,825824,New,26-35
C02663,Male,29,1001300,Repeat,46-60
C02664,Male,28,1565244,Repeat,18-25
C02665,Male,31,462625,New,26-35
C02666,Male,30,616920,New,36-45
C02667,Male,29,1195975,New,18-25
C02668,Female,33,308565,New,26-35
C02669,Male,33,549420,Repeat,26-35
C02670,Female,34,724929,New,26-35
C02671,Male,32,622284,New,26-35
C02672,Male,31,399292,New,18-25
C02673,Female,27,1041849,New,26-35
C02674,Male,28,444939,Repeat,18-25
C02675,Male,20,249275,New,18-25
C02676,Male,25,1071919,Repeat,36-45
C02677,Male,33,1077853,New,36-45
C02678,Male,41,507105,New,26-35
C02679,Male,20,639757,New,26-35
C02680,Male,20,716040,Repeat,26-35
C02681,Male,41,486907,Repeat,36-45
C02682,Female,38,785497,New,26-35
C02683,Male,42,505057,New,18-25
C02684,Male,22,940900,Repeat,26-35
C02685,Male,25,447727,New,26-35
C02686,Female,30,758673,Repeat,26-35
C02687,Male,23,855988,New,36-45
C02688,Male,31,618928,Repeat,26-35
C02689,Male,29,1716529,New,46-60
C02690,Male,40,791389,New,36-45
C02691,Male,38,219680,New,26-35
C02692,Male,35,1357876,New,26-35
C02693,Female,39,646256,New,36-45
C02694,Male,44,595662,New,26-35
C02695,Male,28,638121,New,26-35
C02696,Male,33,490955,New,18-25
C02697,Male,35,357160,Repeat,26-35
C02698,Male,30,555308,New,36-45
C02699,Male,20,496478,New,18-25
C02700,Male,28,737031,New,26-35
C02701,Male,25,1688086,New,26-35
C02702,Male,35,288171,New,26-35
C02703,Female,39,704203,New,26-35
C02704,Female,22,730544,Repeat,46-60
C02705,Female,35,1009170,New,26-35
C02706,Male,27,671975,New,18-25
C02707,Male,37,354309,Repeat,26-35
C02708,Male,27,731067,New,26-35
C02709,Female,35,958811,Repeat,26-35
C02710,Female,38,927761,New,36-45
C02711,Male,31,333886,New,26-35
C02712,Male,24,378646,New,26-35
C02713,Male,20,631441,New,18-25
C02714,Male,42,777011,New,36-45
C02715,Male,32,620773,New,26-35
C02716,Male,24,663732,New,36-45
C02717,Male,28,652401,New,26-35
C02718,Female,33,338479,New,26-35
C02719,Male,24,449241,Repeat,46-60
C02720,Male,32,344505,New,26-35
C02721,Male,30,347753,Repeat,36-45
C02722,Female,31,969849,New,26-35
C02723,Male,40,687007,New,26-35
C02724,Female,27,424465,Repeat,18-25
C02725,Male,36,713488,New,26-35
C02726,Male,40,279061,New,46-60
C02727,Female,20,2080946,New,18-25
C02728,Female,26,926456,New,18-25
C02729,Female,20,673544,New,46-60
C02730,Female,26,824566,New,36-45
C02731,Male,33,1120827,New,26-35
C02732,Male,34,383219,New,18-25
C02733,Female,20,1148519,New,26-35
C02734,Male,44,401521,Repeat,46-60
C02735,Female,44,226362,Repeat,36-45
C02736,Male,39,527769,Repeat,26-35
C02737,Male,32,695181,New,26-35
C02738,Male,30,738587,New,36-45
C02739,Female,32,470814,Repeat,18-25
C02740,Male,33,558531,New,36-45
C02741,Female,42,786111,New,36-45
C02742,Male,33,330482,New,46-60
C02743,Female,25,644551,New,36-45
C02744,Male,41,678292,New,26-35
C02745,Male,32,532970,New,18-25
C02746,Male,37,821558,New,26-35
C02747,Female,48,600813,New,36-45
C02748,Male,36,699225,New,36-45
C02749,Male,30,646732,New,26-35
C02750,Male,29,1611604,New,36-45
C02751,Male,37,826607,Repeat,26-35
C02752,Male,32,807431,New,26-35
C02753,Female,26,953846,Repeat,26-35
C02754,Male,40,513515,Repeat,26-35
C02755,Male,32,591606,Repeat,26-35
C02756,Male,23,1014853,New,36-45
C02757,Male,39,694904,Repeat,36-45
C02758,Male,28,397820,New,26-35
C02759,Male,22,883397,Repeat,26-35
C02760,Female,25,701829,New,26-35
C02761,Female,31,743512,New,18-25
C02762,Male,30,673923,New,26-35
C02763,Male,27,255094,New,26-35
C02764,Female,20,772664,New,18-25
C02765,Male,39,630004,New,26-35
C02766,Male,34,536628,New,36-45
C02767,Male,37,734378,Repeat,36-45
C02768,Male,25,702916,New,36-45
C02769,Male,35,668373,New,26-35
C02770,Female,42,914569,Repeat,36-45
C02771,Male,29,495476,New,18-25
C02772,Male,20,1130893,Repeat,26-35
C02773,Female,22,1232448,New,36-45
C02774,Male,26,1185325,New,26-35
C02775,Female,33,717397,New,18-25
C02776,Male,29,507090,New,18-25
C02777,Male,31,1109994,Repeat,36-45
C02778,Male,43,2446303,New,46-60
C02779,Female,29,536531,New,36-45
C02780,Male,49,955461,New,18-25
C02781,Male,37,953897,New,26-35
C02782,Male,20,624387,New,26-35
C02783,Male,31,972979,Repeat,26-35
C02784,Male,23,459108,New,18-25
C02785,Male,39,612467,Repeat,18-25
C02786,Male,33,378049,New,36-45
C02787,Male,20,530457,New,26-35
C02788,Male,27,361467,New,36-45
C02789,Male,43,936332,New,26-35
C02790,Male,24,868529,Repeat,26-35
C02791,Male,25,938630,Repeat,36-45
C02792,Male,35,1526254,Repeat,26-35
C02793,Male,38,555659,New,36-45
C02794,Female,40,582066,Repeat,26-35
C02795,Female,38,316629,Repeat,18-25
C02796,Female,21,217765,New,26-35
C02797,Male,31,539021,Repeat,36-45
C02798,Female,20,359798,New,26-35
C02799,Male,27,816638,New,26-35
C02800,Female,25,918424,New,26-35
C02801,Male,20,429761,New,26-35
C02802,Male,38,839008,New,26-35
C02803,Male,32,504814,New,36-45
C02804,Female,36,304258,New,36-45
C02805,Female,37,922724,Repeat,18-25
C02806,Male,33,595199,Repeat,26-35
C02807,Male,29,530661,Repeat,36-45
C02808,Male,30,1892174,New,26-35
C02809,Male,20,317601,New,26-35
C02810,Male,41,458541,New,36-45
C02811,Female,30,484742,New,26-35
C02812,Female,37,886645,New,26-35
C02813,Female,20,463748,New,26-35
C02814,Female,43,470080,New,26-35
C02815,Male,35,1126919,New,18-25
C02816,Male,41,602082,New,46-60
C02817,Male,34,1002398,New,18-25
C02818,Male,28,494520,New,18-25
C02819,Male,34,391779,New,26-35
C02820,Male,24,581295,Repeat,46-60
C02821,Male,36,722198,New,46-60
C02822,Male,33,485848,New,26-35
C02823,Male,20,542415,New,46-60
C02824,Male,29,1225425,Repeat,18-25
C02825,Female,26,375960,New,18-25
C02826,Male,20,636019,New,26-35
C02827,Male,27,571214,New,36-45
C02828,Male,42,405854,Repeat,18-25
C02829,Male,33,774176,New,26-35
C02830,Male,35,292007,New,36-45
C02831,Male,27,285266,Repeat,26-35
C02832,Female,30,990531,Repeat,26-35
C02833,Male,29,803765,New,26-35
C02834,Male,38,909238,New,18-25
C02835,Female,23,796582,New,26-35
C02836,Male,29,1100542,New,18-25
C02837,Male,31,720536,New,18-25
C02838,Male,28,947808,New,36-45
C02839,Female,20,1561094,New,18-25
C02840,Male,31,513261,New,36-45
C02841,Male,36,412935,New,46-60
C02842,Female,31,505827,New,26-35
C02843,Female,44,428412,New,18-25
C02844,Male,22,467288,New,18-25
C02845,Male,28,535868,Repeat,36-45
C02846,Female,29,700947,New,26-35
C02847,Female,41,741951,Repeat,46-60
C02848,Male,27,331667,Repeat,18-25
C02849,Male,27,955326,New,26-35
C02850,Male,27,626054,New,26-35
C02851,Male,29,1027803,New,18-25
C02852,Male,33,308130,New,26-35
C02853,Male,28,458377,New,36-45
C02854,Male,30,1343083,New,26-35
C02855,Male,33,1211231,New,26-35
C02856,Male,24,2473159,Repeat,36-45
C02857,Female,46,682777,New,36-45
C02858,Male,28,556064,Repeat,36-45
C02859,Male,34,1737555,Repeat,26-35
C02860,Male,32,1377376,New,46-60
C02861,Male,36,683533,New,36-45
C02862,Male,34,724878,New,26-35
C02863,Male,29,328136,New,26-35
C02864,Male,30,558738,Repeat,26-35
C02865,Female,33,657895,Repeat,46-60
C02866,Male,46,620624,New,36-45
C02867,Female,46,664789,New,36-45
C02868,Female,20,593777,New,36-45
C02869,Female,20,966067,New,26-35
C02870,Female,41,351488,New,26-35
C02871,Male,37,927114,New,36-45
C02872,Male,34,857781,Repeat,26-35
C02873,Male,30,595940,New,26-35
C02874,Male,32,561819,New,18-25
C02875,Male,30,598964,Repeat,36-45
C02876,Male,30,689640,New,36-45
C02877,Male,31,464512,New,46-60
C02878,Male,36,811645,Repeat,26-35
C02879,Male,30,692960,Repeat,26-35
C02880,Male,20,610264,Repeat,26-35
C02881,Male,31,497111,Repeat,26-35
C02882,Male,42,612131,New,26-35
C02883,Female,25,384681,Repeat,36-45
C02884,Male,29,816041,New,36-45
C02885,Male,22,912582,New,26-35
C02886,Female,28,961059,New,36-45
C02887,Male,20,435613,Repeat,18-25
C02888,Female,20,590627,Repeat,26-35
C02889,Male,32,580238,New,36-45
C02890,Male,31,780955,New,26-35
C02891,Male,20,507847,New,18-25
C02892,Male,49,992412,New,26-35
C02893,Female,30,1147009,New,26-35
C02894,Female,32,536092,Repeat,46-60
C02895,Male,35,307512,New,18-25
C02896,Male,20,543152,Repeat,26-35
C02897,Male,33,865857,New,18-25
C02898,Female,32,858923,New,36-45
C02899,Female,32,511582,Repeat,36-45
C02900,Male,29,750278,New,46-60
C02901,Male,30,423383,New,26-35
C02902,Female,34,478486,Repeat,36-45
C02903,Male,20,392749,New,46-60
C02904,Male,23,1008151,New,18-25
C02905,Female,30,908219,New,26-35
C02906,Male,23,488741,New,26-35
C02907,Male,40,1064038,New,26-35
C02908,Male,29,562553,Repeat,36-45
C02909,Female,27,1403109,Repeat,26-35
C02910,Female,35,492986,New,36-45
C02911,Female,22,324707,Repeat,26-35
C02912,Male,26,807302,New,18-25
C02913,Female,20,978937,Repeat,26-35
C02914,Female,34,399897,New,18-25
C02915,Female,35,515869,New,26-35
C02916,Male,33,598924,New,26-35
C02917,Male,20,1305834,New,26-35
C02918,Male,24,528328,New,26-35
C02919,Male,25,494324,New,36-45
C02920,Female,35,337788,Repeat,46-60
C02921,Male,32,699655,New,18-25
C02922,Male,33,696845,New,36-45
C02923,Female,32,851501,New,26-35
C02924,Male,20,939044,Repeat,36-45
C02925,Male,24,1137762,New,18-25
C02926,Male,22,701807,Repeat,18-25
C02927,Female,31,844885,New,26-35
C02928,Male,38,535459,New,36-45
C02929,Male,30,644008,New,26-35
C02930,Male,25,621390,Repeat,26-35
C02931,Male,24,604975,New,26-35
C02932,Male,36,662480,New,26-35
C02933,Male,39,663876,New,36-45
C02934,Male,24,398910,New,26-35
C02935,Female,20,373815,New,46-60
C02936,Male,41,768835,New,36-45
C02937,Male,28,772170,New,46-60
C02938,Male,40,358094,Repeat,26-35
C02939,Male,34,624608,Repeat,26-35
C02940,Male,21,945216,Repeat,26-35
C02941,Male,21,976902,New,26-35
C02942,Female,39,415434,New,26-35
C02943,Male,41,1041852,Repeat,26-35
C02944,Male,20,490695,Repeat,18-25
C02945,Male,39,569452,New,36-45
C02946,Male,40,927767,New,18-25
C02947,Male,28,757451,New,18-25
C02948,Female,20,629360,New,26-35
C02949,Male,20,826666,Repeat,18-25
C02950,Male,29,498488,New,26-35
C02951,Male,20,388464,Repeat,26-35
C02952,Male,20,429670,New,26-35
C02953,Female,28,476724,New,36-45
C02954,Male,20,1546620,New,26-35
C02955,Male,21,492695,Repeat,26-35
C02956,Female,29,1866455,New,26-35
C02957,Male,32,769902,New,36-45
C02958,Male,32,1133725,New,26-35
C02959,Female,25,751432,Repeat,26-35
C02960,Male,23,522412,New,26-35
C02961,Female,42,327551,New,26-35
C02962,Male,33,1323302,New,46-60
C02963,Male,30,478755,New,26-35
C02964,Male,29,784283,New,36-45
C02965,Male,37,945670,Repeat,46-60
C02966,Female,50,825476,New,26-35
C02967,Female,27,739972,Repeat,36-45
C02968,Male,31,488179,New,36-45
C02969,Female,27,1089150,New,26-35
C02970,Male,29,537575,Repeat,36-45
C02971,Male,46,451581,New,26-35
C02972,Male,40,865819,Repeat,36-45
C02973,Female,48,1066641,New,26-35
C02974,Male,33,249405,New,26-35
C02975,Male,22,511999,New,46-60
C02976,Male,41,753255,Repeat,26-35
C02977,Female,28,2234206,New,26-35
C02978,Male,33,404996,New,26-35
C02979,Male,41,667429,New,36-45
C02980,Female,20,992723,New,26-35
C02981,Male,23,549776,New,18-25
C02982,Female,35,609081,New,26-35
C02983,Male,21,873036,New,46-60
C02984,Male,23,1170190,New,46-60
C02985,Male,36,1225898,New,26-35
C02986,Female,30,551146,New,18-25
C02987,Male,28,837111,New,26-35
C02988,Male,26,2553656,New,36-45
C02989,Male,35,499826,Repeat,26-35
C02990,Female,26,722250,New,18-25
C02991,Male,43,816381,Repeat,46-60
C02992,Female,27,1949616,New,26-35
C02993,Male,29,732113,New,26-35
C02994,Male,22,333571,Repeat,36-45
C02995,Male,50,1037150,New,26-35
C02996,Female,55,658409,New,26-35
C02997,Female,31,679612,New,26-35
C02998,Female,26,820338,New,18-25
C02999,Male,46,570491,New,36-45
C03000,Male,39,3000000,Repeat,18-25
C03001,Male,42,689398,New,26-35
C03002,Female,34,1296958,Repeat,26-35
C03003,Male,34,1408494,New,46-60
C03004,Male,20,458254,New,18-25
C03005,Male,20,393752,New,26-35
C03006,Female,26,678969,Repeat,26-35
C03007,Male,31,982295,Repeat,36-45
C03008,Female,35,626202,New,36-45
C03009,Male,35,737449,New,18-25
C03010,Male,27,598982,Repeat,26-35
C03011,Male,20,690132,New,18-25
C03012,Male,27,673825,New,26-35
C03013,Female,31,535224,Repeat,18-25
C03014,Male,44,981900,Repeat,46-60
C03015,Female,33,748436,New,36-45
C03016,Male,35,1051382,New,36-45
C03017,Female,31,669468,Repeat,18-25
C03018,Male,26,942566,New,26-35
C03019,Male,20,393862,Repeat,26-35
C03020,Male,36,394766,Repeat,18-25
C03021,Male,31,1102826,New,26-35
C03022,Male,25,448261,Repeat,36-45
C03023,Male,39,1858236,Repeat,26-35
C03024,Male,24,462740,New,18-25
C03025,Male,35,955544,New,26-35
C03026,Male,24,521781,New,36-45
C03027,Male,30,751270,Repeat,18-25
C03028,Female,32,765152,New,18-25
C03029,Male,20,473826,Repeat,36-45
C03030,Female,23,801674,Repeat,26-35
C03031,Female,29,622683,New,26-35
C03032,Male,29,370969,New,36-45
C03033,Male,45,684893,New,26-35
C03034,Female,29,605881,Repeat,18-25
C03035,Male,33,616366,New,46-60
C03036,Male,30,782630,New,36-45
C03037,Female,32,921922,Repeat,36-45
C03038,Male,35,987076,New,36-45
C03039,Female,20,583155,Repeat,46-60
C03040,Male,34,410958,Repeat,18-25
C03041,Male,40,854831,Repeat,36-45
C03042,Female,22,418628,Repeat,18-25
C03043,Male,51,329495,New,26-35
C03044,Male,47,799299,New,36-45
C03045,Male,36,753621,Repeat,36-45
C03046,Female,20,404088,Repeat,46-60
C03047,Male,34,1150814,New,46-60
C03048,Male,26,573834,Repeat,26-35
C03049,Male,28,280435,Repeat,26-35
C03050,Male,33,780325,New,26-35
C03051,Female,20,480289,New,36-45
C03052,Male,31,757300,New,26-35
C03053,Male,27,722385,New,46-60
C03054,Male,22,674167,New,26-35
C03055,Male,31,517843,New,46-60
C03056,Male,27,712262,New,36-45
C03057,Female,44,1743175,Repeat,36-45
C03058,Male,37,261439,New,26-35
C03059,Male,26,539976,Repeat,46-60
C03060,Male,47,490687,Repeat,26-35
C03061,Male,36,861998,New,46-60
C03062,Female,33,496869,New,36-45
C03063,Male,31,671816,New,18-25
C03064,Male,33,732418,New,18-25
C03065,Female,37,986330,Repeat,36-45
C03066,Male,36,1193827,Repeat,36-45
C03067,Male,24,597836,New,26-35
C03068,Male,32,328708,Repeat,26-35
C03069,Male,22,722421,New,36-45
C03070,Male,25,893460,New,46-60
C03071,Male,31,850466,Repeat,36-45
C03072,Female,44,1120381,New,36-45
C03073,Male,25,361142,New,26-35
C03074,Female,25,1071685,New,36-45
C03075,Male,34,288305,New,46-60
C03076,Male,26,915535,New,18-25
C03077,Male,26,1371569,Repeat,36-45
C03078,Male,31,701803,New,26-35
C03079,Female,27,352788,New,18-25
C03080,Male,35,441308,New,18-25
C03081,Male,23,591394,New,36-45
C03082,Male,44,812991,New,18-25
C03083,Male,45,2400172,Repeat,36-45
C03084,Male,26,787943,New,36-45
C03085,Female,23,565017,New,26-35
C03086,Female,31,521501,New,46-60
C03087,Female,32,399978,New,18-25
C03088,Female,45,1192047,Repeat,36-45
C03089,Male,21,869992,Repeat,46-60
C03090,Male,31,449915,New,26-35
C03091,Female,35,825181,New,26-35
C03092,Male,20,449618,Repeat,18-25
C03093,Male,37,927408,Repeat,26-35
C03094,Male,34,290586,New,26-35
C03095,Male,31,1094445,New,26-35
C03096,Male,44,682150,New,26-35
C03097,Female,20,314668,New,26-35
C03098,Male,20,855245,New,26-35
C03099,Female,26,898198,New,26-35
C03100,Male,32,711339,Repeat,26-35
C03101,Male,25,672790,Repeat,18-25
C03102,Male,34,515442,New,26-35
C03103,Male,42,805229,New,36-45
C03104,Female,50,640897,New,26-35
C03105,Female,31,520119,New,26-35
C03106,Female,25,959434,New,18-25
C03107,Male,24,486940,Repeat,36-45
C03108,Male,25,933336,New,26-35
C03109,Male,38,1233472,Repeat,36-45
C03110,Male,23,790381,New,26-35
C03111,Male,36,497032,New,26-35
C03112,Male,21,862694,New,18-25
C03113,Female,21,974453,New,26-35
C03114,Male,38,940471,New,26-35
C03115,Male,35,1172471,Repeat,26-35
C03116,Female,35,774757,Repeat,26-35
C03117,Male,30,698424,New,46-60
C03118,Male,39,941078,Repeat,36-45
C03119,Male,21,1019377,New,26-35
C03120,Male,25,371624,New,18-25
C03121,Male,31,943148,New,26-35
C03122,Male,29,634182,New,46-60
C03123,Female,34,594780,New,18-25
C03124,Male,30,445189,New,26-35
C03125,Male,31,907302,Repeat,18-25
C03126,Male,28,581437,New,26-35
C03127,Male,33,636159,New,18-25
C03128,Female,33,266739,New,18-25
C03129,Male,22,560760,New,18-25
C03130,Male,49,465125,New,46-60
C03131,Male,41,496629,New,26-35
C03132,Male,37,569426,New,26-35
C03133,Male,33,865130,Repeat,26-35
C03134,Female,42,201232,Repeat,46-60
C03135,Male,20,1650091,New,46-60
C03136,Female,24,429253,New,26-35
C03137,Male,31,1606401,New,36-45
C03138,Male,28,406719,New,36-45
C03139,Male,36,671056,New,26-35
C03140,Male,40,566208,New,36-45
C03141,Male,48,691083,New,46-60
C03142,Male,29,806938,Repeat,26-35
C03143,Male,30,708053,Repeat,26-35
C03144,Male,32,1084255,New,26-35
C03145,Male,33,706919,New,18-25
C03146,Male,31,663798,New,26-35
C03147,Male,32,536764,New,36-45
C03148,Female,36,880216,Repeat,26-35
C03149,Female,30,419179,New,18-25
C03150,Male,32,582797,New,18-25
C03151,Male,23,1094192,New,26-35
C03152,Male,42,354964,Repeat,26-35
C03153,Male,34,510590,New,18-25
C03154,Male,34,839301,New,18-25
C03155,Male,27,651673,New,26-35
C03156,Male,20,253274,New,36-45
C03157,Male,42,441127,New,26-35
C03158,Female,31,542999,Repeat,26-35
C03159,Male,48,525158,New,36-45
C03160,Male,30,1385990,New,26-35
C03161,Male,28,641341,New,36-45
C03162,Male,32,290376,New,46-60
C03163,Female,23,1166701,New,26-35
C03164,Male,40,725691,Repeat,18-25
C03165,Male,30,960104,Repeat,46-60
C03166,Male,24,760539,New,26-35
C03167,Male,28,664102,Repeat,18-25
C03168,Male,45,1480707,New,26-35
C03169,Female,31,287283,Repeat,18-25
C03170,Male,34,674173,Repeat,36-45
C03171,Male,25,989568,Repeat,26-35
C03172,Male,32,486654,Repeat,26-35
C03173,Male,33,775156,New,36-45
C03174,Female,34,629713,New,36-45
C03175,Male,36,780785,New,26-35
C03176,Male,20,383820,New,46-60
C03177,Female,23,500515,Repeat,46-60
C03178,Male,29,591165,New,26-35
C03179,Male,21,769462,New,26-35
C03180,Male,26,1541712,New,26-35
C03181,Male,27,1015280,Repeat,26-35
C03182,Female,28,430685,New,26-35
C03183,Male,23,590475,Repeat,26-35
C03184,Male,39,814688,New,18-25
C03185,Female,26,1221865,Repeat,36-45
C03186,Female,24,499117,Repeat,36-45
C03187,Male,28,699345,New,18-25
C03188,Male,24,421901,New,26-35
C03189,Male,35,569062,New,36-45
C03190,Male,48,413581,Repeat,46-60
C03191,Male,20,592920,New,26-35
C03192,Male,30,591346,New,26-35
C03193,Male,39,769239,Repeat,26-35
C03194,Male,25,1482412,Repeat,26-35
C03195,Male,27,399684,New,18-25
C03196,Male,30,575346,New,18-25
C03197,Male,42,556690,Repeat,18-25
C03198,Female,30,721055,New,26-35
C03199,Female,20,355223,Repeat,46-60
C03200,Male,25,1811539,Repeat,26-35
C03201,Male,24,1358446,Repeat,18-25
C03202,Female,24,526100,New,18-25
C03203,Male,32,276519,New,46-60
C03204,Male,35,1336523,New,26-35
C03205,Female,20,485839,New,36-45
C03206,Male,32,351980,New,36-45
C03207,Male,25,1131855,Repeat,26-35
C03208,Male,34,440357,Repeat,26-35
C03209,Male,26,607751,Repeat,18-25
C03210,Male,37,636992,New,26-35
C03211,Male,20,609907,New,46-60
C03212,Male,29,581520,Repeat,26-35
C03213,Male,31,880927,New,36-45
C03214,Female,39,564710,New,26-35
C03215,Male,35,1088079,Repeat,36-45
C03216,Male,20,1253219,New,26-35
C03217,Male,24,308247,New,26-35
C03218,Male,32,1330717,New,36-45
C03219,Female,24,1083274,New,46-60
C03220,Male,20,430111,Repeat,36-45
C03221,Male,20,271335,New,26-35
C03222,Male,31,597354,New,26-35
C03223,Female,28,362339,New,18-25
C03224,Female,24,849375,New,26-35
C03225,Male,34,920137,New,36-45
C03226,Female,31,552430,New,36-45
C03227,Female,38,1067149,New,26-35
C03228,Female,45,585067,New,26-35
C03229,Male,32,897476,New,46-60
C03230,Male,35,901078,Repeat,26-35
C03231,Male,28,906651,New,26-35
C03232,Male,36,757387,Repeat,36-45
C03233,Male,31,1498649,Repeat,26-35
C03234,Female,45,562181,New,26-35
C03235,Male,29,1025471,Repeat,36-45
C03236,Female,33,547856,Repeat,18-25
C03237,Male,36,751329,New,26-35
C03238,Male,43,818201,New,26-35
C03239,Male,33,1058750,New,36-45
C03240,Male,27,262466,Repeat,36-45
C03241,Male,20,422860,New,18-25
C03242,Male,31,788772,New,26-35
C03243,Female,26,661114,New,18-25
C03244,Male,32,462395,New,26-35
C03245,Male,24,735099,New,18-25
C03246,Male,24,653711,New,26-35
C03247,Female,29,440152,Repeat,36-45
C03248,Male,35,1213790,New,36-45
C03249,Female,30,704299,New,26-35
C03250,Male,32,200190,Repeat,36-45
C03251,Female,28,780484,New,26-35
C03252,Male,23,1059470,New,36-45
C03253,Male,39,336045,Repeat,36-45
C03254,Male,21,581932,New,36-45
C03255,Female,36,1070574,Repeat,36-45
C03256,Female,26,1499676,New,26-35
C03257,Female,39,396092,New,18-25
C03258,Male,24,340249,New,36-45
C03259,Male,25,430035,New,36-45
C03260,Male,42,392291,New,26-35
C03261,Female,43,757428,New,26-35
C03262,Female,33,954198,Repeat,18-25
C03263,Female,36,287853,New,36-45
C03264,Male,24,499929,New,36-45
C03265,Male,39,320765,New,36-45
C03266,Female,42,393176,Repeat,18-25
C03267,Female,44,620866,Repeat,26-35
C03268,Female,33,365291,New,18-25
C03269,Male,23,1050370,New,26-35
C03270,Male,20,1085697,New,26-35
C03271,Male,25,738096,New,26-35
C03272,Female,27,1600863,New,18-25
C03273,Male,39,461325,New,26-35
C03274,Male,42,725431,New,18-25
C03275,Male,22,783191,New,36-45
C03276,Male,39,1121940,New,18-25
C03277,Male,27,587442,Repeat,26-35
C03278,Female,29,695388,New,26-35
C03279,Male,40,608846,New,46-60
C03280,Male,34,487294,New,18-25
C03281,Male,29,1032868,New,36-45
C03282,Male,20,599641,Repeat,26-35
C03283,Male,27,492517,Repeat,26-35
C03284,Male,24,399415,New,18-25
C03285,Male,39,887399,New,26-35
C03286,Female,34,618496,New,26-35
C03287,Male,48,958911,Repeat,36-45
C03288,Female,40,655011,Repeat,46-60
C03289,Female,23,430461,Repeat,46-60
C03290,Male,32,498802,New,18-25
C03291,Male,20,1181533,New,18-25
C03292,Male,29,778983,Repeat,26-35
C03293,Female,38,1218576,New,46-60
C03294,Male,33,1108923,New,18-25
C03295,Female,20,865998,New,18-25
C03296,Male,38,981223,Repeat,26-35
C03297,Male,22,618599,New,26-35
C03298,Female,33,1199235,New,18-25
C03299,Male,27,1010423,New,46-60
C03300,Male,35,522907,Repeat,26-35
C03301,Male,32,457881,New,26-35
C03302,Male,20,1175227,New,46-60
C03303,Male,37,956560,New,26-35
C03304,Male,42,579887,New,46-60
C03305,Male,37,422346,New,26-35
C03306,Male,29,353020,New,36-45
C03307,Male,26,487625,New,26-35
C03308,Male,32,567707,New,26-35
C03309,Male,33,1174468,New,26-35
C03310,Male,40,668444,New,46-60
C03311,Male,44,1535200,New,26-35
C03312,Male,33,816505,New,18-25
C03313,Male,39,468046,Repeat,18-25
C03314,Male,48,687736,Repeat,46-60
C03315,Male,34,455181,Repeat,26-35
C03316,Male,41,856872,New,18-25
C03317,Male,40,235565,Repeat,46-60
C03318,Male,27,1083269,New,26-35
C03319,Male,26,592323,New,46-60
C03320,Male,36,570214,New,26-35
C03321,Male,28,684184,New,26-35
C03322,Male,31,1491298,Repeat,26-35
C03323,Female,37,898949,New,26-35
C03324,Male,40,386533,New,36-45
C03325,Male,31,1107433,New,46-60
C03326,Male,32,428753,Repeat,36-45
C03327,Male,24,748810,New,36-45
C03328,Male,37,932642,New,18-25
C03329,Female,24,543205,New,36-45
C03330,Male,27,1522106,New,26-35
C03331,Female,25,758586,Repeat,18-25
C03332,Female,38,1125729,New,18-25
C03333,Female,25,363450,Repeat,46-60
C03334,Male,22,1003966,New,18-25
C03335,Male,20,1079752,Repeat,18-25
C03336,Female,31,916263,New,26-35
C03337,Male,42,521997,New,46-60
C03338,Male,20,504401,New,26-35
C03339,Female,35,645082,New,26-35
C03340,Female,29,824531,Repeat,26-35
C03341,Male,47,949693,Repeat,36-45
C03342,Male,33,783595,New,36-45
C03343,Male,20,631667,New,36-45
C03344,Female,21,446572,Repeat,36-45
C03345,Female,39,775083,New,46-60
C03346,Male,36,218879,New,26-35
C03347,Female,30,732172,New,36-45
C03348,Female,31,330197,Repeat,36-45
C03349,Female,26,808632,New,18-25
C03350,Male,25,790506,New,26-35
C03351,Male,39,1088295,New,26-35
C03352,Male,27,956451,Repeat,26-35
C03353,Male,27,976883,New,26-35
C03354,Female,39,513741,New,36-45
C03355,Male,33,1465326,New,46-60
C03356,Female,31,328392,Repeat,26-35
C03357,Female,31,926475,New,26-35
C03358,Male,29,908031,New,36-45
C03359,Female,22,533716,New,26-35
C03360,Female,25,540872,New,26-35
C03361,Male,35,317283,New,26-35
C03362,Female,20,460736,Repeat,26-35
C03363,Female,41,410356,New,36-45
C03364,Male,34,1310190,Repeat,26-35
C03365,Female,36,847622,New,18-25
C03366,Female,33,534131,New,18-25
C03367,Female,46,347717,Repeat,46-60
C03368,Male,32,422350,Repeat,36-45
C03369,Female,31,786149,New,26-35
C03370,Female,36,502896,New,18-25
C03371,Female,34,1100908,New,18-25
C03372,Male,24,645401,New,26-35
C03373,Female,27,300305,New,26-35
C03374,Female,37,826734,New,36-45
C03375,Female,20,737330,New,46-60
C03376,Female,30,524624,New,46-60
C03377,Female,46,952202,Repeat,26-35
C03378,Male,29,393481,Repeat,18-25
C03379,Male,20,514115,New,18-25
C03380,Male,24,846981,Repeat,18-25
C03381,Male,27,635210,Repeat,18-25
C03382,Male,26,582352,New,26-35
C03383,Male,38,524719,New,36-45
C03384,Male,28,277077,New,26-35
C03385,Male,40,1200595,New,26-35
C03386,Female,29,238633,New,18-25
C03387,Female,41,582224,New,26-35
C03388,Female,50,356457,New,36-45
C03389,Female,20,613014,New,46-60
C03390,Male,25,628640,New,26-35
C03391,Male,41,455070,New,26-35
C03392,Male,37,605302,Repeat,26-35
C03393,Female,37,992635,New,26-35
C03394,Male,25,738064,Repeat,26-35
C03395,Male,35,1360096,Repeat,18-25
C03396,Male,33,869011,Repeat,26-35
C03397,Female,27,1115759,New,18-25
C03398,Male,22,827170,New,18-25
C03399,Male,32,336563,New,26-35
C03400,Male,40,1036231,Repeat,26-35
C03401,Male,22,1002072,Repeat,36-45
C03402,Male,28,431655,New,36-45
C03403,Male,29,397268,New,18-25
C03404,Female,31,995315,New,26-35
C03405,Female,25,340376,New,26-35
C03406,Female,28,1308590,Repeat,18-25
C03407,Female,34,499155,New,18-25
C03408,Male,23,591258,Repeat,26-35
C03409,Male,29,827723,New,26-35
C03410,Female,31,906981,New,26-35
C03411,Male,43,460037,Repeat,18-25
C03412,Male,23,1126600,New,26-35
C03413,Male,28,546263,New,26-35
C03414,Male,32,648130,New,18-25
C03415,Female,32,893361,Repeat,26-35
C03416,Male,23,587430,New,26-35
C03417,Male,20,390402,Repeat,18-25
C03418,Male,43,661235,Repeat,46-60
C03419,Female,24,736438,Repeat,36-45
C03420,Male,28,523643,New,36-45
C03421,Male,23,724772,Repeat,18-25
C03422,Male,20,1038697,New,26-35
C03423,Male,31,1876625,New,26-35
C03424,Male,26,246239,New,26-35
C03425,Male,29,717711,New,46-60
C03426,Female,33,1106018,New,46-60
C03427,Male,22,454406,New,26-35
C03428,Male,38,328418,New,46-60
C03429,Male,38,1091562,New,18-25
C03430,Male,35,560452,Repeat,26-35
C03431,Male,26,753779,Repeat,26-35
C03432,Male,23,490037,New,26-35
C03433,Male,48,290165,Repeat,36-45
C03434,Male,30,583273,Repeat,36-45
C03435,Male,29,754667,New,26-35
C03436,Male,25,659790,New,36-45
C03437,Female,34,575242,Repeat,36-45
C03438,Male,33,1164644,New,36-45
C03439,Male,31,751245,Repeat,46-60
C03440,Male,26,418146,New,18-25
C03441,Male,37,546662,New,36-45
C03442,Male,35,620764,Repeat,26-35
C03443,Male,31,307740,Repeat,26-35
C03444,Male,22,775000,Repeat,36-45
C03445,Male,31,368118,New,36-45
C03446,Male,22,520052,New,36-45
C03447,Male,52,273672,Repeat,46-60
C03448,Female,48,863885,Repeat,36-45
C03449,Male,40,801793,New,26-35
C03450,Female,27,420709,New,18-25
C03451,Female,28,418389,New,18-25
C03452,Male,40,888783,Repeat,18-25
C03453,Male,26,346655,Repeat,26-35
C03454,Male,30,510958,Repeat,26-35
C03455,Female,42,968704,New,26-35
C03456,Female,34,853942,Repeat,36-45
C03457,Male,30,378819,New,36-45
C03458,Female,37,991943,New,36-45
C03459,Male,20,819838,Repeat,26-35
C03460,Male,32,1159291,New,26-35
C03461,Female,30,699311,New,18-25
C03462,Male,31,566643,New,18-25
C03463,Female,33,1047131,Repeat,46-60
C03464,Male,49,698747,New,36-45
C03465,Female,40,832173,New,36-45
C03466,Male,33,358090,Repeat,18-25
C03467,Female,40,548279,Repeat,36-45
C03468,Male,26,577969,Repeat,36-45
C03469,Male,22,1154262,Repeat,18-25
C03470,Male,25,1040353,Repeat,26-35
C03471,Male,38,1033411,Repeat,26-35
C03472,Male,38,431549,New,46-60
C03473,Female,39,690395,New,26-35
C03474,Female,20,242900,Repeat,18-25
C03475,Female,41,796272,New,26-35
C03476,Male,30,1455746,Repeat,36-45
C03477,Male,25,530481,New,26-35
C03478,Male,25,678826,New,26-35
C03479,Female,20,496921,New,36-45
C03480,Female,31,929475,New,26-35
C03481,Male,29,644316,New,36-45
C03482,Male,26,274467,Repeat,26-35
C03483,Male,31,1029267,New,26-35
C03484,Female,27,330678,New,18-25
C03485,Male,25,339347,New,26-35
C03486,Male,20,773382,New,26-35
C03487,Female,28,482134,Repeat,26-35
C03488,Female,27,905631,New,26-35
C03489,Female,24,593902,New,26-35
C03490,Male,26,588858,New,26-35
C03491,Male,27,958935,New,46-60
C03492,Female,24,426951,New,26-35
C03493,Male,24,308352,Repeat,46-60
C03494,Male,45,425875,New,26-35
C03495,Male,20,369054,Repeat,36-45
C03496,Female,20,763876,New,36-45
C03497,Male,38,801129,New,36-45
C03498,Male,33,877770,New,36-45
C03499,Male,36,1254548,Repeat,26-35
C03500,Male,25,868966,Repeat,18-25
C03501,Female,20,1579523,New,26-35
C03502,Male,32,912302,New,46-60
C03503,Male,34,372175,Repeat,36-45
C03504,Female,30,655657,New,46-60
C03505,Male,46,637069,Repeat,26-35
C03506,Male,24,561567,New,26-35
C03507,Female,28,942697,New,26-35
C03508,Female,34,645351,New,36-45
C03509,Male,33,355597,New,26-35
C03510,Female,30,1470804,New,18-25
C03511,Female,36,821517,New,36-45
C03512,Male,25,803301,New,26-35
C03513,Male,31,648357,Repeat,36-45
C03514,Female,45,785984,New,36-45
C03515,Male,43,423861,New,18-25
C03516,Female,30,603328,New,26-35
C03517,Female,38,484758,Repeat,26-35
C03518,Male,37,494618,New,18-25
C03519,Male,40,1076485,New,18-25
C03520,Male,31,967547,New,18-25
C03521,Male,28,411181,New,36-45
C03522,Male,20,2369204,Repeat,18-25
C03523,Male,33,1108507,New,26-35
C03524,Male,22,929539,Repeat,26-35
C03525,Male,34,641664,New,26-35
C03526,Male,44,1167320,New,18-25
C03527,Male,40,1140095,New,26-35
C03528,Male,33,1517299,Repeat,36-45
C03529,Female,36,341901,New,26-35
C03530,Female,20,394113,New,18-25
C03531,Male,43,481988,New,36-45
C03532,Male,35,334603,New,26-35
C03533,Male,32,667661,New,26-35
C03534,Male,31,455994,New,26-35
C03535,Male,32,340005,New,26-35
C03536,Male,38,403537,New,36-45
C03537,Male,30,1672626,New,26-35
C03538,Male,30,212688,Repeat,36-45
C03539,Male,20,290053,New,26-35
C03540,Female,33,874544,Repeat,46-60
C03541,Male,33,681292,New,26-35
C03542,Male,30,735161,New,26-35
C03543,Female,40,417614,Repeat,26-35
C03544,Male,22,334975,New,36-45
C03545,Female,38,565264,New,46-60
C03546,Male,32,1493674,New,26-35
C03547,Male,24,721694,New,18-25
C03548,Male,48,1242389,New,36-45
C03549,Male,23,731645,New,18-25
C03550,Female,40,788001,New,36-45
C03551,Male,34,606114,New,26-35
C03552,Male,37,464771,New,26-35
C03553,Female,20,638541,Repeat,26-35
C03554,Female,20,789477,Repeat,26-35
C03555,Male,30,1222294,Repeat,26-35
C03556,Male,47,547820,New,46-60
C03557,Male,38,821753,New,46-60
C03558,Male,23,523288,New,18-25
C03559,Female,42,766165,Repeat,18-25
C03560,Male,20,499845,New,26-35
C03561,Female,38,980154,New,46-60
C03562,Male,36,974893,New,36-45
C03563,Male,42,962844,New,26-35
C03564,Male,25,509744,New,26-35
C03565,Male,37,972394,New,26-35
C03566,Male,40,725142,New,36-45
C03567,Male,24,984099,Repeat,26-35
C03568,Male,28,592252,New,18-25
C03569,Male,20,475409,Repeat,36-45
C03570,Male,23,671738,New,18-25
C03571,Male,27,998060,Repeat,46-60
C03572,Male,21,352837,Repeat,18-25
C03573,Male,35,683904,Repeat,46-60
C03574,Male,38,448573,Repeat,36-45
C03575,Female,37,419764,New,18-25
C03576,Female,32,443543,Repeat,26-35
C03577,Male,20,741967,New,26-35
C03578,Male,36,658918,New,18-25
C03579,Male,29,1013935,New,18-25
C03580,Male,35,740498,New,36-45
C03581,Male,37,342151,New,36-45
C03582,Female,39,694063,Repeat,18-25
C03583,Male,28,595761,Repeat,26-35
C03584,Male,27,971633,Repeat,26-35
C03585,Female,25,903500,New,36-45
C03586,Female,30,435921,Repeat,18-25
C03587,Male,26,286857,Repeat,18-25
C03588,Male,41,374226,Repeat,46-60
C03589,Male,33,486438,New,18-25
C03590,Male,27,450086,Repeat,36-45
C03591,Male,31,767701,New,26-35
C03592,Male,40,379410,New,18-25
C03593,Male,32,573305,Repeat,26-35
C03594,Female,20,794065,New,26-35
C03595,Male,37,1019449,New,36-45
C03596,Male,23,494710,Repeat,18-25
C03597,Male,34,1270680,Repeat,46-60
C03598,Female,26,542252,New,26-35
C03599,Female,43,802120,Repeat,26-35
C03600,Male,38,349005,New,26-35
C03601,Male,30,379178,Repeat,26-35
C03602,Female,28,382479,New,36-45
C03603,Female,20,663361,New,26-35
C03604,Male,25,3000000,Repeat,36-45
C03605,Male,45,377184,New,26-35
C03606,Male,22,413752,New,36-45
C03607,Male,34,1033870,Repeat,36-45
C03608,Male,46,648112,New,26-35
C03609,Male,24,629019,Repeat,46-60
C03610,Male,31,822731,New,36-45
C03611,Male,29,553190,New,18-25
C03612,Male,26,974471,New,26-35
C03613,Male,35,491159,Repeat,18-25
C03614,Male,46,628479,New,46-60
C03615,Female,30,321811,New,18-25
C03616,Male,36,364181,New,26-35
C03617,Male,20,864959,New,46-60
C03618,Male,39,879223,New,26-35
C03619,Female,29,1202981,Repeat,18-25
C03620,Female,23,567082,New,26-35
C03621,Female,36,730152,New,26-35
C03622,Male,26,485503,New,18-25
C03623,Male,43,1130243,New,36-45
C03624,Female,23,674442,Repeat,18-25
C03625,Male,28,215865,Repeat,26-35
C03626,Male,36,1066707,New,26-35
C03627,Male,39,526671,Repeat,26-35
C03628,Male,35,544371,Repeat,36-45
C03629,Male,20,541168,New,46-60
C03630,Female,24,1105181,Repeat,26-35
C03631,Female,22,415070,Repeat,36-45
C03632,Male,20,844369,New,36-45
C03633,Male,39,547919,Repeat,26-35
C03634,Male,47,401959,Repeat,26-35
C03635,Female,40,658439,New,46-60
C03636,Male,20,1081929,New,26-35
C03637,Female,33,1121206,Repeat,26-35
C03638,Female,24,375016,New,26-35
C03639,Male,33,908125,New,36-45
C03640,Male,28,803236,Repeat,36-45
C03641,Female,31,1198501,New,18-25
C03642,Female,33,1473331,New,36-45
C03643,Male,38,361966,New,36-45
C03644,Male,21,502380,Repeat,26-35
C03645,Female,24,422939,New,18-25
C03646,Male,36,1016841,Repeat,26-35
C03647,Female,20,654671,New,26-35
C03648,Male,33,521663,New,26-35
C03649,Male,40,888548,Repeat,26-35
C03650,Female,34,665304,New,26-35
C03651,Male,20,1103811,Repeat,26-35
C03652,Male,23,359428,New,46-60
C03653,Female,29,1087967,New,26-35
C03654,Female,34,511453,New,18-25
C03655,Male,24,574054,Repeat,26-35
C03656,Male,44,261911,Repeat,26-35
C03657,Male,33,1151360,New,26-35
C03658,Female,20,851827,New,46-60
C03659,Male,29,547700,New,36-45
C03660,Male,30,516370,New,36-45
C03661,Male,42,903182,Repeat,36-45
C03662,Female,20,288214,New,36-45
C03663,Female,20,536484,New,26-35
C03664,Female,21,824431,Repeat,36-45
C03665,Female,23,304402,New,26-35
C03666,Male,31,925350,New,18-25
C03667,Female,24,218406,New,26-35
C03668,Male,37,515305,New,18-25
C03669,Male,23,418102,New,36-45
C03670,Female,37,655056,Repeat,36-45
C03671,Male,39,1273372,New,26-35
C03672,Male,22,254141,New,26-35
C03673,Female,28,509792,New,18-25
C03674,Male,23,575430,New,26-35
C03675,Male,33,1163298,New,26-35
C03676,Female,30,1092222,New,26-35
C03677,Male,37,887810,Repeat,18-25
C03678,Female,32,477347,Repeat,26-35
C03679,Male,31,559651,New,26-35
C03680,Male,30,465571,Repeat,26-35
C03681,Male,26,504073,New,36-45
C03682,Male,20,1413284,Repeat,46-60
C03683,Female,20,641678,New,36-45
C03684,Female,29,698743,Repeat,46-60
C03685,Male,20,642525,New,26-35
C03686,Male,45,443082,New,18-25
C03687,Male,36,1166906,Repeat,18-25
C03688,Female,42,798039,New,46-60
C03689,Male,31,935707,New,26-35
C03690,Male,42,526310,Repeat,18-25
C03691,Female,31,495751,New,26-35
C03692,Male,21,1154092,New,36-45
C03693,Male,35,690382,Repeat,36-45
C03694,Female,45,643781,New,26-35
C03695,Female,28,331126,New,26-35
C03696,Male,31,1086618,Repeat,26-35
C03697,Male,26,728679,New,26-35
C03698,Female,27,953728,Repeat,26-35
C03699,Male,32,576420,New,26-35
C03700,Male,32,915633,New,26-35
C03701,Male,30,769532,New,36-45
C03702,Male,43,956009,New,46-60
C03703,Male,37,802651,New,26-35
C03704,Female,30,712874,New,26-35
C03705,Male,27,607575,New,36-45
C03706,Male,29,552863,Repeat,26-35
C03707,Male,20,1264876,Repeat,36-45
C03708,Male,30,389573,New,36-45
C03709,Male,20,710779,Repeat,36-45
C03710,Male,30,1034067,New,18-25
C03711,Male,43,309015,Repeat,18-25
C03712,Male,23,563056,New,26-35
C03713,Male,26,214326,New,26-35
C03714,Female,20,679253,New,26-35
C03715,Male,20,452027,Repeat,26-35
C03716,Male,28,919936,Repeat,36-45
C03717,Female,43,211773,New,26-35
C03718,Male,36,188187,Repeat,18-25
C03719,Male,41,543090,Repeat,26-35
C03720,Female,24,914532,New,46-60
C03721,Male,20,849769,New,26-35
C03722,Male,26,634298,New,36-45
C03723,Female,42,825827,New,46-60
C03724,Male,23,501797,New,36-45
C03725,Female,20,816716,New,18-25
C03726,Female,37,696909,New,26-35
C03727,Female,30,440257,New,26-35
C03728,Male,23,763333,New,26-35
C03729,Female,45,545116,Repeat,18-25
C03730,Male,35,480164,New,26-35
C03731,Female,25,881570,New,36-45
C03732,Female,20,1004570,Repeat,46-60
C03733,Male,42,409604,New,36-45
C03734,Female,20,697162,New,26-35
C03735,Male,29,1181003,New,26-35
C03736,Male,34,453791,New,26-35
C03737,Male,50,720058,Repeat,26-35
C03738,Female,31,1032723,Repeat,26-35
C03739,Male,20,419467,Repeat,26-35
C03740,Male,26,862714,New,26-35
C03741,Female,27,683592,Repeat,26-35
C03742,Female,20,1185507,Repeat,26-35
C03743,Female,20,319864,New,18-25
C03744,Male,31,1060393,New,18-25
C03745,Male,29,660549,Repeat,26-35
C03746,Female,39,335897,New,36-45
C03747,Male,32,599867,Repeat,36-45
C03748,Female,24,452388,New,26-35
C03749,Male,41,654201,New,36-45
C03750,Male,36,1097715,New,36-45
C03751,Male,30,550658,Repeat,36-45
C03752,Female,20,747465,Repeat,26-35
C03753,Female,35,585969,New,18-25
C03754,Male,40,1472566,Repeat,18-25
C03755,Male,28,455278,New,26-35
C03756,Female,35,898917,New,36-45
C03757,Male,26,497883,Repeat,46-60
C03758,Male,35,1123400,Repeat,36-45
C03759,Male,29,765383,Repeat,18-25
C03760,Female,31,881141,New,36-45
C03761,Male,49,564731,Repeat,36-45
C03762,Male,33,590410,New,18-25
C03763,Male,28,832763,Repeat,36-45
C03764,Female,34,512960,New,36-45
C03765,Male,46,833258,Repeat,18-25
C03766,Female,21,607413,New,26-35
C03767,Male,42,547029,Repeat,18-25
C03768,Female,32,353815,New,18-25
C03769,Male,34,412776,Repeat,18-25
C03770,Male,26,425233,Repeat,18-25
C03771,Male,29,798360,New,26-35
C03772,Male,33,765893,New,26-35
C03773,Female,22,1070760,New,18-25
C03774,Male,24,493990,New,36-45
C03775,Male,37,414085,Repeat,46-60
C03776,Male,33,821619,Repeat,46-60
C03777,Male,31,537660,New,26-35
C03778,Female,42,1721173,New,36-45
C03779,Male,25,281711,New,26-35
C03780,Male,42,1471484,New,26-35
C03781,Male,23,743710,New,18-25
C03782,Male,36,373912,New,46-60
C03783,Female,25,1015788,New,18-25
C03784,Male,47,538812,New,26-35
C03785,Male,37,631382,Repeat,18-25
C03786,Male,48,554660,New,26-35
C03787,Male,25,690164,New,26-35
C03788,Female,32,372811,New,26-35
C03789,Female,29,390907,New,26-35
C03790,Male,20,523068,Repeat,36-45
C03791,Female,27,991936,New,36-45
C03792,Male,46,453409,New,46-60
C03793,Male,22,771323,Repeat,18-25
C03794,Male,32,397937,Repeat,26-35
C03795,Female,38,405497,Repeat,36-45
C03796,Male,32,328289,Repeat,46-60
C03797,Male,32,572696,New,26-35
C03798,Female,20,588511,New,46-60
C03799,Male,22,711369,Repeat,36-45
C03800,Male,31,596987,New,18-25
C03801,Male,22,396181,New,18-25
C03802,Male,34,599277,New,26-35
C03803,Male,41,732845,Repeat,36-45
C03804,Male,27,723661,New,36-45
C03805,Male,20,780004,Repeat,36-45
C03806,Male,43,294909,Repeat,26-35
C03807,Female,33,473487,Repeat,36-45
C03808,Female,39,447578,New,26-35
C03809,Male,30,851454,New,26-35
C03810,Female,23,611675,Repeat,36-45
C03811,Male,36,415428,New,26-35
C03812,Male,28,1077402,New,26-35
C03813,Male,27,526007,Repeat,18-25
C03814,Male,31,401888,New,26-35
C03815,Female,31,291805,New,26-35
C03816,Male,43,445805,Repeat,46-60
C03817,Male,29,2763210,New,26-35
C03818,Male,29,662306,New,26-35
C03819,Male,25,437460,New,36-45
C03820,Female,35,579080,New,18-25
C03821,Male,22,374954,Repeat,26-35
C03822,Male,23,294970,New,26-35
C03823,Female,34,801028,New,36-45
C03824,Female,39,694137,New,26-35
C03825,Male,24,914107,Repeat,26-35
C03826,Male,27,453801,Repeat,36-45
C03827,Female,34,659645,New,46-60
C03828,Male,20,519044,New,26-35
C03829,Male,41,1065375,New,26-35
C03830,Male,34,386013,New,26-35
C03831,Female,39,796523,Repeat,26-35
C03832,Female,35,414065,New,26-35
C03833,Male,34,479434,New,36-45
C03834,Male,20,873174,New,26-35
C03835,Female,35,265035,New,26-35
C03836,Male,40,681157,New,26-35
C03837,Female,21,843632,New,46-60
C03838,Male,35,477664,New,26-35
C03839,Male,39,555290,New,26-35
C03840,Female,33,752894,New,26-35
C03841,Female,32,1441091,New,26-35
C03842,Female,34,877691,New,46-60
C03843,Female,40,436838,New,26-35
C03844,Female,31,407070,New,26-35
C03845,Female,22,761164,New,26-35
C03846,Female,20,1195139,Repeat,26-35
C03847,Male,20,391853,New,36-45
C03848,Male,23,498542,New,36-45
C03849,Male,25,3000000,Repeat,18-25
C03850,Female,28,995175,Repeat,18-25
C03851,Male,35,985902,New,26-35
C03852,Female,40,931037,New,36-45
C03853,Female,20,813147,New,26-35
C03854,Male,26,1354682,New,26-35
C03855,Male,31,818878,New,26-35
C03856,Male,20,585404,Repeat,36-45
C03857,Male,32,855503,Repeat,18-25
C03858,Female,39,881509,Repeat,36-45
C03859,Female,22,966038,New,46-60
C03860,Female,24,545085,New,36-45
C03861,Male,35,559510,New,26-35
C03862,Male,27,396218,New,18-25
C03863,Male,32,425553,New,36-45
C03864,Male,22,556694,Repeat,18-25
C03865,Male,32,1062630,New,36-45
C03866,Female,30,1446515,New,46-60
C03867,Female,34,927644,New,36-45
C03868,Male,20,945460,New,26-35
C03869,Male,25,549967,Repeat,26-35
C03870,Male,25,830714,New,18-25
C03871,Male,42,1322426,New,36-45
C03872,Female,27,697167,New,26-35
C03873,Male,45,295894,Repeat,26-35
C03874,Male,33,361999,New,26-35
C03875,Male,39,1466026,New,18-25
C03876,Male,39,1695137,Repeat,36-45
C03877,Male,34,870697,New,36-45
C03878,Male,41,637053,New,36-45
C03879,Male,33,784009,New,18-25
C03880,Male,30,555041,New,36-45
C03881,Male,46,1031481,Repeat,36-45
C03882,Female,37,664580,Repeat,36-45
C03883,Male,28,513715,New,18-25
C03884,Female,28,803485,New,26-35
C03885,Female,20,645479,Repeat,18-25
C03886,Male,31,668853,New,26-35
C03887,Male,36,460843,New,18-25
C03888,Male,27,420453,Repeat,18-25
C03889,Male,22,874109,New,26-35
C03890,Male,35,1555777,Repeat,18-25
C03891,Male,43,597685,Repeat,36-45
C03892,Male,26,406666,Repeat,36-45
C03893,Female,34,596058,New,26-35
C03894,Male,38,662413,Repeat,18-25
C03895,Female,41,491125,Repeat,26-35
C03896,Female,39,620065,New,36-45
C03897,Male,25,430702,New,26-35
C03898,Male,20,824082,Repeat,26-35
C03899,Female,48,676803,Repeat,18-25
C03900,Male,34,641601,New,26-35
C03901,Male,21,886707,New,26-35
C03902,Male,39,245992,Repeat,26-35
C03903,Male,23,610813,New,26-35
C03904,Male,24,859042,New,36-45
C03905,Male,34,613313,New,26-35
C03906,Female,33,668435,Repeat,26-35
C03907,Female,20,625099,Repeat,26-35
C03908,Female,31,566055,New,18-25
C03909,Female,30,632623,Repeat,46-60
C03910,Male,34,1382246,New,36-45
C03911,Male,45,442204,New,36-45
C03912,Male,31,979145,Repeat,36-45
C03913,Male,44,327303,New,36-45
C03914,Male,27,517396,New,26-35
C03915,Male,31,546188,New,26-35
C03916,Male,26,598592,New,26-35
C03917,Male,40,925354,New,26-35
C03918,Male,24,1368544,New,26-35
C03919,Male,29,1156850,Repeat,36-45
C03920,Male,45,442848,New,18-25
C03921,Male,31,555549,Repeat,36-45
C03922,Male,34,477473,New,36-45
C03923,Female,33,1941826,New,46-60
C03924,Male,22,657249,New,26-35
C03925,Male,28,1536460,New,18-25
C03926,Female,39,872031,New,26-35
C03927,Male,37,687498,New,26-35
C03928,Female,41,1023535,New,46-60
C03929,Female,34,974660,New,18-25
C03930,Female,20,725311,New,36-45
C03931,Male,20,1076165,New,36-45
C03932,Female,20,826038,New,36-45
C03933,Female,44,533887,Repeat,26-35
C03934,Male,33,540853,New,36-45
C03935,Female,29,630706,New,26-35
C03936,Male,35,758184,Repeat,36-45
C03937,Male,30,334851,Repeat,36-45
C03938,Male,25,1114147,New,46-60
C03939,Male,48,972482,New,36-45
C03940,Male,37,715578,New,46-60
C03941,Female,40,1046796,New,26-35
C03942,Female,36,359962,Repeat,26-35
C03943,Male,22,926012,Repeat,46-60
C03944,Male,37,745005,New,46-60
C03945,Male,28,561844,New,26-35
C03946,Female,34,587833,New,26-35
C03947,Male,39,1145966,New,26-35
C03948,Male,29,322072,Repeat,36-45
C03949,Male,41,490429,New,36-45
C03950,Male,27,1796855,Repeat,26-35
C03951,Male,35,1406362,New,26-35
C03952,Female,28,1211177,New,36-45
C03953,Female,27,197406,New,18-25
C03954,Female,52,1510903,Repeat,18-25
C03955,Female,44,955736,Repeat,36-45
C03956,Male,21,673838,New,36-45
C03957,Male,42,966408,Repeat,18-25
C03958,Female,28,566130,New,36-45
C03959,Female,29,321115,New,26-35
C03960,Male,34,589603,New,26-35
C03961,Male,20,502780,Repeat,26-35
C03962,Female,34,770199,New,26-35
C03963,Male,28,772172,Repeat,26-35
C03964,Female,20,247831,New,36-45
C03965,Male,35,1851511,New,26-35
C03966,Male,37,618185,New,26-35
C03967,Male,28,1214207,Repeat,26-35
C03968,Male,44,1232530,New,18-25
C03969,Female,28,721553,New,26-35
C03970,Male,31,468073,New,26-35
C03971,Female,30,909035,Repeat,46-60
C03972,Female,28,874972,Repeat,36-45
C03973,Male,36,903556,New,46-60
C03974,Female,20,654905,New,26-35
C03975,Male,20,372392,New,18-25
C03976,Male,36,718414,New,18-25
C03977,Male,20,423409,Repeat,26-35
C03978,Female,42,953265,New,46-60
C03979,Male,43,468249,New,36-45
C03980,Male,23,575558,New,26-35
C03981,Male,22,569055,New,26-35
C03982,Male,35,1126676,New,36-45
C03983,Female,20,572290,Repeat,26-35
C03984,Female,20,267775,Repeat,26-35
C03985,Male,26,483548,New,36-45
C03986,Male,28,432495,New,18-25
C03987,Male,34,1014060,New,26-35
C03988,Male,37,2082333,New,18-25
C03989,Female,35,759849,New,36-45
C03990,Male,37,440073,New,26-35
C03991,Male,35,770530,New,18-25
C03992,Male,20,398378,Repeat,18-25
C03993,Female,37,739673,Repeat,18-25
C03994,Female,26,941290,Repeat,36-45
C03995,Female,32,453225,Repeat,18-25
C03996,Male,43,979498,New,36-45
C03997,Female,24,580375,Repeat,26-35
C03998,Male,34,1475938,Repeat,26-35
C03999,Female,48,958608,Repeat,26-35
C04000,Male,24,1394030,New,36-45
C04001,Female,41,629516,Repeat,36-45
C04002,Male,28,1035492,Repeat,26-35
C04003,Male,34,483502,New,36-45
C04004,Male,38,480947,Repeat,26-35
C04005,Male,38,533145,Repeat,26-35
C04006,Male,46,407339,New,46-60
C04007,Male,37,427611,New,26-35
C04008,Male,34,642968,New,26-35
C04009,Male,47,1083115,New,46-60
C04010,Male,27,778342,Repeat,46-60
C04011,Male,28,978396,New,36-45
C04012,Male,29,393951,Repeat,18-25
C04013,Male,32,778267,New,18-25
C04014,Female,42,788148,Repeat,36-45
C04015,Male,49,462934,Repeat,26-35
C04016,Female,39,640701,Repeat,18-25
C04017,Female,35,554809,New,26-35
C04018,Male,26,504845,New,46-60
C04019,Male,20,1246296,New,26-35
C04020,Male,31,724755,New,26-35
C04021,Male,24,409611,New,26-35
C04022,Female,31,450014,New,36-45
C04023,Male,35,680594,Repeat,26-35
C04024,Male,35,2233607,Repeat,26-35
C04025,Male,32,508918,New,26-35
C04026,Male,42,2386926,New,18-25
C04027,Female,33,817170,New,36-45
C04028,Male,22,1764119,Repeat,46-60
C04029,Male,25,511639,Repeat,36-45
C04030,Male,26,308941,Repeat,36-45
C04031,Female,20,861668,New,46-60
C04032,Female,40,747586,New,46-60
C04033,Male,30,720933,New,36-45
C04034,Female,33,1022446,New,26-35
C04035,Male,45,471503,Repeat,26-35
C04036,Female,40,1184433,Repeat,36-45
C04037,Male,33,871395,Repeat,36-45
C04038,Female,44,494866,Repeat,46-60
C04039,Male,24,290691,New,36-45
C04040,Male,41,329328,Repeat,18-25
C04041,Male,27,283857,Repeat,36-45
C04042,Male,39,633800,Repeat,26-35
C04043,Male,29,1290117,New,26-35
C04044,Male,29,681889,Repeat,36-45
C04045,Male,25,831162,Repeat,26-35
C04046,Male,42,885189,Repeat,46-60
C04047,Female,29,333599,Repeat,36-45
C04048,Male,30,885529,New,26-35
C04049,Male,43,531374,Repeat,36-45
C04050,Male,31,606923,New,36-45
C04051,Male,38,687011,New,36-45
C04052,Male,30,449724,Repeat,26-35
C04053,Male,21,981999,New,36-45
C04054,Male,45,188022,Repeat,18-25
C04055,Male,33,1257463,New,26-35
C04056,Male,32,649686,New,26-35
C04057,Male,35,936416,New,46-60
C04058,Male,38,469807,Repeat,36-45
C04059,Male,31,338418,Repeat,18-25
C04060,Female,20,658914,New,36-45
C04061,Female,24,358779,New,18-25
C04062,Male,31,459191,New,36-45
C04063,Male,29,833094,Repeat,18-25
C04064,Male,25,554051,New,26-35
C04065,Male,36,389320,New,26-35
C04066,Female,40,666357,New,26-35
C04067,Male,25,555472,Repeat,26-35
C04068,Female,37,1079808,New,36-45
C04069,Female,32,631102,New,26-35
C04070,Male,28,205992,New,36-45
C04071,Male,34,749197,Repeat,26-35
C04072,Male,38,604664,New,18-25
C04073,Female,43,603893,Repeat,36-45
C04074,Male,34,736926,Repeat,26-35
C04075,Female,38,976114,Repeat,26-35
C04076,Male,20,964407,New,26-35
C04077,Female,38,682036,New,18-25
C04078,Male,24,443571,New,26-35
C04079,Male,41,1824620,Repeat,36-45
C04080,Male,25,582383,New,26-35
C04081,Male,29,377728,Repeat,18-25
C04082,Male,21,713398,Repeat,36-45
C04083,Male,33,474295,New,26-35
C04084,Male,28,799606,New,36-45
C04085,Female,39,943250,New,26-35
C04086,Female,33,709185,Repeat,46-60
C04087,Male,29,654669,New,26-35
C04088,Female,20,399954,New,36-45
C04089,Male,30,987582,Repeat,36-45
C04090,Male,25,567701,New,26-35
C04091,Female,37,355942,Repeat,46-60
C04092,Male,36,965039,New,36-45
C04093,Male,30,972045,Repeat,26-35
C04094,Female,46,706798,New,26-35
C04095,Female,22,397214,New,18-25
C04096,Male,30,431850,New,26-35
C04097,Female,31,385246,New,36-45
C04098,Male,42,836931,Repeat,26-35
C04099,Female,27,862518,Repeat,26-35
C04100,Male,43,387917,Repeat,18-25
C04101,Male,35,404492,Repeat,36-45
C04102,Female,40,796494,New,36-45
C04103,Male,28,362515,Repeat,18-25
C04104,Male,37,325186,Repeat,36-45
C04105,Male,26,538297,New,18-25
C04106,Male,21,403150,New,36-45
C04107,Male,40,739045,New,26-35
C04108,Female,40,1052431,New,18-25
C04109,Female,39,994185,Repeat,36-45
C04110,Female,39,663148,Repeat,26-35
C04111,Male,32,549893,Repeat,18-25
C04112,Female,20,1012522,New,36-45
C04113,Male,24,741305,Repeat,46-60
C04114,Male,36,498353,Repeat,36-45
C04115,Male,29,469539,Repeat,26-35
C04116,Female,38,1349797,Repeat,26-35
C04117,Female,37,827290,New,26-35
C04118,Male,25,283808,New,36-45
C04119,Male,47,640302,Repeat,46-60
C04120,Male,38,737380,Repeat,18-25
C04121,Male,20,435664,New,26-35
C04122,Male,38,554326,New,26-35
C04123,Male,28,1049275,New,26-35
C04124,Male,29,281174,New,18-25
C04125,Female,22,383312,New,36-45
C04126,Male,34,1098052,New,26-35
C04127,Female,43,891552,Repeat,26-35
C04128,Female,38,924906,Repeat,46-60
C04129,Male,25,923264,New,36-45
C04130,Male,33,452671,New,26-35
C04131,Male,34,836204,New,18-25
C04132,Female,32,287755,New,26-35
C04133,Female,30,911564,Repeat,26-35
C04134,Male,38,479574,New,36-45
C04135,Male,20,566791,Repeat,18-25
C04136,Male,23,468984,Repeat,36-45
C04137,Male,27,518876,New,26-35
C04138,Female,31,592546,New,18-25
C04139,Female,36,425841,New,26-35
C04140,Male,44,180000,Repeat,36-45
C04141,Male,34,334025,New,26-35
C04142,Male,32,962850,New,26-35
C04143,Male,20,840532,New,18-25
C04144,Female,25,672215,New,36-45
C04145,Female,20,313063,New,36-45
C04146,Female,51,693728,New,26-35
C04147,Male,40,278390,New,26-35
C04148,Female,31,1147105,New,26-35
C04149,Male,29,733558,New,36-45
C04150,Male,20,243478,New,36-45
C04151,Male,28,398453,Repeat,36-45
C04152,Male,24,1195556,New,36-45
C04153,Male,31,453546,Repeat,26-35
C04154,Male,25,1140693,New,18-25
C04155,Male,25,578939,New,36-45
C04156,Male,27,880508,New,46-60
C04157,Female,20,712737,New,36-45
C04158,Male,25,335748,Repeat,36-45
C04159,Male,20,772448,Repeat,26-35
C04160,Male,28,1261623,New,36-45
C04161,Male,31,1108784,New,18-25
C04162,Female,29,780793,Repeat,36-45
C04163,Female,32,851055,New,26-35
C04164,Female,24,972557,Repeat,36-45
C04165,Male,39,386014,Repeat,26-35
C04166,Male,20,1437274,New,18-25
C04167,Male,39,762607,New,26-35
C04168,Male,25,809220,New,26-35
C04169,Female,25,377003,New,18-25
C04170,Female,28,1771606,New,36-45
C04171,Female,23,901215,New,36-45
C04172,Male,27,486064,New,26-35
C04173,Male,42,359261,New,26-35
C04174,Male,20,433319,New,26-35
C04175,Male,30,891893,New,18-25
C04176,Male,20,763344,New,36-45
C04177,Female,27,270752,New,36-45
C04178,Male,23,1426000,Repeat,36-45
C04179,Male,38,639341,Repeat,18-25
C04180,Male,30,975567,Repeat,26-35
C04181,Male,30,416301,Repeat,18-25
C04182,Male,25,492771,Repeat,26-35
C04183,Female,31,481366,New,18-25
C04184,Male,35,463342,New,26-35
C04185,Male,32,630763,Repeat,26-35
C04186,Female,30,404652,New,36-45
C04187,Female,34,318998,Repeat,26-35
C04188,Male,24,422991,New,26-35
C04189,Male,31,684250,Repeat,18-25
C04190,Male,48,554354,Repeat,18-25
C04191,Female,29,609511,Repeat,36-45
C04192,Male,20,805269,New,18-25
C04193,Male,24,774870,Repeat,36-45
C04194,Male,21,1486845,Repeat,36-45
C04195,Female,35,653207,New,36-45
C04196,Male,37,2504167,New,46-60
C04197,Male,36,874237,New,26-35
C04198,Male,37,295090,New,26-35
C04199,Female,26,573473,New,18-25
C04200,Male,33,1180084,New,18-25
C04201,Female,28,668118,New,36-45
C04202,Male,32,378880,Repeat,26-35
C04203,Female,37,676828,Repeat,18-25
C04204,Female,20,628132,New,36-45
C04205,Male,34,829327,New,26-35
C04206,Male,20,640281,New,26-35
C04207,Male,31,1183885,New,36-45
C04208,Male,39,351483,New,46-60
C04209,Male,32,945089,Repeat,46-60
C04210,Male,53,526656,New,26-35
C04211,Female,35,840599,New,26-35
C04212,Female,29,599398,New,36-45
C04213,Male,29,478572,New,26-35
C04214,Female,32,510155,Repeat,46-60
C04215,Male,32,689567,New,26-35
C04216,Male,27,799640,Repeat,18-25
C04217,Female,40,404546,New,36-45
C04218,Male,26,911934,New,26-35
C04219,Male,32,580240,Repeat,26-35
C04220,Female,47,473036,New,26-35
C04221,Male,27,921632,New,36-45
C04222,Male,31,536420,Repeat,26-35
C04223,Male,27,301585,Repeat,26-35
C04224,Female,36,834269,New,46-60
C04225,Male,36,427642,Repeat,26-35
C04226,Male,37,904988,New,46-60
C04227,Male,35,1468307,New,26-35
C04228,Male,20,648367,New,26-35
C04229,Female,34,335651,New,36-45
C04230,Male,30,430225,New,26-35
C04231,Female,24,461315,New,26-35
C04232,Male,34,939315,Repeat,36-45
C04233,Female,46,301786,Repeat,26-35
C04234,Male,27,940738,New,26-35
C04235,Male,32,1707339,New,26-35
C04236,Male,37,592777,New,46-60
C04237,Male,43,420444,New,26-35
C04238,Female,30,773289,Repeat,26-35
C04239,Male,44,385268,New,46-60
C04240,Male,27,1317025,New,26-35
C04241,Male,34,256737,New,18-25
C04242,Male,51,690682,New,26-35
C04243,Male,35,255409,New,36-45
C04244,Female,30,383854,New,36-45
C04245,Male,28,635668,New,18-25
C04246,Male,37,627781,New,26-35
C04247,Female,34,796612,New,18-25
C04248,Male,41,393166,Repeat,26-35
C04249,Male,36,1729940,New,26-35
C04250,Female,29,805361,New,26-35
C04251,Male,28,565602,New,26-35
C04252,Male,27,750845,New,36-45
C04253,Male,29,359086,New,36-45
C04254,Female,26,358770,New,26-35
C04255,Female,31,747753,New,26-35
C04256,Male,43,639284,Repeat,26-35
C04257,Male,20,501362,Repeat,18-25
C04258,Male,20,1008047,New,18-25
C04259,Male,25,638714,New,18-25
C04260,Male,34,662377,New,36-45
C04261,Male,35,746209,Repeat,26-35
C04262,Female,30,718411,Repeat,18-25
C04263,Female,28,336654,New,26-35
C04264,Male,25,888305,New,26-35
C04265,Female,26,464200,New,26-35
C04266,Male,25,602135,New,36-45
C04267,Female,22,327715,Repeat,36-45
C04268,Male,40,555232,New,26-35
C04269,Male,26,543032,New,36-45
C04270,Female,32,891934,New,46-60
C04271,Male,24,653272,New,18-25
C04272,Male,28,604233,New,46-60
C04273,Male,24,458338,Repeat,26-35
C04274,Male,28,943791,New,26-35
C04275,Male,42,394413,Repeat,26-35
C04276,Male,48,304306,New,36-45
C04277,Female,23,921876,New,26-35
C04278,Male,31,375906,New,26-35
C04279,Female,24,857148,New,26-35
C04280,Male,35,1166314,New,26-35
C04281,Female,20,1002644,New,18-25
C04282,Male,22,472847,New,26-35
C04283,Female,25,848683,New,26-35
C04284,Male,38,851880,Repeat,36-45
C04285,Male,35,854506,Repeat,46-60
C04286,Male,25,617448,New,26-35
C04287,Male,20,921214,Repeat,26-35
C04288,Male,33,757301,New,26-35
C04289,Male,34,785496,New,18-25
C04290,Male,31,649214,Repeat,36-45
C04291,Male,37,1184598,Repeat,26-35
C04292,Male,29,403699,New,26-35
C04293,Male,34,798706,Repeat,26-35
C04294,Male,41,436046,New,26-35
C04295,Female,23,1304541,New,36-45
C04296,Male,24,554726,New,36-45
C04297,Male,45,461052,New,26-35
C04298,Male,44,1069838,Repeat,36-45
C04299,Male,29,544617,New,26-35
C04300,Female,43,806072,Repeat,18-25
C04301,Male,21,452025,New,26-35
C04302,Female,36,421869,New,26-35
C04303,Male,31,1015797,New,26-35
C04304,Male,28,519427,Repeat,18-25
C04305,Male,36,294036,New,26-35
C04306,Male,28,619072,Repeat,26-35
C04307,Female,36,1018239,Repeat,36-45
C04308,Male,20,580859,New,26-35
C04309,Male,35,401857,New,26-35
C04310,Female,20,563190,New,26-35
C04311,Male,31,581498,Repeat,26-35
C04312,Male,38,364972,Repeat,26-35
C04313,Female,31,669412,New,26-35
C04314,Male,37,1146421,New,26-35
C04315,Male,20,1091482,New,26-35
C04316,Male,20,389951,New,36-45
C04317,Female,25,635689,Repeat,26-35
C04318,Male,23,1720785,New,26-35
C04319,Male,38,714631,New,36-45
C04320,Male,24,494160,New,36-45
C04321,Male,20,1404929,Repeat,18-25
C04322,Male,29,395848,New,18-25
C04323,Female,30,474261,New,26-35
C04324,Male,31,676898,New,18-25
C04325,Male,20,838420,New,26-35
C04326,Male,25,654059,Repeat,26-35
C04327,Male,32,544430,Repeat,36-45
C04328,Male,41,947795,Repeat,18-25
C04329,Male,34,602998,Repeat,18-25
C04330,Male,25,639204,New,18-25
C04331,Male,37,444758,Repeat,18-25
C04332,Female,30,536025,New,18-25
C04333,Male,24,1063345,New,26-35
C04334,Female,28,305251,Repeat,26-35
C04335,Male,29,730350,New,26-35
C04336,Male,31,515396,Repeat,36-45
C04337,Male,41,900034,New,46-60
C04338,Male,23,469174,New,46-60
C04339,Male,20,959374,New,26-35
C04340,Male,34,407422,New,26-35
C04341,Male,26,755430,New,26-35
C04342,Male,35,1180108,Repeat,26-35
C04343,Male,26,526630,Repeat,18-25
C04344,Male,20,811347,New,36-45
C04345,Male,37,288271,Repeat,26-35
C04346,Female,24,676890,Repeat,46-60
C04347,Male,34,1919670,New,26-35
C04348,Male,35,706827,Repeat,36-45
C04349,Male,20,732713,New,18-25
C04350,Female,31,587149,New,26-35
C04351,Male,26,1408863,Repeat,26-35
C04352,Male,34,1635413,Repeat,36-45
C04353,Male,29,1402549,New,26-35
C04354,Male,31,457544,Repeat,36-45
C04355,Male,34,566892,New,18-25
C04356,Male,37,537244,New,36-45
C04357,Male,21,1015191,New,26-35
C04358,Male,27,526450,Repeat,36-45
C04359,Male,33,614774,New,26-35
C04360,Male,20,523599,New,26-35
C04361,Male,25,1150444,New,46-60
C04362,Female,37,585090,New,36-45
C04363,Male,32,425307,New,26-35
C04364,Female,30,966024,New,18-25
C04365,Male,35,439788,New,18-25
C04366,Male,43,538271,New,26-35
C04367,Male,26,596676,New,18-25
C04368,Male,20,296861,New,26-35
C04369,Male,41,549010,New,26-35
C04370,Male,39,427498,New,36-45
C04371,Male,38,749017,New,26-35
C04372,Female,31,432728,New,36-45
C04373,Male,20,527774,New,26-35
C04374,Male,24,749091,New,26-35
C04375,Male,21,585842,Repeat,36-45
C04376,Male,28,694930,New,26-35
C04377,Male,35,483438,New,36-45
C04378,Male,28,324896,New,36-45
C04379,Male,38,462474,New,26-35
C04380,Male,37,1459526,New,36-45
C04381,Female,28,542610,Repeat,26-35
C04382,Female,38,1911480,Repeat,36-45
C04383,Male,35,379049,New,36-45
C04384,Female,31,548995,New,18-25
C04385,Male,33,704913,New,26-35
C04386,Male,35,543331,New,36-45
C04387,Female,35,1123497,Repeat,46-60
C04388,Male,35,960689,New,26-35
C04389,Female,21,595302,Repeat,18-25
C04390,Female,36,504218,Repeat,46-60
C04391,Male,30,759772,Repeat,26-35
C04392,Female,32,1210809,New,26-35
C04393,Male,36,678407,Repeat,36-45
C04394,Male,37,888074,New,18-25
C04395,Male,34,875480,New,26-35
C04396,Male,31,374834,New,26-35
C04397,Male,26,682900,New,18-25
C04398,Male,34,513949,New,18-25
C04399,Male,38,486657,New,26-35
C04400,Male,27,666089,New,18-25
C04401,Male,40,1010791,New,26-35
C04402,Male,43,440700,New,26-35
C04403,Female,22,1253976,Repeat,18-25
C04404,Female,29,969873,Repeat,26-35
C04405,Male,37,597600,New,26-35
C04406,Male,34,553707,Repeat,26-35
C04407,Female,28,551392,New,46-60
C04408,Male,42,1019891,Repeat,36-45
C04409,Male,33,739282,New,36-45
C04410,Male,22,457535,New,26-35
C04411,Female,39,515372,Repeat,36-45
C04412,Male,40,614933,New,18-25
C04413,Male,27,319840,New,36-45
C04414,Male,39,524144,New,26-35
C04415,Male,27,1170706,Repeat,18-25
C04416,Male,20,997418,New,18-25
C04417,Male,40,575311,New,36-45
C04418,Female,39,403505,New,26-35
C04419,Male,25,328480,New,36-45
C04420,Male,38,533904,New,26-35
C04421,Female,29,494282,New,36-45
C04422,Male,29,629811,Repeat,26-35
C04423,Female,37,724121,New,36-45
C04424,Male,44,653803,New,26-35
C04425,Female,57,338946,Repeat,26-35
C04426,Male,38,180000,Repeat,26-35
C04427,Male,33,293001,New,26-35
C04428,Male,24,281762,Repeat,26-35
C04429,Male,30,475956,Repeat,18-25
C04430,Male,36,607854,New,26-35
C04431,Male,20,647490,Repeat,36-45
C04432,Male,36,321984,Repeat,36-45
C04433,Male,33,452397,New,18-25
C04434,Male,34,389401,New,46-60
C04435,Male,24,602343,New,46-60
C04436,Male,35,679134,New,26-35
C04437,Female,23,1238375,New,26-35
C04438,Male,50,728459,New,26-35
C04439,Female,39,900287,New,46-60
C04440,Male,27,879695,New,26-35
C04441,Female,34,821407,New,26-35
C04442,Male,26,561694,New,36-45
C04443,Male,39,823979,Repeat,46-60
C04444,Male,34,859660,New,36-45
C04445,Female,37,1217945,New,18-25
C04446,Male,20,783487,New,26-35
C04447,Male,32,1199593,New,26-35
C04448,Female,20,499440,New,36-45
C04449,Male,32,360207,New,18-25
C04450,Female,54,1491567,New,26-35
C04451,Female,26,553130,Repeat,26-35
C04452,Male,33,680449,New,26-35
C04453,Male,35,452078,New,18-25
C04454,Male,25,379152,New,36-45
C04455,Male,29,723272,New,46-60
C04456,Male,21,665842,Repeat,36-45
C04457,Male,46,533953,New,26-35
C04458,Male,22,848864,New,26-35
C04459,Male,26,1149548,New,26-35
C04460,Male,29,1416351,New,36-45
C04461,Female,31,1079400,Repeat,46-60
C04462,Male,41,838918,New,26-35
C04463,Male,20,1143337,Repeat,36-45
C04464,Male,20,878347,New,26-35
C04465,Male,31,425489,New,26-35
C04466,Female,26,622626,New,18-25
C04467,Female,39,686060,Repeat,18-25
C04468,Male,40,893034,Repeat,26-35
C04469,Male,35,550558,New,26-35
C04470,Male,53,1011098,New,36-45
C04471,Male,30,418919,New,26-35
C04472,Male,43,814131,New,26-35
C04473,Male,28,609614,Repeat,18-25
C04474,Male,29,654826,New,18-25
C04475,Male,40,474896,New,18-25
C04476,Male,31,785975,New,18-25
C04477,Male,22,730866,New,26-35
C04478,Male,36,956498,New,36-45
C04479,Male,30,305093,New,18-25
C04480,Male,30,1560938,Repeat,36-45
C04481,Male,33,642242,New,46-60
C04482,Male,31,541911,New,26-35
C04483,Female,33,323310,New,26-35
C04484,Female,37,503575,Repeat,18-25
C04485,Female,31,373140,New,46-60
C04486,Male,25,421322,New,36-45
C04487,Female,31,751279,New,26-35
C04488,Male,38,616022,New,26-35
C04489,Male,25,347254,New,18-25
C04490,Male,31,471765,New,26-35
C04491,Male,38,369729,New,36-45
C04492,Female,25,1278189,Repeat,26-35
C04493,Female,40,432145,New,46-60
C04494,Male,34,677891,New,26-35
C04495,Male,24,379257,Repeat,26-35
C04496,Male,27,710206,New,36-45
C04497,Female,39,673577,New,26-35
C04498,Male,25,1576494,New,26-35
C04499,Male,33,293172,New,46-60
C04500,Male,33,1219691,New,36-45
C04501,Male,35,1907939,New,18-25
C04502,Male,29,498100,New,26-35
C04503,Male,25,1945066,Repeat,18-25
C04504,Male,29,775355,New,18-25
C04505,Male,43,527601,New,26-35
C04506,Female,37,589114,New,26-35
C04507,Male,35,508228,Repeat,26-35
C04508,Female,41,346825,Repeat,36-45
C04509,Female,34,1310618,Repeat,26-35
C04510,Male,36,1785005,Repeat,26-35
C04511,Male,29,340561,New,46-60
C04512,Male,39,756634,Repeat,26-35
C04513,Female,31,564164,New,26-35
C04514,Male,27,1795932,New,18-25
C04515,Male,31,270240,New,36-45
C04516,Female,39,667685,New,26-35
C04517,Female,30,427452,New,36-45
C04518,Male,36,635679,Repeat,18-25
C04519,Female,42,1362235,New,18-25
C04520,Female,46,1907419,Repeat,26-35
C04521,Male,32,745706,Repeat,36-45
C04522,Male,44,448532,New,36-45
C04523,Male,35,925778,Repeat,18-25
C04524,Male,21,445852,New,26-35
C04525,Female,29,1207994,Repeat,26-35
C04526,Male,30,1273182,New,36-45
C04527,Male,24,1184801,Repeat,46-60
C04528,Male,25,498725,New,18-25
C04529,Female,39,507773,New,26-35
C04530,Male,20,778298,New,26-35
C04531,Male,41,383432,New,18-25
C04532,Male,36,356385,New,26-35
C04533,Male,24,1079314,Repeat,46-60
C04534,Male,38,497948,Repeat,26-35
C04535,Male,36,905123,Repeat,26-35
C04536,Female,29,413984,New,26-35
C04537,Male,23,751587,Repeat,46-60
C04538,Male,28,381947,New,26-35
C04539,Male,20,721668,Repeat,46-60
C04540,Male,40,393760,Repeat,36-45
C04541,Male,36,1936360,New,26-35
C04542,Male,21,728160,New,26-35
C04543,Male,20,443587,New,46-60
C04544,Male,41,455073,New,26-35
C04545,Male,28,260522,New,26-35
C04546,Male,39,909577,New,18-25
C04547,Male,36,473070,New,26-35
C04548,Male,26,840667,New,26-35
C04549,Male,38,623867,Repeat,18-25
C04550,Male,38,743880,Repeat,36-45
C04551,Female,34,466714,New,18-25
C04552,Male,28,500462,New,18-25
C04553,Male,28,334809,New,36-45
C04554,Male,30,481411,Repeat,26-35
C04555,Male,30,898071,Repeat,36-45
C04556,Male,36,698020,Repeat,26-35
C04557,Male,27,891897,New,26-35
C04558,Male,25,408343,Repeat,36-45
C04559,Male,32,1153553,New,26-35
C04560,Male,22,478495,New,26-35
C04561,Female,36,932464,Repeat,26-35
C04562,Male,38,773940,Repeat,26-35
C04563,Female,26,687536,Repeat,36-45
C04564,Male,23,843690,Repeat,26-35
C04565,Male,34,310913,New,26-35
C04566,Male,37,795218,New,26-35
C04567,Male,30,769503,New,26-35
C04568,Male,48,712811,Repeat,36-45
C04569,Female,21,493316,New,36-45
C04570,Female,30,530878,New,26-35
C04571,Female,27,351657,New,46-60
C04572,Male,40,327661,New,26-35
C04573,Male,43,554769,New,26-35
C04574,Male,37,313849,New,26-35
C04575,Male,33,628155,Repeat,36-45
C04576,Male,37,1070543,New,26-35
C04577,Male,36,940807,New,26-35
C04578,Male,36,809548,New,36-45
C04579,Male,27,775898,Repeat,26-35
C04580,Male,41,561173,Repeat,26-35
C04581,Female,22,883150,New,26-35
C04582,Male,45,493435,New,36-45
C04583,Male,24,613953,New,26-35
C04584,Male,35,1047565,New,46-60
C04585,Male,35,312752,Repeat,18-25
C04586,Male,20,455466,Repeat,26-35
C04587,Female,20,1231118,New,26-35
C04588,Female,27,362015,New,26-35
C04589,Male,21,836841,New,18-25
C04590,Male,44,925323,New,26-35
C04591,Male,49,751806,New,26-35
C04592,Male,27,519342,Repeat,36-45
C04593,Male,20,758728,Repeat,36-45
C04594,Male,32,586533,New,36-45
C04595,Male,41,827287,New,26-35
C04596,Male,31,255431,New,26-35
C04597,Male,36,1272758,New,26-35
C04598,Male,29,620100,Repeat,18-25
C04599,Male,30,671083,New,46-60
C04600,Male,28,471799,New,46-60
C04601,Male,36,975511,Repeat,26-35
C04602,Male,32,583919,New,18-25
C04603,Male,43,1307807,Repeat,36-45
C04604,Female,32,918023,Repeat,26-35
C04605,Male,29,270340,New,26-35
C04606,Female,44,574587,New,26-35
C04607,Male,21,528999,Repeat,26-35
C04608,Male,36,1000333,New,26-35
C04609,Female,41,230204,Repeat,46-60
C04610,Male,29,550657,New,26-35
C04611,Male,32,589104,New,36-45
C04612,Female,37,765648,New,18-25
C04613,Male,27,426118,Repeat,26-35
C04614,Male,30,362491,New,26-35
C04615,Female,42,631359,New,18-25
C04616,Male,20,551633,New,26-35
C04617,Male,45,432316,New,26-35
C04618,Female,30,1099156,New,26-35
C04619,Male,35,422940,New,36-45
C04620,Male,32,1221034,New,26-35
C04621,Male,28,393499,New,18-25
C04622,Male,28,570702,Repeat,26-35
C04623,Female,20,460670,New,18-25
C04624,Male,22,715415,New,18-25
C04625,Male,30,1243898,New,26-35
C04626,Male,24,398561,New,26-35
C04627,Male,40,316377,New,36-45
C04628,Female,32,991962,New,36-45
C04629,Male,22,1256453,Repeat,26-35
C04630,Female,24,260339,New,18-25
C04631,Male,29,918979,New,36-45
C04632,Female,35,373921,New,36-45
C04633,Male,45,416037,Repeat,26-35
C04634,Female,28,388294,New,36-45
C04635,Male,20,638854,New,26-35
C04636,Male,23,1068348,Repeat,36-45
C04637,Male,58,565701,New,26-35
C04638,Male,38,719140,Repeat,26-35
C04639,Male,36,528832,Repeat,18-25
C04640,Male,33,1327112,New,36-45
C04641,Female,20,718308,New,26-35
C04642,Female,47,560974,New,26-35
C04643,Male,45,530390,Repeat,26-35
C04644,Male,43,675282,New,46-60
C04645,Male,22,446949,New,36-45
C04646,Male,21,256361,New,46-60
C04647,Male,29,1098035,Repeat,18-25
C04648,Male,26,529676,Repeat,26-35
C04649,Female,34,646248,Repeat,18-25
C04650,Male,25,1118102,New,26-35
C04651,Male,38,1138700,New,36-45
C04652,Male,22,390170,New,46-60
C04653,Female,33,288103,New,46-60
C04654,Male,38,568256,New,26-35
C04655,Male,38,537032,New,18-25
C04656,Male,35,852702,New,26-35
C04657,Male,28,539852,Repeat,36-45
C04658,Female,38,1862067,New,26-35
C04659,Male,29,730230,New,18-25
C04660,Male,21,277718,Repeat,26-35
C04661,Male,23,562303,Repeat,26-35
C04662,Male,36,351026,New,26-35
C04663,Female,33,637461,Repeat,36-45
C04664,Male,34,731676,New,36-45
C04665,Male,21,748642,New,26-35
C04666,Female,32,248176,Repeat,36-45
C04667,Male,29,1001444,New,46-60
C04668,Male,31,609361,Repeat,26-35
C04669,Male,26,951587,New,46-60
C04670,Female,36,658722,Repeat,26-35
C04671,Female,21,531256,Repeat,36-45
C04672,Female,22,450223,New,36-45
C04673,Female,22,284949,New,26-35
C04674,Female,31,712020,Repeat,18-25
C04675,Male,30,339523,New,36-45
C04676,Male,40,566268,New,36-45
C04677,Female,31,321440,New,18-25
C04678,Male,41,1424052,New,18-25
C04679,Male,27,492391,New,36-45
C04680,Male,38,737639,New,26-35
C04681,Male,27,813648,New,26-35
C04682,Male,24,540454,Repeat,26-35
C04683,Male,35,1743122,New,26-35
C04684,Male,30,546150,New,26-35
C04685,Male,26,251430,New,46-60
C04686,Female,33,788444,New,26-35
C04687,Female,33,959743,New,26-35
C04688,Female,30,724544,New,36-45
C04689,Male,29,861342,New,36-45
C04690,Male,26,748389,Repeat,36-45
C04691,Female,28,474895,New,46-60
C04692,Male,47,589713,Repeat,26-35
C04693,Female,25,392593,New,26-35
C04694,Male,22,689723,New,26-35
C04695,Female,37,830440,New,36-45
C04696,Male,29,406252,New,26-35
C04697,Male,37,262053,New,18-25
C04698,Male,40,813933,New,36-45
C04699,Male,27,571233,New,26-35
C04700,Male,29,682780,New,36-45
C04701,Male,27,874324,New,18-25
C04702,Female,34,268159,New,26-35
C04703,Male,28,549304,Repeat,18-25
C04704,Male,31,688850,New,36-45
C04705,Male,20,558017,Repeat,26-35
C04706,Male,20,447589,New,18-25
C04707,Female,24,1368757,Repeat,18-25
C04708,Male,43,783954,New,36-45
C04709,Male,31,649446,New,26-35
C04710,Male,30,1137172,Repeat,36-45
C04711,Female,25,798518,New,26-35
C04712,Male,29,723361,New,36-45
C04713,Male,47,449778,New,36-45
C04714,Female,35,430191,New,26-35
C04715,Male,21,349108,New,36-45
C04716,Male,26,1200154,Repeat,26-35
C04717,Male,40,1192572,Repeat,26-35
C04718,Male,37,329940,Repeat,18-25
C04719,Male,40,555417,New,26-35
C04720,Female,31,576119,New,26-35
C04721,Male,31,639730,New,26-35
C04722,Male,34,765173,New,26-35
C04723,Male,23,426251,New,36-45
C04724,Male,24,559437,New,36-45
C04725,Male,26,222042,New,36-45
C04726,Male,37,288559,Repeat,36-45
C04727,Male,39,385333,New,26-35
C04728,Male,24,692777,New,26-35
C04729,Male,26,556501,New,46-60
C04730,Male,38,373337,New,46-60
C04731,Female,37,526176,New,26-35
C04732,Male,38,798486,New,26-35
C04733,Male,36,536286,New,26-35
C04734,Male,25,470078,New,26-35
C04735,Female,31,480406,Repeat,26-35
C04736,Male,39,742767,Repeat,46-60
C04737,Male,25,450732,New,46-60
C04738,Male,42,1604476,New,46-60
C04739,Male,30,562142,New,26-35
C04740,Male,26,1224352,Repeat,36-45
C04741,Female,25,400186,New,26-35
C04742,Male,20,588800,New,36-45
C04743,Male,33,1334352,New,26-35
C04744,Female,20,574257,New,46-60
C04745,Female,28,1097180,New,26-35
C04746,Male,32,250456,New,26-35
C04747,Male,30,180000,New,36-45
C04748,Male,42,944560,New,26-35
C04749,Male,30,539609,New,36-45
C04750,Male,41,560257,New,26-35
C04751,Male,40,791137,New,46-60
C04752,Male,30,408980,New,26-35
C04753,Male,40,782776,New,36-45
C04754,Female,40,416193,Repeat,26-35
C04755,Female,29,596982,New,18-25
C04756,Male,37,1227813,New,18-25
C04757,Male,26,1936608,Repeat,26-35
C04758,Male,24,468635,Repeat,26-35
C04759,Male,38,579692,New,36-45
C04760,Male,24,908608,Repeat,26-35
C04761,Male,25,746182,New,26-35
C04762,Male,30,817655,Repeat,26-35
C04763,Male,25,596013,Repeat,36-45
C04764,Female,23,567575,Repeat,26-35
C04765,Male,26,1318436,Repeat,18-25
C04766,Male,20,697746,New,18-25
C04767,Male,20,886235,New,36-45
C04768,Female,32,670478,New,18-25
C04769,Male,39,1369856,New,26-35
C04770,Male,28,404292,New,36-45
C04771,Male,30,1263034,New,46-60
C04772,Female,25,397577,Repeat,46-60
C04773,Male,33,218783,Repeat,36-45
C04774,Female,29,692821,New,18-25
C04775,Male,32,537093,Repeat,36-45
C04776,Male,28,360781,Repeat,26-35
C04777,Male,35,859654,New,36-45
C04778,Female,24,936089,New,46-60
C04779,Male,40,463606,Repeat,18-25
C04780,Female,27,572661,New,36-45
C04781,Female,36,451948,New,26-35
C04782,Female,20,575058,New,46-60
C04783,Female,35,636651,Repeat,18-25
C04784,Male,22,730695,New,36-45
C04785,Male,31,504720,New,26-35
C04786,Female,29,674980,New,36-45
C04787,Male,35,524691,New,18-25
C04788,Male,34,887173,New,26-35
C04789,Male,33,417225,Repeat,46-60
C04790,Male,32,237574,New,46-60
C04791,Female,36,514093,New,36-45
C04792,Male,28,1620869,Repeat,36-45
C04793,Female,35,443185,Repeat,26-35
C04794,Male,44,1052442,New,36-45
C04795,Male,30,1767368,New,18-25
C04796,Female,28,681230,New,18-25
C04797,Male,20,821662,New,36-45
C04798,Male,42,605322,New,36-45
C04799,Male,20,549412,New,26-35
C04800,Male,30,565778,New,26-35
C04801,Female,39,1307973,New,26-35
C04802,Male,36,460135,New,26-35
C04803,Female,36,723543,New,26-35
C04804,Male,31,1204253,Repeat,26-35
C04805,Male,31,783898,New,36-45
C04806,Female,43,1121497,New,26-35
C04807,Male,39,1157622,New,36-45
C04808,Male,43,648473,Repeat,26-35
C04809,Male,29,441954,New,26-35
C04810,Male,22,1282367,Repeat,36-45
C04811,Male,39,267766,Repeat,36-45
C04812,Male,25,577701,New,26-35
C04813,Male,20,1115009,Repeat,36-45
C04814,Male,33,385601,Repeat,26-35
C04815,Male,45,338681,Repeat,18-25
C04816,Male,22,701817,New,18-25
C04817,Male,39,405648,New,26-35
C04818,Male,27,489433,New,46-60
C04819,Female,34,504977,Repeat,26-35
C04820,Male,30,362573,New,26-35
C04821,Male,35,498651,Repeat,18-25
C04822,Male,26,720151,Repeat,26-35
C04823,Male,37,656810,Repeat,18-25
C04824,Female,43,352620,New,18-25
C04825,Female,42,552625,New,18-25
C04826,Male,27,592180,New,26-35
C04827,Male,22,862420,Repeat,26-35
C04828,Female,40,370690,New,26-35
C04829,Male,35,974799,New,36-45
C04830,Male,21,529404,Repeat,18-25
C04831,Male,44,1093313,New,26-35
C04832,Male,28,518996,New,26-35
C04833,Male,21,908233,New,26-35
C04834,Male,38,627138,New,18-25
C04835,Male,25,1111944,Repeat,18-25
C04836,Male,27,323903,New,26-35
C04837,Female,39,568224,Repeat,36-45
C04838,Male,46,980629,Repeat,26-35
C04839,Female,31,615969,Repeat,18-25
C04840,Male,23,406464,New,26-35
C04841,Male,26,457850,Repeat,18-25
C04842,Male,26,671293,Repeat,36-45
C04843,Female,30,1195845,New,26-35
C04844,Male,33,548535,New,26-35
C04845,Male,35,1456512,New,36-45
C04846,Male,46,655174,New,46-60
C04847,Male,22,707398,New,26-35
C04848,Female,26,390034,New,26-35
C04849,Male,39,1172207,Repeat,46-60
C04850,Male,37,558337,New,18-25
C04851,Female,25,737837,New,18-25
C04852,Male,36,786401,New,36-45
C04853,Male,25,1233387,New,36-45
C04854,Female,27,577320,New,46-60
C04855,Male,31,271257,Repeat,36-45
C04856,Male,32,819857,New,26-35
C04857,Male,36,703199,Repeat,46-60
C04858,Male,43,508738,New,18-25
C04859,Male,39,748576,New,36-45
C04860,Male,30,418716,New,26-35
C04861,Male,32,335481,Repeat,36-45
C04862,Female,30,533307,Repeat,26-35
C04863,Male,29,503709,Repeat,18-25
C04864,Male,28,367226,New,26-35
C04865,Male,24,1230961,New,26-35
C04866,Female,29,1933046,New,36-45
C04867,Male,27,180000,New,26-35
C04868,Male,28,674401,New,46-60
C04869,Male,28,866594,New,26-35
C04870,Male,27,747773,Repeat,36-45
C04871,Female,34,760726,New,26-35
C04872,Female,20,508244,New,18-25
C04873,Female,23,462838,New,26-35
C04874,Female,48,679013,New,46-60
C04875,Male,35,710444,Repeat,46-60
C04876,Male,21,565152,Repeat,26-35
C04877,Male,52,435942,Repeat,36-45
C04878,Female,34,1211861,New,26-35
C04879,Male,32,802040,New,26-35
C04880,Male,22,695260,New,26-35
C04881,Male,34,687092,Repeat,26-35
C04882,Male,25,706942,New,26-35
C04883,Female,32,1223698,Repeat,18-25
C04884,Male,44,406812,New,36-45
C04885,Male,20,1066167,New,26-35
C04886,Female,37,1075078,New,18-25
C04887,Female,25,684793,New,26-35
C04888,Male,34,585718,Repeat,26-35
C04889,Male,35,610570,New,26-35
C04890,Male,27,756975,Repeat,26-35
C04891,Male,32,568737,New,26-35
C04892,Male,43,859513,New,26-35
C04893,Female,26,790745,New,26-35
C04894,Male,35,655308,New,26-35
C04895,Male,27,633208,New,26-35
C04896,Male,29,858636,New,18-25
C04897,Female,29,400413,New,36-45
C04898,Male,30,604499,Repeat,18-25
C04899,Male,31,517516,New,18-25
C04900,Male,35,1254357,New,26-35
C04901,Male,25,1040917,New,36-45
C04902,Male,27,602716,New,46-60
C04903,Male,40,539831,New,46-60
C04904,Female,32,460749,New,26-35
C04905,Male,23,1003823,Repeat,36-45
C04906,Female,33,452079,New,46-60
C04907,Male,35,982277,New,18-25
C04908,Male,32,851891,Repeat,26-35
C04909,Male,41,408762,New,36-45
C04910,Female,31,460161,Repeat,26-35
C04911,Male,34,473842,New,36-45
C04912,Male,20,729151,Repeat,26-35
C04913,Male,23,1136604,New,26-35
C04914,Male,33,294200,Repeat,18-25
C04915,Male,37,1095834,New,26-35
C04916,Male,22,558099,New,46-60
C04917,Female,32,1430686,New,36-45
C04918,Male,36,315120,New,18-25
C04919,Male,39,554026,Repeat,36-45
C04920,Female,20,667180,New,36-45
C04921,Male,22,1641866,New,36-45
C04922,Male,23,323588,Repeat,26-35
C04923,Male,37,596073,New,18-25
C04924,Male,37,649208,New,18-25
C04925,Male,37,282386,New,26-35
C04926,Male,31,1283037,Repeat,18-25
C04927,Male,20,795940,New,18-25
C04928,Female,40,1237382,New,26-35
C04929,Male,23,769376,New,26-35
C04930,Male,34,832646,Repeat,36-45
C04931,Male,34,654774,New,26-35
C04932,Male,28,840396,New,18-25
C04933,Male,38,512942,New,36-45
C04934,Male,59,1114688,Repeat,26-35
C04935,Male,28,501573,New,18-25
C04936,Male,33,459588,New,36-45
C04937,Male,25,1357584,Repeat,36-45
C04938,Female,40,332391,New,26-35
C04939,Male,32,1229878,New,36-45
C04940,Male,24,438398,Repeat,26-35
C04941,Male,32,214957,New,36-45
C04942,Male,20,370105,Repeat,18-25
C04943,Female,20,546007,New,26-35
C04944,Male,38,588432,New,18-25
C04945,Male,31,828851,New,26-35
C04946,Female,34,358918,New,36-45
C04947,Male,21,327240,Repeat,36-45
C04948,Male,51,240745,New,26-35
C04949,Male,46,1530894,Repeat,26-35
C04950,Female,26,744088,New,26-35
C04951,Female,35,359323,New,26-35
C04952,Male,49,763571,Repeat,26-35
C04953,Male,45,528734,Repeat,26-35
C04954,Female,27,657562,Repeat,18-25
C04955,Male,29,796572,Repeat,36-45
C04956,Female,38,344178,New,18-25
C04957,Male,20,524224,New,36-45
C04958,Male,45,813826,New,36-45
C04959,Female,29,1128040,New,26-35
C04960,Male,26,392874,New,36-45
C04961,Male,26,714308,New,26-35
C04962,Male,44,487960,New,18-25
C04963,Female,35,231836,New,26-35
C04964,Male,32,704624,New,36-45
C04965,Male,25,554225,New,18-25
C04966,Male,44,607245,New,26-35
C04967,Male,28,688753,New,18-25
C04968,Male,32,885967,Repeat,26-35
C04969,Male,28,515191,New,26-35
C04970,Male,26,497819,Repeat,36-45
C04971,Male,36,722056,New,26-35
C04972,Male,21,284241,New,26-35
C04973,Male,29,884360,Repeat,26-35
C04974,Female,24,389164,Repeat,26-35
C04975,Male,21,395031,Repeat,26-35
C04976,Female,34,635590,New,36-45
C04977,Male,20,631830,New,18-25
C04978,Male,41,1226561,New,26-35
C04979,Male,31,410717,New,26-35
C04980,Female,26,449021,New,36-45
C04981,Male,21,1112600,New,18-25
C04982,Female,32,957772,Repeat,18-25
C04983,Female,27,550815,Repeat,26-35
C04984,Female,30,641222,New,26-35
C04985,Male,20,412542,Repeat,36-45
C04986,Male,20,397524,New,26-35
C04987,Female,20,859305,New,26-35
C04988,Male,33,547170,New,26-35
C04989,Female,41,564784,New,36-45
C04990,Female,31,482942,New,26-35
C04991,Female,33,492050,Repeat,26-35
C04992,Male,35,956538,Repeat,18-25
C04993,Male,26,346496,New,18-25
C04994,Female,43,605509,Repeat,26-35
C04995,Male,23,1022363,New,26-35
C04996,Male,34,1132045,Repeat,26-35
C04997,Male,35,873562,New,18-25
C04998,Male,29,560092,Repeat,36-45
C04999,Male,41,392819,Repeat,46-60
C05000,Male,41,422657,Repeat,18-25
C05001,Male,34,458497,New,26-35
C05002,Female,39,893450,Repeat,36-45
C05003,Male,36,1427693,New,36-45
C05004,Male,34,1131426,New,26-35
C05005,Female,27,196397,New,26-35
C05006,Female,29,1064690,New,18-25
C05007,Male,20,745638,Repeat,36-45
C05008,Male,23,405380,New,18-25
C05009,Female,45,648553,New,26-35
C05010,Male,26,565328,New,26-35
C05011,Female,30,1024294,New,36-45
C05012,Male,28,540999,New,26-35
C05013,Male,40,276809,Repeat,36-45
C05014,Female,45,915175,New,26-35
C05015,Male,37,796919,Repeat,26-35
C05016,Female,20,370287,New,26-35
C05017,Female,31,351937,New,36-45
C05018,Male,24,952381,New,36-45
C05019,Female,27,619854,Repeat,26-35
C05020,Male,27,649071,New,26-35
C05021,Male,36,479270,New,26-35
C05022,Male,20,554754,New,18-25
C05023,Male,30,525410,New,26-35
C05024,Male,34,691325,Repeat,36-45
C05025,Female,20,430155,New,26-35
C05026,Male,25,1013565,New,26-35
C05027,Female,29,1158792,New,26-35
C05028,Female,26,366546,New,36-45
C05029,Male,33,523364,New,36-45
C05030,Male,28,249764,Repeat,26-35
C05031,Male,27,391654,Repeat,46-60
C05032,Male,28,868712,Repeat,46-60
C05033,Female,25,269668,New,26-35
C05034,Male,24,389273,Repeat,46-60
C05035,Male,30,1303585,Repeat,26-35
C05036,Male,41,1346306,Repeat,18-25
C05037,Male,25,1347296,New,18-25
C05038,Male,24,495859,Repeat,26-35
C05039,Male,20,603920,Repeat,26-35
C05040,Male,40,769247,Repeat,26-35
C05041,Male,32,407130,Repeat,18-25
C05042,Male,31,427063,Repeat,26-35
C05043,Male,43,648260,New,26-35
C05044,Male,36,367925,New,26-35
C05045,Female,28,718580,Repeat,36-45
C05046,Male,32,378850,New,26-35
C05047,Male,23,555830,New,36-45
C05048,Male,33,448361,New,26-35
C05049,Female,40,387507,New,26-35
C05050,Male,32,615992,New,26-35
C05051,Male,34,921926,New,26-35
C05052,Male,31,403257,New,26-35
C05053,Male,34,382005,New,18-25
C05054,Male,30,548227,New,36-45
C05055,Female,27,671659,New,26-35
C05056,Male,38,426562,New,18-25
C05057,Male,23,927013,New,36-45
C05058,Female,23,422407,New,26-35
C05059,Male,29,535743,Repeat,46-60
C05060,Female,36,388087,New,18-25
C05061,Female,30,604494,Repeat,18-25
C05062,Female,27,358532,New,26-35
C05063,Male,24,708886,Repeat,18-25
C05064,Male,20,703877,New,26-35
C05065,Male,28,1043421,New,36-45
C05066,Male,37,500831,New,18-25
C05067,Male,30,644974,New,26-35
C05068,Male,29,396882,New,26-35
C05069,Male,22,455280,New,26-35
C05070,Male,27,456107,New,26-35
C05071,Male,39,484789,Repeat,18-25
C05072,Female,26,1153145,New,26-35
C05073,Male,35,1756660,New,46-60
C05074,Male,22,612215,New,26-35
C05075,Male,26,264152,New,18-25
C05076,Female,29,709176,New,26-35
C05077,Female,39,398653,New,26-35
C05078,Male,22,851180,New,26-35
C05079,Male,22,660392,New,26-35
C05080,Male,30,240364,Repeat,36-45
C05081,Male,38,306453,Repeat,36-45
C05082,Male,20,748836,New,18-25
C05083,Female,41,393678,New,26-35
C05084,Male,27,629162,Repeat,18-25
C05085,Male,43,1397482,Repeat,26-35
C05086,Male,32,1617036,New,36-45
C05087,Male,30,741063,Repeat,26-35
C05088,Female,24,548559,Repeat,26-35
C05089,Male,29,591885,New,36-45
C05090,Male,24,312211,New,26-35
C05091,Male,32,874318,New,46-60
C05092,Male,32,804556,New,36-45
C05093,Male,25,460616,New,46-60
C05094,Female,44,1131028,New,18-25
C05095,Male,32,2034540,New,26-35
C05096,Male,22,424057,New,26-35
C05097,Female,31,894819,Repeat,26-35
C05098,Male,35,630873,New,36-45
C05099,Male,26,394464,New,18-25
C05100,Male,28,880468,New,26-35
C05101,Male,29,432205,New,26-35
C05102,Female,20,470214,New,26-35
C05103,Male,34,784648,Repeat,36-45
C05104,Male,28,299412,New,26-35
C05105,Male,40,744366,New,26-35
C05106,Male,41,904765,New,26-35
C05107,Male,24,819483,New,36-45
C05108,Male,34,672584,New,26-35
C05109,Female,40,777359,New,26-35
C05110,Female,29,825219,Repeat,26-35
C05111,Male,24,1234195,New,18-25
C05112,Male,39,615542,New,26-35
C05113,Male,24,291753,New,18-25
C05114,Male,29,727981,Repeat,36-45
C05115,Female,31,417165,Repeat,36-45
C05116,Male,20,602202,New,26-35
C05117,Male,38,460927,New,26-35
C05118,Female,20,1754667,New,36-45
C05119,Female,29,433915,New,26-35
C05120,Male,47,733489,Repeat,26-35
C05121,Male,29,568599,New,36-45
C05122,Female,20,621967,New,18-25
C05123,Male,23,454186,New,26-35
C05124,Male,39,884386,New,18-25
C05125,Male,20,710226,New,26-35
C05126,Female,24,1063912,Repeat,18-25
C05127,Male,53,779399,New,26-35
C05128,Female,20,453530,New,18-25
C05129,Male,32,591234,Repeat,36-45
C05130,Male,32,1159833,New,26-35
C05131,Male,38,259858,New,18-25
C05132,Male,35,395882,Repeat,36-45
C05133,Male,45,357289,New,36-45
C05134,Male,28,1867506,Repeat,26-35
C05135,Male,34,1103330,New,26-35
C05136,Male,22,1959105,New,26-35
C05137,Male,37,520346,New,36-45
C05138,Male,20,635275,Repeat,36-45
C05139,Male,35,1060888,New,26-35
C05140,Male,37,458209,New,26-35
C05141,Female,26,952501,New,18-25
C05142,Male,33,568946,Repeat,26-35
C05143,Male,42,624722,Repeat,18-25
C05144,Female,42,994578,New,26-35
C05145,Male,20,390445,New,36-45
C05146,Female,25,1217341,New,26-35
C05147,Male,41,472371,Repeat,26-35
C05148,Male,30,671263,New,26-35
C05149,Female,35,723985,New,36-45
C05150,Female,33,430996,New,36-45
C05151,Male,31,1240182,New,46-60
C05152,Male,33,355383,New,36-45
C05153,Male,60,705526,Repeat,18-25
C05154,Male,20,951155,New,36-45
C05155,Female,30,376253,New,18-25
C05156,Male,22,481059,New,26-35
C05157,Female,32,475043,Repeat,36-45
C05158,Male,32,342469,Repeat,36-45
C05159,Male,36,840779,Repeat,26-35
C05160,Male,24,761819,Repeat,18-25
C05161,Female,20,502915,New,26-35
C05162,Male,23,1207287,Repeat,36-45
C05163,Male,26,383204,New,36-45
C05164,Male,33,356436,New,26-35
C05165,Male,30,663095,New,26-35
C05166,Female,20,825187,New,26-35
C05167,Male,20,879436,New,26-35
C05168,Female,26,868604,Repeat,26-35
C05169,Male,26,447714,New,18-25
C05170,Male,26,561940,Repeat,26-35
C05171,Female,34,558559,Repeat,36-45
C05172,Male,31,1906693,New,26-35
C05173,Female,32,981125,New,36-45
C05174,Male,41,1100941,New,18-25
C05175,Male,20,402480,Repeat,36-45
C05176,Male,29,938812,Repeat,46-60
C05177,Female,33,756224,New,26-35
C05178,Male,26,276605,Repeat,26-35
C05179,Male,20,1039278,New,46-60
C05180,Female,29,575592,New,18-25
C05181,Male,48,664075,New,36-45
C05182,Male,26,656890,New,18-25
C05183,Male,35,1000027,Repeat,26-35
C05184,Male,36,382206,New,26-35
C05185,Male,20,460263,New,26-35
C05186,Male,20,369312,New,26-35
C05187,Female,35,273139,New,46-60
C05188,Male,33,989082,New,36-45
C05189,Male,32,2027270,New,26-35
C05190,Female,43,468869,Repeat,36-45
C05191,Male,35,560113,New,36-45
C05192,Male,22,1470019,New,26-35
C05193,Male,21,840727,New,26-35
C05194,Male,20,450882,New,46-60
C05195,Male,35,932508,New,18-25
C05196,Male,38,542745,New,26-35
C05197,Male,29,618768,New,26-35
C05198,Female,42,717563,Repeat,26-35
C05199,Male,35,596560,New,26-35
C05200,Male,34,1407282,New,26-35
C05201,Male,39,410171,New,26-35
C05202,Male,20,835985,Repeat,26-35
C05203,Female,28,1513591,New,18-25
C05204,Male,28,875998,New,36-45
C05205,Female,39,1050912,New,26-35
C05206,Male,32,665532,Repeat,18-25
C05207,Female,36,1164287,New,18-25
C05208,Male,32,474893,Repeat,26-35
C05209,Male,28,634268,New,46-60
C05210,Male,39,1134537,Repeat,18-25
C05211,Male,29,492494,New,36-45
C05212,Male,48,615775,New,46-60
C05213,Male,47,456456,New,26-35
C05214,Female,27,554616,New,26-35
C05215,Male,38,973636,Repeat,36-45
C05216,Female,23,279218,New,26-35
C05217,Male,35,1654205,New,18-25
C05218,Female,37,218220,New,26-35
C05219,Male,26,392708,New,18-25
C05220,Male,26,439599,Repeat,36-45
C05221,Male,33,364129,New,36-45
C05222,Male,21,608904,New,26-35
C05223,Female,20,600386,New,36-45
C05224,Male,36,1110415,New,26-35
C05225,Male,24,563559,Repeat,46-60
C05226,Female,36,243732,New,18-25
C05227,Male,35,569166,New,26-35
C05228,Male,36,615031,New,46-60
C05229,Male,20,662397,Repeat,36-45
C05230,Female,32,1054509,New,26-35
C05231,Male,27,1283503,New,26-35
C05232,Male,27,557040,New,36-45
C05233,Male,26,551961,Repeat,18-25
C05234,Male,35,605276,New,26-35
C05235,Male,32,696514,Repeat,26-35
C05236,Female,43,368883,New,36-45
C05237,Female,45,589692,New,46-60
C05238,Female,48,758605,New,26-35
C05239,Male,27,656412,New,46-60
C05240,Female,30,440771,Repeat,36-45
C05241,Male,20,871864,New,36-45
C05242,Male,40,373842,New,26-35
C05243,Male,26,856259,New,18-25
C05244,Male,21,783203,Repeat,26-35
C05245,Male,30,407311,New,18-25
C05246,Male,21,1409464,Repeat,26-35
C05247,Male,25,422759,Repeat,36-45
C05248,Male,26,398597,New,26-35
C05249,Female,30,480393,Repeat,46-60
C05250,Male,26,620607,New,18-25
C05251,Male,28,611886,New,18-25
C05252,Male,20,404301,Repeat,18-25
C05253,Female,47,351573,New,18-25
C05254,Male,20,783059,New,26-35
C05255,Male,34,484410,New,36-45
C05256,Male,20,1008213,New,26-35
C05257,Male,23,900678,Repeat,18-25
C05258,Male,25,993856,Repeat,26-35
C05259,Male,29,640493,New,36-45
C05260,Male,37,384502,New,26-35
C05261,Male,36,539256,New,26-35
C05262,Male,27,1067537,New,18-25
C05263,Female,40,797619,New,36-45
C05264,Male,29,643074,New,26-35
C05265,Male,24,356903,New,26-35
C05266,Female,36,363292,New,26-35
C05267,Male,37,1560756,New,18-25
C05268,Male,35,238782,New,36-45
C05269,Female,27,743247,New,26-35
C05270,Female,34,323990,New,36-45
C05271,Male,21,318523,Repeat,26-35
C05272,Female,27,385177,Repeat,26-35
C05273,Male,39,1376297,Repeat,36-45
C05274,Male,35,371299,Repeat,26-35
C05275,Female,32,520916,New,26-35
C05276,Male,30,505688,Repeat,36-45
C05277,Male,36,350244,New,26-35
C05278,Male,36,373674,Repeat,36-45
C05279,Female,33,698150,New,26-35
C05280,Male,40,424026,Repeat,26-35
C05281,Female,22,387953,New,26-35
C05282,Male,25,613913,New,18-25
C05283,Female,35,653668,New,26-35
C05284,Male,28,299456,New,18-25
C05285,Male,34,1340829,New,36-45
C05286,Male,36,732325,New,26-35
C05287,Male,20,567345,New,46-60
C05288,Male,24,749749,New,26-35
C05289,Male,20,321548,Repeat,26-35
C05290,Male,45,326073,New,36-45
C05291,Female,21,761482,New,26-35
C05292,Male,25,756140,New,18-25
C05293,Male,23,535694,New,18-25
C05294,Female,41,643361,Repeat,26-35
C05295,Male,23,943366,New,36-45
C05296,Male,34,766456,New,36-45
C05297,Male,35,1340158,New,26-35
C05298,Male,23,367884,New,36-45
C05299,Female,30,384129,New,26-35
C05300,Female,40,625342,New,36-45
C05301,Female,31,839323,New,26-35
C05302,Male,33,1056939,New,36-45
C05303,Male,24,884939,Repeat,26-35
C05304,Male,21,1180805,New,26-35
C05305,Male,36,901401,Repeat,26-35
C05306,Female,24,298188,New,26-35
C05307,Male,21,493443,New,36-45
C05308,Male,34,348713,Repeat,26-35
C05309,Male,35,868365,Repeat,18-25
C05310,Female,21,966796,Repeat,46-60
C05311,Male,28,441080,New,18-25
C05312,Male,46,1072026,New,46-60
C05313,Male,25,691595,Repeat,26-35
C05314,Male,23,715663,Repeat,26-35
C05315,Female,23,324073,New,36-45
C05316,Female,38,536873,New,18-25
C05317,Male,34,500839,New,26-35
C05318,Female,26,591467,Repeat,26-35
C05319,Female,43,1140690,New,26-35
C05320,Male,42,985868,New,26-35
C05321,Male,20,901723,New,36-45
C05322,Male,32,464148,New,26-35
C05323,Female,25,965464,Repeat,36-45
C05324,Male,35,1188454,Repeat,26-35
C05325,Male,27,458006,New,46-60
C05326,Male,39,572754,New,18-25
C05327,Female,30,302426,New,26-35
C05328,Male,26,623577,New,36-45
C05329,Male,25,1204358,New,36-45
C05330,Male,34,789241,New,26-35
C05331,Female,40,493172,New,36-45
C05332,Male,24,368377,New,36-45
C05333,Male,22,673440,New,26-35
C05334,Female,24,691960,Repeat,26-35
C05335,Male,34,723879,New,36-45
C05336,Female,35,322324,New,36-45
C05337,Male,21,1519668,New,36-45
C05338,Male,38,638054,New,46-60
C05339,Male,34,480944,Repeat,26-35
C05340,Male,34,1979800,New,26-35
C05341,Male,35,857261,New,26-35
C05342,Male,23,549025,New,18-25
C05343,Male,47,543551,New,36-45
C05344,Female,38,1300140,Repeat,26-35
C05345,Male,34,534233,Repeat,18-25
C05346,Female,32,913526,New,46-60
C05347,Male,25,440187,Repeat,26-35
C05348,Female,40,1073605,New,26-35
C05349,Male,38,946782,New,18-25
C05350,Male,30,225963,Repeat,26-35
C05351,Male,32,1331047,New,46-60
C05352,Male,31,401836,New,26-35
C05353,Male,34,903307,Repeat,26-35
C05354,Female,29,1354233,Repeat,46-60
C05355,Female,36,395365,Repeat,26-35
C05356,Female,37,533677,New,46-60
C05357,Male,28,370395,Repeat,36-45
C05358,Male,41,397194,New,26-35
C05359,Male,34,558754,New,26-35
C05360,Male,20,715821,New,26-35
C05361,Male,30,673031,New,26-35
C05362,Female,25,414612,Repeat,36-45
C05363,Male,35,180000,New,26-35
C05364,Male,25,647967,New,26-35
C05365,Male,23,578571,New,18-25
C05366,Male,26,590747,New,26-35
C05367,Male,28,531330,Repeat,36-45
C05368,Male,31,620773,New,36-45
C05369,Male,29,401267,New,46-60
C05370,Male,36,889384,New,36-45
C05371,Male,24,511623,Repeat,26-35
C05372,Male,31,971334,Repeat,18-25
C05373,Male,25,923371,New,46-60
C05374,Female,45,1006662,New,36-45
C05375,Male,21,565143,New,26-35
C05376,Male,24,502350,New,26-35
C05377,Male,40,476683,New,26-35
C05378,Female,20,748628,Repeat,36-45
C05379,Female,26,453844,New,46-60
C05380,Female,35,614203,New,18-25
C05381,Female,37,596076,New,26-35
C05382,Female,33,1110092,Repeat,46-60
C05383,Male,25,637832,New,36-45
C05384,Male,38,1069175,Repeat,26-35
C05385,Male,26,701638,New,26-35
C05386,Male,27,693125,Repeat,18-25
C05387,Female,27,344464,New,46-60
C05388,Male,21,320193,Repeat,26-35
C05389,Male,20,848675,Repeat,36-45
C05390,Male,33,398736,New,26-35
C05391,Female,29,303843,New,18-25
C05392,Male,20,494545,New,46-60
C05393,Male,34,347886,Repeat,26-35
C05394,Male,21,1055142,Repeat,46-60
C05395,Female,24,1239432,New,18-25
C05396,Female,20,1009344,New,26-35
C05397,Male,39,905463,New,36-45
C05398,Male,23,512518,New,46-60
C05399,Male,31,638085,New,18-25
C05400,Male,24,629607,New,26-35
C05401,Female,22,786033,New,46-60
C05402,Male,34,669240,Repeat,36-45
C05403,Female,31,493174,New,18-25
C05404,Female,28,699280,New,18-25
C05405,Female,37,348509,New,18-25
C05406,Male,39,539283,New,26-35
C05407,Male,26,331090,Repeat,46-60
C05408,Male,28,1302121,New,36-45
C05409,Male,37,712097,Repeat,36-45
C05410,Female,37,377234,Repeat,36-45
C05411,Male,20,1054664,New,18-25
C05412,Male,24,920256,New,26-35
C05413,Male,35,414758,New,18-25
C05414,Male,27,370476,New,26-35
C05415,Male,40,453195,Repeat,36-45
C05416,Female,24,1046549,New,18-25
C05417,Male,35,582835,Repeat,46-60
C05418,Female,30,937484,Repeat,26-35
C05419,Male,44,495040,Repeat,18-25
C05420,Male,22,669460,New,36-45
C05421,Female,35,512806,New,26-35
C05422,Male,29,326193,New,46-60
C05423,Female,32,386651,Repeat,36-45
C05424,Female,26,985910,Repeat,26-35
C05425,Male,22,289811,New,26-35
C05426,Male,20,1898553,Repeat,18-25
C05427,Male,33,438127,New,26-35
C05428,Male,35,1186116,New,26-35
C05429,Female,33,936568,New,36-45
C05430,Female,32,751256,New,46-60
C05431,Male,38,747956,New,36-45
C05432,Female,35,412536,New,26-35
C05433,Male,36,2173965,New,18-25
C05434,Female,23,448917,New,36-45
C05435,Male,30,458802,Repeat,36-45
C05436,Female,33,1435980,New,26-35
C05437,Male,32,545608,New,18-25
C05438,Female,30,763560,Repeat,46-60
C05439,Male,24,526401,New,18-25
C05440,Female,36,1503085,New,26-35
C05441,Female,20,223224,New,26-35
C05442,Male,24,1535587,New,26-35
C05443,Male,37,552936,New,26-35
C05444,Male,33,633889,Repeat,26-35
C05445,Male,20,974005,Repeat,26-35
C05446,Male,37,525826,Repeat,26-35
C05447,Female,21,554894,Repeat,46-60
C05448,Male,40,549561,New,36-45
C05449,Male,26,496103,Repeat,26-35
C05450,Male,20,486972,Repeat,18-25
C05451,Male,27,680578,New,26-35
C05452,Male,37,632569,Repeat,36-45
C05453,Female,33,902835,New,26-35
C05454,Male,20,392311,New,26-35
C05455,Male,26,584953,New,26-35
C05456,Male,38,618200,Repeat,26-35
C05457,Male,23,353270,New,36-45
C05458,Female,36,384707,New,26-35
C05459,Male,36,428125,New,18-25
C05460,Male,24,577618,Repeat,36-45
C05461,Male,34,764790,Repeat,26-35
C05462,Male,45,583116,Repeat,26-35
C05463,Female,23,472066,New,46-60
C05464,Male,36,743752,Repeat,26-35
C05465,Male,33,757127,New,46-60
C05466,Male,32,828134,New,36-45
C05467,Male,35,347046,New,26-35
C05468,Female,40,826381,Repeat,36-45
C05469,Male,28,590937,Repeat,26-35
C05470,Male,28,696194,Repeat,18-25
C05471,Female,29,748601,New,26-35
C05472,Male,41,861577,New,26-35
C05473,Male,25,604206,New,36-45
C05474,Male,20,513076,New,46-60
C05475,Male,35,1331629,New,26-35
C05476,Male,38,947670,New,26-35
C05477,Male,31,942919,New,18-25
C05478,Female,42,611969,New,18-25
C05479,Male,39,926653,Repeat,36-45
C05480,Male,51,382923,New,18-25
C05481,Male,28,1313104,Repeat,26-35
C05482,Male,28,1333258,New,46-60
C05483,Male,38,333094,New,26-35
C05484,Male,20,723899,Repeat,18-25
C05485,Male,45,560265,New,26-35
C05486,Male,23,332374,New,36-45
C05487,Male,20,823904,Repeat,18-25
C05488,Male,29,348313,New,46-60
C05489,Male,37,753158,Repeat,26-35
C05490,Male,33,592187,Repeat,26-35
C05491,Female,31,716055,New,26-35
C05492,Male,37,893845,New,26-35
C05493,Female,29,427163,New,26-35
C05494,Female,43,839691,Repeat,36-45
C05495,Female,31,474744,New,18-25
C05496,Male,35,961716,Repeat,36-45
C05497,Male,44,615812,Repeat,36-45
C05498,Male,27,500423,Repeat,36-45
C05499,Female,52,606079,New,18-25
C05500,Female,37,639411,New,18-25
C05501,Male,39,789345,New,18-25
C05502,Male,29,796718,Repeat,46-60
C05503,Male,40,1275220,New,18-25
C05504,Female,22,734364,New,26-35
C05505,Male,50,739665,Repeat,26-35
C05506,Male,38,1225810,New,26-35
C05507,Male,43,1112940,New,26-35
C05508,Male,32,446777,New,26-35
C05509,Male,27,355277,Repeat,18-25
C05510,Male,35,730726,New,26-35
C05511,Male,24,399404,New,26-35
C05512,Female,35,342310,New,26-35
C05513,Male,40,502343,Repeat,26-35
C05514,Male,32,836458,Repeat,26-35
C05515,Male,22,553275,Repeat,26-35
C05516,Female,32,503360,Repeat,36-45
C05517,Male,45,1572105,Repeat,18-25
C05518,Male,21,824218,Repeat,26-35
C05519,Female,35,613813,New,26-35
C05520,Female,42,544036,New,36-45
C05521,Male,20,732303,Repeat,26-35
C05522,Female,35,1062731,New,26-35
C05523,Female,20,789215,New,26-35
C05524,Male,35,695893,New,36-45
C05525,Male,27,251457,New,46-60
C05526,Female,24,635996,New,36-45
C05527,Male,29,858346,New,26-35
C05528,Male,35,421272,New,26-35
C05529,Male,21,690725,Repeat,26-35
C05530,Male,35,478501,New,26-35
C05531,Female,25,513705,New,46-60
C05532,Male,34,531843,New,36-45
C05533,Female,27,1398037,Repeat,18-25
C05534,Female,30,359091,New,26-35
C05535,Female,43,907719,New,26-35
C05536,Male,38,997202,New,26-35
C05537,Male,22,831779,New,26-35
C05538,Male,33,617198,New,46-60
C05539,Male,33,685581,Repeat,26-35
C05540,Male,33,749045,New,36-45
C05541,Male,32,548221,Repeat,26-35
C05542,Male,23,708941,New,26-35
C05543,Male,47,211576,New,26-35
C05544,Male,27,489102,New,18-25
C05545,Male,36,400617,New,18-25
C05546,Male,20,967542,Repeat,26-35
C05547,Male,31,290414,Repeat,36-45
C05548,Male,35,647654,New,18-25
C05549,Female,39,691124,New,26-35
C05550,Male,40,893059,New,36-45
C05551,Male,33,761283,New,36-45
C05552,Male,28,1078293,Repeat,46-60
C05553,Female,25,866450,New,36-45
C05554,Male,34,429536,Repeat,26-35
C05555,Male,32,567012,New,46-60
C05556,Male,43,889156,Repeat,36-45
C05557,Female,45,553671,New,26-35
C05558,Male,29,252992,Repeat,26-35
C05559,Male,36,504145,New,36-45
C05560,Male,36,873254,New,26-35
C05561,Male,31,508333,New,26-35
C05562,Male,20,599307,New,36-45
C05563,Male,31,668950,Repeat,18-25
C05564,Male,31,646339,New,18-25
C05565,Male,35,483478,New,18-25
C05566,Male,40,978558,Repeat,26-35
C05567,Female,39,982162,New,18-25
C05568,Male,26,552335,New,26-35
C05569,Male,37,881574,New,46-60
C05570,Female,27,616157,New,36-45
C05571,Male,32,478900,Repeat,18-25
C05572,Male,40,332935,New,26-35
C05573,Female,41,340910,Repeat,36-45
C05574,Male,32,698721,Repeat,26-35
C05575,Male,22,1520880,New,26-35
C05576,Male,35,1119314,New,46-60
C05577,Female,22,841983,New,18-25
C05578,Male,51,1183603,New,46-60
C05579,Female,24,522971,New,36-45
C05580,Male,33,326658,Repeat,26-35
C05581,Female,35,685229,New,36-45
C05582,Male,41,301946,New,18-25
C05583,Male,42,1772651,New,46-60
C05584,Female,29,1480272,New,18-25
C05585,Female,20,709629,Repeat,26-35
C05586,Male,20,315038,Repeat,26-35
C05587,Male,42,329169,New,36-45
C05588,Male,38,635092,Repeat,46-60
C05589,Female,48,321432,New,36-45
C05590,Male,43,867073,Repeat,26-35
C05591,Male,31,1222519,Repeat,36-45
C05592,Male,40,1330169,New,26-35
C05593,Female,29,949110,New,46-60
C05594,Male,39,899926,Repeat,26-35
C05595,Male,25,737850,Repeat,18-25
C05596,Male,24,569882,New,26-35
C05597,Male,29,295521,New,18-25
C05598,Male,39,1636885,New,36-45
C05599,Male,37,512771,New,26-35
C05600,Male,45,667389,Repeat,36-45
C05601,Male,24,581644,New,26-35
C05602,Male,37,979250,New,18-25
C05603,Male,42,509502,Repeat,46-60
C05604,Male,22,749359,New,26-35
C05605,Female,34,1076684,Repeat,36-45
C05606,Male,35,546470,New,46-60
C05607,Female,31,850239,New,26-35
C05608,Male,31,354229,New,36-45
C05609,Male,20,296310,New,26-35
C05610,Female,28,387885,New,36-45
C05611,Male,27,426186,Repeat,26-35
C05612,Male,37,1342848,Repeat,26-35
C05613,Male,30,610123,New,26-35
C05614,Male,40,336601,Repeat,18-25
C05615,Male,41,991134,New,18-25
C05616,Male,25,515361,New,26-35
C05617,Male,27,402584,New,36-45
C05618,Male,39,1108140,Repeat,26-35
C05619,Male,20,562793,New,26-35
C05620,Female,20,685578,Repeat,26-35
C05621,Male,24,908220,Repeat,36-45
C05622,Male,34,544568,New,26-35
C05623,Male,29,448359,New,36-45
C05624,Male,41,809594,New,26-35
C05625,Male,47,388695,Repeat,46-60
C05626,Female,20,597802,Repeat,26-35
C05627,Male,29,693199,New,18-25
C05628,Female,21,576241,New,26-35
C05629,Male,32,474313,Repeat,36-45
C05630,Female,21,694408,New,26-35
C05631,Male,37,633662,Repeat,18-25
C05632,Male,32,516287,New,18-25
C05633,Female,21,426721,Repeat,46-60
C05634,Male,38,1061234,Repeat,26-35
C05635,Male,39,438915,Repeat,26-35
C05636,Male,39,468855,Repeat,46-60
C05637,Male,24,753758,New,36-45
C05638,Female,31,452923,New,26-35
C05639,Female,38,827813,Repeat,18-25
C05640,Female,32,638588,New,36-45
C05641,Male,30,858077,New,46-60
C05642,Male,38,859208,New,18-25
C05643,Male,30,769565,Repeat,26-35
C05644,Male,32,1130841,New,46-60
C05645,Male,26,347499,Repeat,26-35
C05646,Male,41,589500,New,18-25
C05647,Female,33,1563724,New,26-35
C05648,Female,26,982574,New,18-25
C05649,Male,25,647172,New,26-35
C05650,Male,20,514810,New,36-45
C05651,Male,23,1344321,New,36-45
C05652,Male,20,609401,Repeat,36-45
C05653,Female,21,407773,New,26-35
C05654,Male,24,1307599,New,46-60
C05655,Male,41,679590,Repeat,46-60
C05656,Male,20,597213,New,26-35
C05657,Male,27,797357,Repeat,26-35
C05658,Male,35,630816,Repeat,36-45
C05659,Male,36,1319715,New,26-35
C05660,Male,35,359890,New,18-25
C05661,Male,30,1206280,New,26-35
C05662,Female,27,611890,Repeat,26-35
C05663,Male,39,577358,New,26-35
C05664,Male,44,379308,New,36-45
C05665,Male,30,414405,Repeat,26-35
C05666,Male,26,775946,Repeat,36-45
C05667,Male,20,907840,New,26-35
C05668,Male,42,745085,New,26-35
C05669,Female,34,373642,New,26-35
C05670,Female,37,552778,New,36-45
C05671,Male,21,1319486,New,18-25
C05672,Male,28,285677,New,18-25
C05673,Male,27,488184,Repeat,26-35
C05674,Female,31,1099958,New,46-60
C05675,Male,35,627661,New,36-45
C05676,Male,37,1251215,Repeat,46-60
C05677,Female,31,614532,New,36-45
C05678,Male,33,790179,Repeat,36-45
C05679,Male,33,323936,New,18-25
C05680,Female,39,466700,Repeat,26-35
C05681,Male,20,298084,New,26-35
C05682,Male,30,551975,New,26-35
C05683,Male,29,342870,New,46-60
C05684,Female,47,876278,New,18-25
C05685,Male,25,320253,New,36-45
C05686,Male,28,745971,New,36-45
C05687,Female,21,378327,New,18-25
C05688,Male,44,481820,New,36-45
C05689,Female,31,405626,New,26-35
C05690,Male,28,450734,New,18-25
C05691,Male,34,752419,New,46-60
C05692,Male,32,653594,Repeat,26-35
C05693,Female,30,777197,New,36-45
C05694,Female,26,467092,New,18-25
C05695,Male,20,530649,New,36-45
C05696,Male,25,333082,New,18-25
C05697,Female,20,574420,New,36-45
C05698,Male,29,621193,Repeat,18-25
C05699,Male,20,459516,New,36-45
C05700,Male,25,345293,New,18-25
C05701,Female,28,483070,New,36-45
C05702,Male,36,554842,New,46-60
C05703,Male,33,368653,New,46-60
C05704,Female,33,749612,New,18-25
C05705,Male,26,1189223,New,46-60
C05706,Male,33,572272,New,36-45
C05707,Female,24,321889,New,26-35
C05708,Male,25,1346217,Repeat,46-60
C05709,Male,32,773597,New,18-25
C05710,Female,39,979476,New,26-35
C05711,Male,25,737806,New,26-35
C05712,Male,23,1006435,New,26-35
C05713,Male,31,789630,Repeat,18-25
C05714,Male,33,1454538,New,18-25
C05715,Female,23,625966,New,26-35
C05716,Male,20,379500,New,26-35
C05717,Male,28,878492,New,36-45
C05718,Male,26,815898,Repeat,26-35
C05719,Female,26,415812,New,36-45
C05720,Female,31,1297078,New,26-35
C05721,Male,23,818223,New,36-45
C05722,Male,42,640465,Repeat,36-45
C05723,Male,23,315117,Repeat,18-25
C05724,Male,22,661800,Repeat,18-25
C05725,Female,36,739301,New,36-45
C05726,Male,37,605331,Repeat,26-35
C05727,Male,30,429580,New,26-35
C05728,Male,20,226842,Repeat,26-35
C05729,Male,34,786816,New,46-60
C05730,Male,27,733465,New,18-25
C05731,Female,23,667381,Repeat,26-35
C05732,Male,29,528330,New,18-25
C05733,Female,20,1562932,Repeat,26-35
C05734,Male,23,767496,Repeat,36-45
C05735,Female,33,360416,New,18-25
C05736,Male,30,886069,New,36-45
C05737,Male,28,1070382,New,18-25
C05738,Male,28,407506,Repeat,18-25
C05739,Male,21,559462,New,26-35
C05740,Male,26,743042,Repeat,26-35
C05741,Female,34,636973,Repeat,36-45
C05742,Male,42,885655,Repeat,26-35
C05743,Male,20,875524,New,26-35
C05744,Male,42,1643926,New,26-35
C05745,Male,26,1008050,New,36-45
C05746,Female,25,738564,Repeat,36-45
C05747,Male,43,590999,Repeat,36-45
C05748,Female,30,1007525,New,18-25
C05749,Male,47,870036,New,18-25
C05750,Female,39,745279,New,46-60
C05751,Male,39,827939,Repeat,36-45
C05752,Male,20,754349,New,26-35
C05753,Male,24,279041,Repeat,36-45
C05754,Male,28,521354,New,26-35
C05755,Male,40,260541,Repeat,46-60
C05756,Male,32,515219,New,36-45
C05757,Female,36,522516,New,46-60
C05758,Female,21,1472604,New,26-35
C05759,Male,22,1339855,New,36-45
C05760,Female,24,1413575,New,36-45
C05761,Male,47,687212,New,26-35
C05762,Male,20,563915,New,36-45
C05763,Male,47,522789,New,26-35
C05764,Male,41,375404,New,26-35
C05765,Female,20,564603,New,26-35
C05766,Male,23,1276212,New,26-35
C05767,Male,37,839697,Repeat,46-60
C05768,Male,32,801375,New,18-25
C05769,Male,30,402732,New,26-35
C05770,Male,26,658846,New,18-25
C05771,Male,29,622828,New,18-25
C05772,Male,30,321042,New,36-45
C05773,Male,29,428816,New,36-45
C05774,Male,28,597162,New,18-25
C05775,Male,20,549345,New,18-25
C05776,Female,27,666334,New,36-45
C05777,Female,26,952748,Repeat,26-35
C05778,Male,36,478948,Repeat,36-45
C05779,Female,30,842745,New,26-35
C05780,Male,48,712103,New,26-35
C05781,Male,36,660087,New,36-45
C05782,Male,39,511220,New,18-25
C05783,Male,32,486352,Repeat,26-35
C05784,Male,39,420480,Repeat,26-35
C05785,Male,34,422096,New,46-60
C05786,Male,41,318963,New,26-35
C05787,Male,20,1372578,Repeat,18-25
C05788,Female,38,497495,New,36-45
C05789,Female,26,484448,Repeat,26-35
C05790,Male,37,455049,New,26-35
C05791,Male,34,714302,Repeat,36-45
C05792,Male,31,1994271,New,36-45
C05793,Male,25,335663,New,18-25
C05794,Male,26,499458,New,26-35
C05795,Male,37,1138211,New,46-60
C05796,Female,34,420287,Repeat,26-35
C05797,Female,43,1282120,New,36-45
C05798,Male,25,787327,New,26-35
C05799,Male,26,790336,Repeat,26-35
C05800,Male,27,1947403,New,46-60
C05801,Male,25,481635,New,26-35
C05802,Male,28,446884,New,46-60
C05803,Female,28,1466975,Repeat,26-35
C05804,Male,35,984467,New,26-35
C05805,Male,20,594686,New,18-25
C05806,Male,32,832683,New,36-45
C05807,Male,30,707348,New,36-45
C05808,Male,29,397294,New,36-45
C05809,Male,36,531190,New,26-35
C05810,Female,25,705121,New,36-45
C05811,Female,32,1059909,Repeat,46-60
C05812,Male,33,754425,New,46-60
C05813,Male,23,1010989,Repeat,26-35
C05814,Male,24,1102394,Repeat,36-45
C05815,Male,43,841486,New,36-45
C05816,Male,30,878187,New,26-35
C05817,Male,30,314741,New,36-45
C05818,Female,41,1386821,New,46-60
C05819,Male,23,453580,New,26-35
C05820,Male,27,1522613,New,46-60
C05821,Male,32,533172,Repeat,36-45
C05822,Male,26,842678,New,26-35
C05823,Male,24,895481,New,46-60
C05824,Male,43,955161,Repeat,46-60
C05825,Female,20,1120786,Repeat,18-25
C05826,Male,41,766317,New,36-45
C05827,Female,24,363261,New,36-45
C05828,Female,35,1065782,New,26-35
C05829,Male,45,1165292,New,26-35
C05830,Female,33,673055,New,26-35
C05831,Female,30,532288,Repeat,26-35
C05832,Male,24,469463,Repeat,26-35
C05833,Male,34,1211040,New,18-25
C05834,Female,35,786262,New,36-45
C05835,Female,22,196318,New,18-25
C05836,Male,25,424063,New,36-45
C05837,Male,36,519566,New,26-35
C05838,Male,32,1498414,Repeat,18-25
C05839,Male,32,1301181,New,26-35
C05840,Male,33,722683,New,18-25
C05841,Male,21,995341,New,26-35
C05842,Female,28,701459,New,18-25
C05843,Male,32,1338952,New,18-25
C05844,Male,21,1238863,New,36-45
C05845,Male,35,1123207,New,18-25
C05846,Male,36,913620,Repeat,26-35
C05847,Male,28,645212,New,18-25
C05848,Male,32,645271,New,26-35
C05849,Male,32,811321,New,18-25
C05850,Male,20,679243,New,18-25
C05851,Female,24,850621,New,26-35
C05852,Male,20,1513365,Repeat,26-35
C05853,Male,28,505863,New,46-60
C05854,Male,26,1175309,New,26-35
C05855,Male,20,530366,Repeat,26-35
C05856,Male,34,526108,New,36-45
C05857,Male,31,390244,Repeat,26-35
C05858,Female,32,607940,Repeat,18-25
C05859,Male,41,632607,New,18-25
C05860,Male,31,1075095,New,26-35
C05861,Male,23,819120,Repeat,36-45
C05862,Male,23,799718,Repeat,26-35
C05863,Female,26,954116,Repeat,18-25
C05864,Male,26,815067,New,26-35
C05865,Male,37,288321,New,26-35
C05866,Male,46,704737,Repeat,26-35
C05867,Male,32,1617530,New,18-25
C05868,Male,21,917949,New,26-35
C05869,Female,27,674186,Repeat,26-35
C05870,Male,21,1084034,New,26-35
C05871,Female,40,1201566,New,26-35
C05872,Male,31,427959,New,26-35
C05873,Male,28,735061,Repeat,26-35
C05874,Male,37,830727,New,36-45
C05875,Female,23,310471,New,46-60
C05876,Male,22,1342800,New,26-35
C05877,Male,41,402226,Repeat,26-35
C05878,Female,29,382013,Repeat,26-35
C05879,Male,36,601067,New,26-35
C05880,Male,20,1283993,New,18-25
C05881,Male,32,1984796,New,26-35
C05882,Male,20,331824,New,18-25
C05883,Male,28,522814,New,36-45
C05884,Male,36,794528,New,36-45
C05885,Male,29,319936,Repeat,26-35
C05886,Male,36,412555,Repeat,26-35
C05887,Female,21,1166094,Repeat,36-45
C05888,Female,32,880506,Repeat,26-35
C05889,Male,24,714707,New,18-25
C05890,Male,32,727290,New,18-25
C05891,Male,32,683083,New,46-60
C05892,Male,48,508359,New,36-45
C05893,Male,33,1859302,New,46-60
C05894,Male,34,691091,New,36-45
C05895,Male,27,398812,New,26-35
C05896,Male,39,494665,New,18-25
C05897,Female,47,1054475,Repeat,26-35
C05898,Male,31,656318,New,26-35
C05899,Male,35,502150,New,26-35
C05900,Male,35,328073,New,26-35
C05901,Male,29,714537,New,36-45
C05902,Female,37,1194390,New,26-35
C05903,Male,22,1108806,New,26-35
C05904,Female,34,603770,Repeat,46-60
C05905,Male,20,553245,Repeat,26-35
C05906,Male,22,654851,New,26-35
C05907,Male,31,873898,New,36-45
C05908,Male,27,467447,New,36-45
C05909,Female,36,394798,New,18-25
C05910,Male,20,1178887,New,46-60
C05911,Male,26,777398,New,46-60
C05912,Male,40,304385,New,36-45
C05913,Male,40,361033,Repeat,36-45
C05914,Male,46,674198,New,18-25
C05915,Male,23,1227284,Repeat,36-45
C05916,Male,20,567097,New,36-45
C05917,Female,33,360654,New,26-35
C05918,Male,37,833552,Repeat,26-35
C05919,Male,50,658711,Repeat,36-45
C05920,Male,36,1012828,New,26-35
C05921,Female,34,338011,Repeat,26-35
C05922,Female,36,981586,New,46-60
C05923,Female,34,1250181,Repeat,36-45
C05924,Male,39,2082857,New,26-35
C05925,Female,20,799963,New,26-35
C05926,Female,25,622272,New,26-35
C05927,Male,42,1454847,New,26-35
C05928,Male,42,686939,New,18-25
C05929,Male,24,1480107,New,26-35
C05930,Female,20,676994,New,26-35
C05931,Male,30,712856,New,18-25
C05932,Male,36,717161,New,26-35
C05933,Male,45,357199,New,26-35
C05934,Male,28,974327,New,26-35
C05935,Male,40,890976,New,46-60
C05936,Male,34,477518,Repeat,46-60
C05937,Male,23,1052115,New,18-25
C05938,Female,39,984432,New,36-45
C05939,Male,39,443129,Repeat,18-25
C05940,Female,30,264474,Repeat,26-35
C05941,Male,27,453806,New,26-35
C05942,Female,24,1497932,New,26-35
C05943,Male,20,917907,New,18-25
C05944,Male,20,524807,New,26-35
C05945,Female,41,999827,New,18-25
C05946,Male,31,484717,New,36-45
C05947,Male,29,782723,New,26-35
C05948,Male,27,437514,Repeat,26-35
C05949,Female,26,661010,New,46-60
C05950,Male,20,694546,Repeat,26-35
C05951,Male,26,555585,New,36-45
C05952,Male,32,423260,New,36-45
C05953,Female,39,682652,New,26-35
C05954,Female,44,404219,Repeat,36-45
C05955,Male,39,389568,New,18-25
C05956,Male,32,619013,New,18-25
C05957,Male,28,536995,Repeat,26-35
C05958,Male,36,281478,Repeat,26-35
C05959,Female,56,433759,New,26-35
C05960,Male,33,1126777,New,36-45
C05961,Male,36,444839,Repeat,18-25
C05962,Male,24,434904,New,26-35
C05963,Male,31,663611,New,26-35
C05964,Male,33,523232,Repeat,26-35
C05965,Male,32,785175,New,46-60
C05966,Male,31,438877,Repeat,36-45
C05967,Male,29,882333,New,36-45
C05968,Male,35,505524,New,26-35
C05969,Female,24,1167157,New,18-25
C05970,Male,33,516535,Repeat,26-35
C05971,Male,20,361246,New,26-35
C05972,Male,26,843007,New,26-35
C05973,Male,34,627936,Repeat,26-35
C05974,Male,27,487956,New,26-35
C05975,Male,41,416785,New,46-60
C05976,Male,36,451052,New,26-35
C05977,Male,29,497915,Repeat,36-45
C05978,Female,34,866117,Repeat,46-60
C05979,Female,30,346603,Repeat,36-45
C05980,Male,23,824655,New,46-60
C05981,Male,35,723031,Repeat,26-35
C05982,Female,27,546048,New,18-25
C05983,Male,31,1014851,Repeat,26-35
C05984,Female,27,984692,New,36-45
C05985,Male,22,835130,New,18-25
C05986,Male,44,1745380,New,26-35
C05987,Male,35,260625,Repeat,36-45
C05988,Male,37,636313,New,26-35
C05989,Male,24,697591,New,36-45
C05990,Male,33,474358,New,26-35
C05991,Male,43,1021889,Repeat,36-45
C05992,Male,32,486940,New,26-35
C05993,Female,31,804941,New,18-25
C05994,Male,32,547180,New,26-35
C05995,Male,35,903101,New,46-60
C05996,Female,28,896561,New,18-25
C05997,Male,32,1067876,Repeat,36-45
C05998,Female,33,461259,Repeat,36-45
C05999,Female,26,429678,Repeat,26-35
C06000,Male,20,398273,New,26-35
