Service_ID,Date,Dealer_ID,Vehicle_ID,Customer_ID,Service_Type,Service_Status,Customer_Rating,Service_Cost
SV000001,2026-08-15 00:00:00,D043,V013,C01388,Oil Change,Completed,5,2204
SV000002,2026-10-20 00:00:00,D031,V003,C05810,Repair,Pending,3,2107
SV000003,2025-12-09 00:00:00,D018,V007,C00062,Periodic Maintenance,Completed,4,3898
SV000004,2025-12-01 00:00:00,D042,V020,C01266,Warranty,Completed,3,2018
SV000005,2026-09-17 00:00:00,D016,V019,C01687,General Service,Completed,5,4300
SV000006,2025-12-30 00:00:00,D020,V012,C00491,Warranty,Cancelled,5,1391
SV000007,2025-03-18 00:00:00,D029,V001,C05561,Periodic Maintenance,Completed,4,1723
SV000008,2025-06-16 00:00:00,D011,V018,C00134,Warranty,Pending,3,1976
SV000009,2025-07-13 00:00:00,D003,V013,C02047,Warranty,Completed,5,4886
SV000010,2025-07-27 00:00:00,D008,V001,C02556,Oil Change,Completed,3,3397
SV000011,2026-11-10 00:00:00,D041,V007,C04425,Oil Change,Completed,4,5826
SV000012,2025-10-24 00:00:00,D055,V014,C03027,Repair,Completed,5,1797
SV000013,2026-12-07 00:00:00,D051,V011,C03254,Repair,Completed,4,2031
SV000014,2026-07-13 00:00:00,D054,V008,C00321,General Service,Completed,5,1385
SV000015,2025-06-02 00:00:00,D044,V015,C03343,General Service,Completed,4,1958
SV000016,2025-10-05 00:00:00,D019,V013,C01890,General Service,Completed,5,3824
SV000017,2026-04-22 00:00:00,D026,V007,C05773,Repair,Completed,5,4219
SV000018,2026-04-27 00:00:00,D047,V008,C01937,General Service,Completed,5,2007
SV000019,2025-12-16 00:00:00,D027,V006,C02195,General Service,Pending,4,4222
SV000020,2025-10-29 00:00:00,D015,V013,C03063,Oil Change,Completed,3,7296
SV000021,2026-02-11 00:00:00,D019,V010,C03305,General Service,Completed,5,3015
SV000022,2026-01-20 00:00:00,D032,V002,C05147,Periodic Maintenance,Completed,5,1169
SV000023,2025-06-17 00:00:00,D036,V018,C03643,Repair,Completed,5,1796
SV000024,2026-11-27 00:00:00,D046,V013,C01513,General Service,Completed,5,3489
SV000025,2025-09-14 00:00:00,D022,V014,C05470,Oil Change,Completed,3,1504
SV000026,2026-06-22 00:00:00,D006,V005,C03459,Periodic Maintenance,Completed,5,1626
SV000027,2025-03-18 00:00:00,D028,V007,C04841,Repair,Completed,1,767
SV000028,2026-02-21 00:00:00,D011,V018,C01196,Periodic Maintenance,Cancelled,2,2865
SV000029,2025-09-19 00:00:00,D005,V019,C02535,Oil Change,Completed,5,1920
SV000030,2026-03-04 00:00:00,D016,V019,C02219,General Service,Completed,4,2085
SV000031,2025-09-18 00:00:00,D051,V011,C05624,Warranty,Completed,5,1167
SV000032,2026-11-13 00:00:00,D038,V013,C05760,Periodic Maintenance,Completed,5,5747
SV000033,2025-10-02 00:00:00,D019,V004,C01183,Periodic Maintenance,Completed,5,2915
SV000034,2026-06-10 00:00:00,D046,V004,C02888,Warranty,Completed,2,2744
SV000035,2025-04-20 00:00:00,D041,V012,C03805,Oil Change,Completed,5,5041
SV000036,2025-12-21 00:00:00,D059,V016,C04921,Periodic Maintenance,Completed,5,1765
SV000037,2026-04-19 00:00:00,D007,V007,C02478,Warranty,Completed,4,3453
SV000038,2025-12-17 00:00:00,D033,V017,C00001,General Service,Completed,5,2274
SV000039,2025-08-17 00:00:00,D018,V019,C05627,Warranty,Completed,4,2462
SV000040,2025-09-09 00:00:00,D047,V014,C00340,General Service,Completed,4,901
SV000041,2025-07-30 00:00:00,D045,V018,C02510,Periodic Maintenance,Completed,5,3238
SV000042,2026-07-25 00:00:00,D004,V017,C02882,Repair,Completed,5,1644
SV000043,2025-07-15 00:00:00,D033,V001,C00726,General Service,Completed,5,2732
SV000044,2026-11-05 00:00:00,D020,V002,C04124,Periodic Maintenance,Completed,5,1712
SV000045,2026-08-25 00:00:00,D060,V013,C02107,General Service,Completed,5,3414
SV000046,2025-09-19 00:00:00,D032,V020,C01384,General Service,Completed,3,1772
SV000047,2025-07-19 00:00:00,D014,V011,C02280,Oil Change,Completed,5,4617
SV000048,2026-03-09 00:00:00,D009,V010,C02041,General Service,Pending,5,3500
SV000049,2026-12-10 00:00:00,D027,V007,C03502,General Service,Completed,5,2929
SV000050,2026-07-25 00:00:00,D024,V005,C01455,Oil Change,Completed,5,1931
SV000051,2026-04-17 00:00:00,D004,V014,C05534,General Service,Completed,1,5331
SV000052,2026-03-27 00:00:00,D027,V010,C03802,Oil Change,Completed,4,916
SV000053,2026-11-11 00:00:00,D056,V014,C03521,General Service,Completed,5,2656
SV000054,2025-07-24 00:00:00,D020,V014,C04912,General Service,Completed,4,1736
SV000055,2026-05-01 00:00:00,D009,V017,C01639,Repair,Completed,5,2440
SV000056,2026-03-07 00:00:00,D021,V010,C01685,Warranty,Completed,4,4227
SV000057,2026-07-05 00:00:00,D022,V005,C01696,Repair,Completed,4,1706
SV000058,2026-05-13 00:00:00,D053,V007,C03801,Oil Change,Completed,2,1953
SV000059,2025-02-05 00:00:00,D007,V013,C04084,Repair,Completed,5,1197
SV000060,2025-05-20 00:00:00,D003,V010,C01100,General Service,Completed,2,9103
SV000061,2025-03-09 00:00:00,D014,V001,C01635,Repair,Completed,4,1322
SV000062,2025-12-29 00:00:00,D060,V001,C04139,Repair,Completed,5,11471
SV000063,2026-02-01 00:00:00,D020,V016,C02181,General Service,Completed,3,2880
SV000064,2026-09-29 00:00:00,D033,V006,C00153,Warranty,Completed,4,3166
SV000065,2025-06-18 00:00:00,D040,V019,C01674,Warranty,Completed,4,3375
SV000066,2025-07-03 00:00:00,D060,V018,C04413,Repair,Completed,5,1271
SV000067,2026-11-21 00:00:00,D059,V016,C04446,General Service,Completed,5,5343
SV000068,2026-12-14 00:00:00,D060,V004,C03562,Periodic Maintenance,Completed,5,2354
SV000069,2026-09-11 00:00:00,D026,V011,C03975,Periodic Maintenance,Pending,5,1839
SV000070,2025-06-21 00:00:00,D017,V011,C03370,General Service,Completed,5,3507
SV000071,2025-10-15 00:00:00,D007,V008,C04040,Oil Change,Completed,5,14348
SV000072,2026-03-10 00:00:00,D015,V009,C01542,General Service,Completed,5,2317
SV000073,2026-02-12 00:00:00,D037,V002,C00549,Repair,Cancelled,2,3522
SV000074,2026-04-29 00:00:00,D058,V009,C05194,Periodic Maintenance,Cancelled,5,3012
SV000075,2025-05-28 00:00:00,D059,V009,C02686,Oil Change,Completed,4,3688
SV000076,2026-06-03 00:00:00,D016,V005,C03838,General Service,Completed,2,1888
SV000077,2025-07-20 00:00:00,D009,V016,C05583,Warranty,Completed,4,2789
SV000078,2025-10-05 00:00:00,D031,V001,C05482,Periodic Maintenance,Cancelled,5,1836
SV000079,2025-10-17 00:00:00,D006,V001,C04600,Periodic Maintenance,Pending,5,2487
SV000080,2025-09-20 00:00:00,D008,V016,C03187,Repair,Completed,4,826
SV000081,2025-04-17 00:00:00,D038,V008,C03851,Periodic Maintenance,Completed,2,2554
SV000082,2026-02-02 00:00:00,D050,V003,C01208,Warranty,Completed,3,3201
SV000083,2026-06-14 00:00:00,D054,V001,C05878,Warranty,Completed,2,3843
SV000084,2026-09-09 00:00:00,D031,V007,C04534,Oil Change,Completed,5,3148
SV000085,2026-07-21 00:00:00,D027,V013,C01064,Repair,Completed,4,4265
SV000086,2026-08-17 00:00:00,D047,V002,C02316,Periodic Maintenance,Completed,5,1550
SV000087,2025-08-01 00:00:00,D044,V011,C02547,General Service,Cancelled,5,3909
SV000088,2025-12-10 00:00:00,D012,V009,C04890,Repair,Completed,5,1056
SV000089,2026-02-25 00:00:00,D057,V005,C00187,Periodic Maintenance,Completed,4,2842
SV000090,2026-06-28 00:00:00,D005,V003,C02153,Periodic Maintenance,Completed,5,1397
SV000091,2025-12-04 00:00:00,D037,V018,C01917,Warranty,Completed,5,1263
SV000092,2025-07-18 00:00:00,D025,V009,C00944,General Service,Completed,1,2622
SV000093,2025-04-29 00:00:00,D039,V015,C00251,Oil Change,Completed,4,4294
SV000094,2026-10-02 00:00:00,D042,V001,C02624,Oil Change,Completed,5,3396
SV000095,2025-04-11 00:00:00,D040,V015,C02777,Warranty,Cancelled,5,5814
SV000096,2026-06-18 00:00:00,D050,V002,C02927,Oil Change,Completed,4,2522
SV000097,2025-09-27 00:00:00,D030,V012,C02075,Repair,Completed,4,1725
SV000098,2025-09-28 00:00:00,D031,V007,C01936,General Service,Completed,5,3769
SV000099,2026-08-25 00:00:00,D041,V011,C01983,General Service,Completed,3,2673
SV000100,2026-07-25 00:00:00,D031,V002,C05518,General Service,Completed,5,3460
SV000101,2025-01-01 00:00:00,D023,V019,C02469,Warranty,Completed,4,1586
SV000102,2026-06-08 00:00:00,D030,V009,C05790,Oil Change,Completed,5,5439
SV000103,2025-06-24 00:00:00,D055,V015,C02064,General Service,Completed,5,1711
SV000104,2025-07-02 00:00:00,D009,V011,C00320,Repair,Cancelled,2,2238
SV000105,2026-01-19 00:00:00,D003,V001,C00390,Repair,Completed,5,2689
SV000106,2025-12-09 00:00:00,D009,V019,C00057,Periodic Maintenance,Completed,4,3011
SV000107,2026-07-27 00:00:00,D002,V018,C04267,Warranty,Completed,5,1834
SV000108,2025-07-18 00:00:00,D006,V006,C05398,General Service,Completed,5,9263
SV000109,2025-12-04 00:00:00,D008,V001,C04446,Warranty,Completed,2,3713
SV000110,2026-02-28 00:00:00,D044,V013,C05656,Repair,Completed,4,2566
SV000111,2026-12-30 00:00:00,D029,V005,C01715,Oil Change,Completed,4,6491
SV000112,2026-02-16 00:00:00,D056,V001,C05149,Periodic Maintenance,Completed,4,7819
SV000113,2026-03-28 00:00:00,D022,V007,C05426,Periodic Maintenance,Completed,4,3453
SV000114,2025-01-23 00:00:00,D009,V008,C05438,Oil Change,Cancelled,4,2876
SV000115,2026-01-21 00:00:00,D042,V011,C02269,Warranty,Completed,4,2407
SV000116,2025-03-19 00:00:00,D051,V012,C02539,Repair,Completed,4,1255
SV000117,2026-10-14 00:00:00,D042,V002,C04845,General Service,Completed,5,2252
SV000118,2025-01-02 00:00:00,D016,V006,C05434,Warranty,Completed,1,2228
SV000119,2026-11-10 00:00:00,D014,V016,C00417,Periodic Maintenance,Completed,4,2113
SV000120,2026-02-25 00:00:00,D044,V010,C04123,Warranty,Completed,5,1498
SV000121,2026-11-03 00:00:00,D006,V018,C03519,Warranty,Completed,4,2216
SV000122,2026-10-23 00:00:00,D012,V005,C04202,Repair,Completed,5,2228
SV000123,2025-12-25 00:00:00,D035,V005,C01329,Oil Change,Completed,5,1203
SV000124,2026-01-01 00:00:00,D027,V015,C00788,Warranty,Completed,5,1235
SV000125,2025-01-27 00:00:00,D013,V020,C03101,General Service,Completed,5,5103
SV000126,2026-05-21 00:00:00,D006,V017,C04259,General Service,Completed,3,1435
SV000127,2025-02-08 00:00:00,D034,V006,C05837,General Service,Completed,5,3984
SV000128,2025-10-26 00:00:00,D028,V016,C01472,General Service,Completed,5,4432
SV000129,2025-03-26 00:00:00,D024,V016,C02813,Oil Change,Completed,4,5693
SV000130,2025-05-24 00:00:00,D037,V011,C04749,Repair,Completed,5,1778
SV000131,2026-06-03 00:00:00,D017,V006,C00031,Repair,Completed,4,1543
SV000132,2025-08-05 00:00:00,D060,V006,C00608,Periodic Maintenance,Completed,3,809
SV000133,2025-01-11 00:00:00,D028,V001,C05980,Periodic Maintenance,Cancelled,4,1843
SV000134,2025-03-16 00:00:00,D046,V007,C02741,Periodic Maintenance,Completed,5,3333
SV000135,2026-11-23 00:00:00,D017,V013,C04661,General Service,Completed,4,5875
SV000136,2025-08-19 00:00:00,D046,V010,C05969,Oil Change,Completed,2,4305
SV000137,2025-04-10 00:00:00,D045,V003,C02588,Oil Change,Completed,4,2220
SV000138,2025-06-18 00:00:00,D019,V014,C01934,General Service,Completed,4,2312
SV000139,2026-09-03 00:00:00,D016,V017,C05788,General Service,Completed,5,3236
SV000140,2026-12-14 00:00:00,D053,V008,C00456,General Service,Completed,4,1205
SV000141,2026-01-21 00:00:00,D012,V002,C01605,Periodic Maintenance,Completed,5,1725
SV000142,2025-04-09 00:00:00,D020,V003,C05979,Periodic Maintenance,Completed,5,3318
SV000143,2025-01-18 00:00:00,D007,V017,C02478,Periodic Maintenance,Completed,5,2316
SV000144,2026-06-10 00:00:00,D027,V010,C00999,General Service,Completed,5,2654
SV000145,2025-09-17 00:00:00,D033,V019,C00067,Periodic Maintenance,Completed,5,1253
SV000146,2026-03-11 00:00:00,D032,V019,C02326,Periodic Maintenance,Completed,3,2465
SV000147,2026-09-19 00:00:00,D052,V009,C04512,Periodic Maintenance,Completed,3,1678
SV000148,2025-04-02 00:00:00,D032,V012,C04133,Repair,Cancelled,4,1494
SV000149,2026-12-22 00:00:00,D026,V010,C03771,Periodic Maintenance,Pending,4,3927
SV000150,2026-08-31 00:00:00,D014,V017,C01832,Warranty,Completed,5,1878
SV000151,2026-12-16 00:00:00,D036,V013,C03070,Periodic Maintenance,Completed,5,1900
SV000152,2025-08-28 00:00:00,D035,V009,C01175,Oil Change,Completed,4,2179
SV000153,2026-11-06 00:00:00,D034,V014,C04117,Warranty,Completed,5,4448
SV000154,2026-07-15 00:00:00,D030,V003,C04509,Oil Change,Completed,3,7656
SV000155,2025-12-28 00:00:00,D024,V020,C02990,Warranty,Completed,5,2428
SV000156,2026-04-26 00:00:00,D020,V016,C05556,Periodic Maintenance,Completed,3,7376
SV000157,2025-07-19 00:00:00,D034,V001,C00228,General Service,Completed,5,982
SV000158,2026-01-14 00:00:00,D060,V003,C01401,General Service,Cancelled,5,1634
SV000159,2025-01-07 00:00:00,D005,V019,C04283,Oil Change,Completed,5,1888
SV000160,2026-07-26 00:00:00,D059,V008,C03294,Repair,Completed,5,4439
SV000161,2025-10-14 00:00:00,D027,V010,C04279,Warranty,Completed,3,3752
SV000162,2025-02-15 00:00:00,D057,V003,C01181,General Service,Completed,5,3522
SV000163,2026-05-15 00:00:00,D012,V020,C05520,General Service,Completed,2,1179
SV000164,2025-10-05 00:00:00,D035,V011,C02384,Oil Change,Completed,4,1036
SV000165,2026-04-06 00:00:00,D013,V014,C03208,Oil Change,Completed,4,1971
SV000166,2025-11-14 00:00:00,D014,V009,C01915,General Service,Completed,5,1363
SV000167,2025-10-25 00:00:00,D004,V016,C04579,Periodic Maintenance,Cancelled,4,3910
SV000168,2026-09-18 00:00:00,D058,V017,C00164,General Service,Completed,2,1821
SV000169,2025-05-22 00:00:00,D025,V001,C00718,Oil Change,Completed,3,4492
SV000170,2026-12-08 00:00:00,D029,V012,C01413,Repair,Completed,5,2037
SV000171,2026-06-24 00:00:00,D012,V013,C01925,Repair,Completed,4,2195
SV000172,2025-05-31 00:00:00,D018,V001,C05216,General Service,Completed,5,1274
SV000173,2025-08-19 00:00:00,D036,V013,C00569,Warranty,Completed,2,999
SV000174,2026-11-06 00:00:00,D038,V014,C02373,Periodic Maintenance,Completed,5,4897
SV000175,2026-10-01 00:00:00,D018,V005,C03772,General Service,Completed,2,1955
SV000176,2026-01-12 00:00:00,D052,V006,C02248,Warranty,Completed,2,2491
SV000177,2026-02-13 00:00:00,D054,V003,C03199,Repair,Completed,4,2706
SV000178,2025-08-12 00:00:00,D036,V012,C00346,General Service,Completed,4,2233
SV000179,2025-07-11 00:00:00,D012,V012,C00236,Periodic Maintenance,Completed,4,1128
SV000180,2025-01-28 00:00:00,D032,V003,C00551,Oil Change,Completed,2,1860
SV000181,2025-09-26 00:00:00,D018,V003,C04927,Oil Change,Completed,5,4686
SV000182,2025-10-07 00:00:00,D030,V004,C05015,Periodic Maintenance,Completed,4,1901
SV000183,2026-03-13 00:00:00,D025,V002,C02397,Oil Change,Completed,5,2169
SV000184,2026-02-15 00:00:00,D036,V011,C04389,Oil Change,Completed,4,1807
SV000185,2026-03-04 00:00:00,D015,V010,C02008,General Service,Completed,4,1222
SV000186,2026-08-26 00:00:00,D032,V003,C03120,Periodic Maintenance,Completed,5,4012
SV000187,2026-07-14 00:00:00,D058,V011,C03833,Periodic Maintenance,Completed,5,6581
SV000188,2025-11-17 00:00:00,D025,V015,C03278,Warranty,Completed,3,1762
SV000189,2025-12-21 00:00:00,D039,V007,C00052,Oil Change,Completed,5,6384
SV000190,2025-06-29 00:00:00,D053,V017,C03368,General Service,Completed,5,2451
SV000191,2025-12-16 00:00:00,D004,V013,C02014,Repair,Completed,5,2521
SV000192,2026-09-28 00:00:00,D059,V010,C05506,Repair,Completed,5,1111
SV000193,2026-06-16 00:00:00,D042,V010,C02421,Oil Change,Completed,5,3477
SV000194,2026-04-29 00:00:00,D029,V020,C05905,Periodic Maintenance,Completed,2,4452
SV000195,2026-12-21 00:00:00,D014,V011,C03799,General Service,Completed,4,923
SV000196,2026-01-24 00:00:00,D043,V007,C02865,Repair,Completed,5,2383
SV000197,2026-03-28 00:00:00,D047,V020,C03886,Oil Change,Completed,5,2017
SV000198,2025-02-17 00:00:00,D034,V019,C01022,Oil Change,Completed,5,1218
SV000199,2026-08-13 00:00:00,D049,V005,C01958,General Service,Completed,4,4012
SV000200,2025-05-13 00:00:00,D022,V010,C04185,Periodic Maintenance,Completed,3,2245
SV000201,2026-04-03 00:00:00,D032,V008,C02403,Oil Change,Completed,4,2198
SV000202,2025-09-01 00:00:00,D051,V005,C04241,General Service,Completed,5,1835
SV000203,2026-01-12 00:00:00,D043,V005,C03964,Periodic Maintenance,Pending,4,6738
SV000204,2026-05-04 00:00:00,D029,V006,C04118,Periodic Maintenance,Completed,4,3760
SV000205,2026-06-07 00:00:00,D007,V010,C05702,Repair,Completed,5,2334
SV000206,2026-09-19 00:00:00,D016,V010,C04815,Warranty,Completed,5,1213
SV000207,2025-10-05 00:00:00,D019,V011,C04860,General Service,Completed,5,1292
SV000208,2025-01-13 00:00:00,D020,V020,C01990,General Service,Cancelled,5,3175
SV000209,2026-03-01 00:00:00,D034,V013,C05917,General Service,Completed,4,834
SV000210,2026-03-22 00:00:00,D035,V005,C00508,Repair,Completed,3,5019
SV000211,2026-01-02 00:00:00,D049,V005,C05504,Periodic Maintenance,Completed,5,7126
SV000212,2026-11-09 00:00:00,D004,V003,C00780,General Service,Completed,5,3730
SV000213,2026-10-27 00:00:00,D042,V003,C05242,Warranty,Completed,4,500
SV000214,2025-11-27 00:00:00,D050,V007,C05352,General Service,Pending,4,1305
SV000215,2025-09-08 00:00:00,D016,V019,C02547,Oil Change,Completed,4,1519
SV000216,2026-06-24 00:00:00,D057,V014,C01629,General Service,Pending,4,2177
SV000217,2026-01-28 00:00:00,D041,V006,C05784,Oil Change,Pending,4,1937
SV000218,2025-09-07 00:00:00,D012,V007,C03847,Warranty,Completed,4,1777
SV000219,2026-08-05 00:00:00,D046,V008,C03746,General Service,Completed,5,1937
SV000220,2026-10-28 00:00:00,D038,V003,C00017,Repair,Completed,5,5085
SV000221,2026-06-12 00:00:00,D028,V008,C02158,General Service,Completed,5,3799
SV000222,2026-01-14 00:00:00,D047,V013,C01594,Oil Change,Completed,5,4211
SV000223,2026-08-07 00:00:00,D057,V017,C03728,Warranty,Completed,2,4118
SV000224,2026-03-06 00:00:00,D060,V006,C03734,Warranty,Completed,3,4373
SV000225,2025-08-08 00:00:00,D032,V004,C01619,Periodic Maintenance,Completed,5,4933
SV000226,2026-08-22 00:00:00,D059,V012,C05377,General Service,Completed,5,1542
SV000227,2025-10-31 00:00:00,D032,V018,C01683,Warranty,Completed,3,5115
SV000228,2025-01-31 00:00:00,D047,V003,C01514,Periodic Maintenance,Completed,5,929
SV000229,2026-10-05 00:00:00,D033,V015,C03388,Oil Change,Completed,2,3503
SV000230,2025-09-29 00:00:00,D029,V015,C05784,Repair,Completed,4,2604
SV000231,2025-09-26 00:00:00,D023,V003,C01751,Oil Change,Completed,3,4786
SV000232,2026-01-14 00:00:00,D024,V001,C02376,Repair,Completed,2,4153
SV000233,2025-07-16 00:00:00,D056,V018,C05240,Oil Change,Completed,5,1052
SV000234,2025-01-24 00:00:00,D035,V006,C04644,Repair,Completed,4,1671
SV000235,2025-04-27 00:00:00,D027,V004,C01108,Warranty,Completed,4,2252
SV000236,2026-08-08 00:00:00,D043,V020,C00516,Repair,Completed,5,5553
SV000237,2025-03-20 00:00:00,D007,V011,C02274,General Service,Completed,4,3686
SV000238,2025-05-14 00:00:00,D024,V005,C02983,Repair,Completed,4,1335
SV000239,2025-12-10 00:00:00,D055,V020,C03769,General Service,Cancelled,4,2282
SV000240,2025-03-07 00:00:00,D035,V012,C05457,General Service,Completed,3,5598
SV000241,2026-06-01 00:00:00,D050,V003,C04194,Oil Change,Completed,4,781
SV000242,2026-09-09 00:00:00,D051,V012,C05939,General Service,Cancelled,5,2223
SV000243,2026-01-14 00:00:00,D033,V011,C00845,Oil Change,Completed,5,2289
SV000244,2025-05-26 00:00:00,D017,V007,C04858,General Service,Pending,4,1965
SV000245,2025-02-12 00:00:00,D040,V009,C00108,General Service,Completed,5,1884
SV000246,2026-12-06 00:00:00,D011,V004,C02727,General Service,Completed,5,1265
SV000247,2025-10-15 00:00:00,D006,V008,C00250,Repair,Completed,4,1854
SV000248,2026-06-01 00:00:00,D034,V007,C03279,Periodic Maintenance,Completed,5,5123
SV000249,2025-09-22 00:00:00,D024,V011,C05592,Periodic Maintenance,Completed,3,2705
SV000250,2025-01-23 00:00:00,D035,V002,C00468,Repair,Cancelled,4,2158
SV000251,2026-05-06 00:00:00,D047,V011,C05033,Oil Change,Completed,2,3407
SV000252,2026-10-17 00:00:00,D006,V017,C01102,Periodic Maintenance,Completed,3,3007
SV000253,2026-03-16 00:00:00,D038,V008,C03601,Oil Change,Completed,4,675
SV000254,2026-12-25 00:00:00,D051,V007,C04863,General Service,Completed,3,3819
SV000255,2025-02-18 00:00:00,D010,V010,C00663,Oil Change,Completed,4,4927
SV000256,2026-03-07 00:00:00,D055,V005,C01368,General Service,Completed,4,6052
SV000257,2026-08-02 00:00:00,D019,V014,C04385,Periodic Maintenance,Completed,4,2439
SV000258,2025-03-30 00:00:00,D005,V002,C04797,Oil Change,Completed,4,2164
SV000259,2025-09-15 00:00:00,D055,V004,C05972,Periodic Maintenance,Cancelled,4,1332
SV000260,2025-09-20 00:00:00,D001,V013,C05576,Periodic Maintenance,Completed,1,3813
SV000261,2026-05-04 00:00:00,D010,V006,C02528,Oil Change,Completed,5,3178
SV000262,2026-03-21 00:00:00,D048,V006,C03236,Oil Change,Completed,4,1476
SV000263,2025-10-16 00:00:00,D026,V001,C00266,Periodic Maintenance,Completed,4,2415
SV000264,2025-09-14 00:00:00,D009,V003,C00192,Periodic Maintenance,Completed,4,4702
SV000265,2025-06-01 00:00:00,D060,V005,C04178,Periodic Maintenance,Completed,5,3849
SV000266,2026-07-26 00:00:00,D029,V002,C01503,Periodic Maintenance,Completed,5,3289
SV000267,2025-06-09 00:00:00,D007,V004,C01599,Repair,Completed,5,2402
SV000268,2025-09-04 00:00:00,D060,V011,C03354,General Service,Completed,5,4491
SV000269,2026-07-29 00:00:00,D012,V017,C00251,Oil Change,Completed,4,2741
SV000270,2025-05-23 00:00:00,D008,V004,C05409,Repair,Completed,5,2433
SV000271,2026-11-08 00:00:00,D019,V007,C00887,General Service,Completed,2,2117
SV000272,2026-09-01 00:00:00,D017,V016,C01784,Periodic Maintenance,Completed,3,945
SV000273,2025-12-01 00:00:00,D019,V013,C02786,Oil Change,Completed,5,1156
SV000274,2025-10-06 00:00:00,D053,V001,C00428,Repair,Completed,4,4463
SV000275,2025-11-13 00:00:00,D019,V001,C00436,Warranty,Cancelled,4,1219
SV000276,2026-09-12 00:00:00,D033,V004,C02359,Warranty,Completed,5,4503
SV000277,2026-12-20 00:00:00,D042,V014,C05024,Repair,Completed,3,1891
SV000278,2025-08-26 00:00:00,D027,V009,C00044,Oil Change,Completed,2,5974
SV000279,2025-10-14 00:00:00,D023,V020,C01623,Oil Change,Completed,3,2372
SV000280,2025-09-04 00:00:00,D024,V007,C04049,General Service,Pending,4,2757
SV000281,2026-03-09 00:00:00,D040,V016,C04219,Oil Change,Completed,5,1388
SV000282,2026-05-18 00:00:00,D049,V003,C05614,Periodic Maintenance,Completed,5,1309
SV000283,2025-03-22 00:00:00,D054,V016,C01692,General Service,Completed,4,865
SV000284,2025-10-10 00:00:00,D040,V020,C04040,Periodic Maintenance,Completed,5,1262
SV000285,2026-03-16 00:00:00,D042,V003,C00225,Warranty,Completed,3,2370
SV000286,2026-09-12 00:00:00,D010,V002,C05136,General Service,Completed,5,1721
SV000287,2026-02-17 00:00:00,D026,V014,C05029,Periodic Maintenance,Completed,5,3879
SV000288,2026-10-16 00:00:00,D010,V019,C02660,Periodic Maintenance,Completed,5,2046
SV000289,2026-11-11 00:00:00,D017,V005,C04759,Repair,Completed,3,7073
SV000290,2026-10-04 00:00:00,D008,V010,C04772,General Service,Completed,4,1849
SV000291,2025-06-26 00:00:00,D025,V004,C02018,Oil Change,Completed,4,541
SV000292,2026-09-25 00:00:00,D045,V003,C00155,Periodic Maintenance,Pending,5,2038
SV000293,2025-12-28 00:00:00,D011,V001,C05622,Oil Change,Completed,3,2114
SV000294,2026-03-05 00:00:00,D015,V015,C02138,General Service,Completed,5,2997
SV000295,2025-10-21 00:00:00,D054,V013,C02244,Warranty,Cancelled,5,2771
SV000296,2025-07-12 00:00:00,D059,V002,C01172,Repair,Completed,5,2997
SV000297,2025-09-14 00:00:00,D050,V001,C02957,Repair,Completed,1,2291
SV000298,2025-08-07 00:00:00,D003,V018,C02022,Repair,Pending,3,2016
SV000299,2025-07-27 00:00:00,D049,V006,C01498,Periodic Maintenance,Completed,5,1691
SV000300,2025-01-04 00:00:00,D054,V004,C03007,Repair,Completed,4,2148
SV000301,2026-09-25 00:00:00,D039,V011,C03845,Oil Change,Completed,3,1911
SV000302,2026-05-29 00:00:00,D004,V008,C00928,Periodic Maintenance,Completed,5,4295
SV000303,2025-09-06 00:00:00,D060,V018,C01624,General Service,Completed,5,5163
SV000304,2025-05-15 00:00:00,D022,V013,C00806,Periodic Maintenance,Pending,4,1535
SV000305,2025-12-30 00:00:00,D040,V007,C03339,Oil Change,Completed,3,5058
SV000306,2025-10-30 00:00:00,D045,V001,C02399,Periodic Maintenance,Completed,5,6598
SV000307,2026-10-20 00:00:00,D019,V016,C03551,Oil Change,Completed,3,2552
SV000308,2025-11-25 00:00:00,D025,V002,C03536,General Service,Completed,4,6105
SV000309,2026-08-17 00:00:00,D005,V001,C01873,General Service,Completed,5,7162
SV000310,2025-08-14 00:00:00,D054,V010,C03989,General Service,Completed,5,4562
SV000311,2026-08-25 00:00:00,D018,V005,C01791,General Service,Completed,5,4160
SV000312,2025-04-15 00:00:00,D048,V017,C03169,Periodic Maintenance,Completed,3,2652
SV000313,2026-04-30 00:00:00,D006,V001,C03615,General Service,Completed,2,3209
SV000314,2026-12-16 00:00:00,D051,V002,C01066,Periodic Maintenance,Completed,4,2135
SV000315,2026-07-24 00:00:00,D047,V005,C01723,General Service,Completed,5,1775
SV000316,2025-03-03 00:00:00,D017,V012,C05919,Oil Change,Completed,5,2482
SV000317,2025-01-02 00:00:00,D018,V003,C01102,Periodic Maintenance,Completed,4,4667
SV000318,2025-10-13 00:00:00,D060,V008,C03007,Repair,Completed,5,5853
SV000319,2026-04-21 00:00:00,D038,V009,C05691,Periodic Maintenance,Completed,4,1909
SV000320,2026-02-03 00:00:00,D009,V004,C01366,Repair,Completed,5,3126
SV000321,2026-07-29 00:00:00,D051,V017,C00582,General Service,Completed,5,3780
SV000322,2026-06-23 00:00:00,D010,V008,C04502,Oil Change,Completed,3,2240
SV000323,2026-08-22 00:00:00,D049,V016,C02812,Oil Change,Completed,1,2625
SV000324,2025-06-06 00:00:00,D045,V004,C04640,General Service,Pending,5,1511
SV000325,2026-05-28 00:00:00,D036,V003,C05802,Oil Change,Completed,5,1712
SV000326,2026-02-28 00:00:00,D039,V020,C00310,Periodic Maintenance,Cancelled,3,3140
SV000327,2025-01-07 00:00:00,D027,V002,C02338,General Service,Completed,5,1778
SV000328,2025-07-05 00:00:00,D027,V018,C00962,Periodic Maintenance,Completed,5,4723
SV000329,2025-12-31 00:00:00,D037,V013,C04411,Warranty,Completed,4,4052
SV000330,2026-03-01 00:00:00,D040,V014,C04383,Periodic Maintenance,Completed,4,2086
SV000331,2026-10-24 00:00:00,D049,V013,C04410,Periodic Maintenance,Completed,4,1525
SV000332,2025-09-11 00:00:00,D041,V018,C02377,Periodic Maintenance,Completed,5,1534
SV000333,2025-12-07 00:00:00,D031,V017,C05668,General Service,Completed,5,1825
SV000334,2026-01-13 00:00:00,D060,V002,C05742,Oil Change,Completed,5,2989
SV000335,2026-06-15 00:00:00,D031,V005,C03900,Periodic Maintenance,Completed,4,2687
SV000336,2026-09-06 00:00:00,D024,V013,C05246,General Service,Completed,3,5163
SV000337,2025-10-17 00:00:00,D041,V013,C02994,General Service,Completed,4,5384
SV000338,2025-02-16 00:00:00,D025,V018,C02238,Periodic Maintenance,Completed,5,1762
SV000339,2025-03-08 00:00:00,D023,V011,C02187,Oil Change,Completed,5,3262
SV000340,2025-07-14 00:00:00,D012,V013,C05608,Oil Change,Completed,4,1823
SV000341,2025-03-09 00:00:00,D051,V015,C04169,Repair,Completed,5,3218
SV000342,2026-11-15 00:00:00,D013,V012,C03520,Repair,Completed,4,4445
SV000343,2025-04-02 00:00:00,D016,V019,C02879,Periodic Maintenance,Completed,5,650
SV000344,2025-04-14 00:00:00,D019,V012,C02981,General Service,Completed,4,2238
SV000345,2025-08-08 00:00:00,D018,V012,C02349,Warranty,Pending,4,1911
SV000346,2025-11-10 00:00:00,D004,V019,C02134,Repair,Pending,4,681
SV000347,2026-01-02 00:00:00,D001,V002,C04452,Warranty,Completed,3,1295
SV000348,2026-03-02 00:00:00,D023,V019,C04870,Repair,Completed,4,1636
SV000349,2026-04-05 00:00:00,D001,V009,C04506,Warranty,Completed,1,1791
SV000350,2025-06-15 00:00:00,D059,V014,C02435,Warranty,Completed,4,2511
SV000351,2026-05-20 00:00:00,D021,V010,C05440,Periodic Maintenance,Completed,5,3839
SV000352,2026-11-21 00:00:00,D034,V019,C00641,Periodic Maintenance,Completed,5,1394
SV000353,2025-09-08 00:00:00,D039,V006,C04239,General Service,Completed,5,5354
SV000354,2025-02-18 00:00:00,D022,V015,C03169,Periodic Maintenance,Completed,4,3546
SV000355,2026-05-13 00:00:00,D057,V007,C04088,Repair,Completed,3,2483
SV000356,2026-03-16 00:00:00,D016,V004,C01080,Warranty,Completed,4,4412
SV000357,2026-10-03 00:00:00,D018,V001,C05721,Warranty,Completed,4,4642
SV000358,2025-09-09 00:00:00,D052,V008,C02341,Periodic Maintenance,Completed,4,2300
SV000359,2025-06-27 00:00:00,D026,V005,C00534,Warranty,Completed,5,5746
SV000360,2026-12-02 00:00:00,D027,V002,C04527,Periodic Maintenance,Completed,5,2207
SV000361,2025-11-01 00:00:00,D041,V020,C05680,Oil Change,Completed,5,3117
SV000362,2025-10-26 00:00:00,D030,V005,C02417,Periodic Maintenance,Completed,4,2292
SV000363,2026-03-08 00:00:00,D024,V008,C01987,Repair,Completed,4,1822
SV000364,2025-07-10 00:00:00,D045,V004,C00963,General Service,Completed,5,5177
SV000365,2026-06-11 00:00:00,D039,V018,C00361,Warranty,Completed,3,6202
SV000366,2026-05-16 00:00:00,D041,V016,C05462,General Service,Completed,2,2604
SV000367,2026-11-04 00:00:00,D025,V010,C00694,Periodic Maintenance,Completed,4,6092
SV000368,2026-10-22 00:00:00,D042,V015,C03781,Periodic Maintenance,Completed,4,3002
SV000369,2026-12-30 00:00:00,D056,V003,C02969,General Service,Completed,5,1291
SV000370,2025-08-14 00:00:00,D022,V015,C05928,Oil Change,Cancelled,5,5110
SV000371,2026-07-29 00:00:00,D041,V001,C02296,Oil Change,Completed,4,3877
SV000372,2025-03-14 00:00:00,D026,V020,C05875,General Service,Completed,4,1901
SV000373,2025-10-27 00:00:00,D023,V011,C02814,Warranty,Cancelled,5,3085
SV000374,2025-09-29 00:00:00,D026,V018,C00884,Warranty,Completed,5,2335
SV000375,2025-05-21 00:00:00,D018,V018,C01233,General Service,Completed,5,3969
SV000376,2025-08-31 00:00:00,D011,V008,C05675,Repair,Completed,2,3355
SV000377,2026-01-07 00:00:00,D036,V002,C00894,Warranty,Completed,5,2156
SV000378,2026-10-30 00:00:00,D057,V008,C05172,Warranty,Completed,5,4262
SV000379,2026-11-09 00:00:00,D017,V007,C02818,Periodic Maintenance,Completed,4,1154
SV000380,2026-11-21 00:00:00,D060,V016,C04596,Warranty,Completed,4,1322
SV000381,2025-04-01 00:00:00,D055,V006,C03132,Repair,Completed,4,1838
SV000382,2026-10-28 00:00:00,D032,V018,C05938,Repair,Completed,5,2571
SV000383,2025-01-30 00:00:00,D039,V006,C01857,General Service,Completed,3,4215
SV000384,2025-11-04 00:00:00,D023,V012,C00616,Repair,Completed,5,952
SV000385,2026-01-10 00:00:00,D043,V017,C04057,Warranty,Completed,4,3354
SV000386,2026-12-26 00:00:00,D050,V008,C05531,Repair,Completed,4,1201
SV000387,2025-11-28 00:00:00,D019,V011,C00578,Periodic Maintenance,Completed,5,3153
SV000388,2025-07-26 00:00:00,D055,V009,C02932,General Service,Completed,4,3918
SV000389,2026-12-23 00:00:00,D051,V011,C03991,Periodic Maintenance,Completed,3,2455
SV000390,2025-12-15 00:00:00,D015,V016,C04905,Repair,Completed,5,1664
SV000391,2026-10-28 00:00:00,D001,V001,C05691,Periodic Maintenance,Completed,4,2797
SV000392,2026-02-10 00:00:00,D003,V013,C04839,General Service,Completed,5,2134
SV000393,2026-06-23 00:00:00,D017,V006,C05255,Repair,Completed,5,2282
SV000394,2025-08-14 00:00:00,D017,V003,C01519,Periodic Maintenance,Completed,4,2276
SV000395,2026-11-16 00:00:00,D042,V003,C05767,General Service,Completed,4,1748
SV000396,2025-06-15 00:00:00,D059,V019,C01893,Periodic Maintenance,Completed,5,3333
SV000397,2025-01-11 00:00:00,D029,V003,C04843,General Service,Completed,5,3832
SV000398,2025-10-05 00:00:00,D039,V006,C04725,General Service,Completed,5,2989
SV000399,2025-12-18 00:00:00,D004,V002,C02816,Warranty,Completed,5,2080
SV000400,2025-08-16 00:00:00,D005,V009,C01966,General Service,Pending,5,3275
SV000401,2025-09-10 00:00:00,D054,V008,C05411,Repair,Completed,2,710
SV000402,2025-11-13 00:00:00,D057,V019,C05658,General Service,Completed,3,2339
SV000403,2026-12-01 00:00:00,D042,V004,C05760,Warranty,Completed,5,6118
SV000404,2026-02-06 00:00:00,D030,V013,C03611,General Service,Completed,4,3817
SV000405,2025-02-06 00:00:00,D010,V014,C00151,General Service,Completed,4,2654
SV000406,2025-01-18 00:00:00,D038,V005,C00764,General Service,Completed,5,3316
SV000407,2026-07-24 00:00:00,D013,V016,C03392,Periodic Maintenance,Completed,5,4786
SV000408,2025-10-13 00:00:00,D003,V002,C04657,Repair,Completed,5,1762
SV000409,2026-06-10 00:00:00,D009,V002,C05079,Oil Change,Completed,4,2195
SV000410,2025-07-29 00:00:00,D056,V006,C05180,General Service,Completed,3,2235
SV000411,2025-10-16 00:00:00,D009,V017,C05955,Repair,Completed,4,1646
SV000412,2025-08-24 00:00:00,D017,V003,C00298,Periodic Maintenance,Pending,3,4681
SV000413,2026-07-16 00:00:00,D035,V012,C00957,Periodic Maintenance,Cancelled,5,5267
SV000414,2025-05-15 00:00:00,D035,V004,C01248,Repair,Completed,4,1650
SV000415,2025-05-07 00:00:00,D005,V004,C01076,Oil Change,Completed,5,5041
SV000416,2026-01-08 00:00:00,D056,V002,C05741,Periodic Maintenance,Completed,2,2209
SV000417,2025-07-06 00:00:00,D008,V003,C04709,Oil Change,Pending,3,1921
SV000418,2025-11-19 00:00:00,D032,V011,C04460,General Service,Completed,5,2668
SV000419,2026-05-02 00:00:00,D017,V017,C05159,Warranty,Completed,5,1462
SV000420,2025-05-14 00:00:00,D038,V010,C00437,Repair,Completed,5,2729
SV000421,2026-05-30 00:00:00,D056,V008,C03673,Oil Change,Cancelled,5,2695
SV000422,2025-11-05 00:00:00,D052,V017,C05805,General Service,Pending,5,5235
SV000423,2026-03-18 00:00:00,D057,V007,C00569,Repair,Completed,3,1484
SV000424,2026-03-27 00:00:00,D010,V017,C04485,Repair,Completed,4,1337
SV000425,2026-09-10 00:00:00,D038,V014,C01783,Warranty,Completed,2,2658
SV000426,2026-03-14 00:00:00,D039,V020,C00688,Oil Change,Completed,5,2451
SV000427,2025-10-06 00:00:00,D019,V014,C03506,General Service,Completed,5,3430
SV000428,2025-07-12 00:00:00,D035,V005,C04739,General Service,Completed,3,2610
SV000429,2025-01-25 00:00:00,D019,V016,C03992,Repair,Completed,5,3812
SV000430,2025-12-19 00:00:00,D013,V019,C02801,General Service,Completed,3,3183
SV000431,2025-01-04 00:00:00,D037,V016,C03187,General Service,Cancelled,2,6976
SV000432,2026-11-25 00:00:00,D043,V009,C05440,Periodic Maintenance,Completed,4,3518
SV000433,2026-07-11 00:00:00,D047,V015,C03292,General Service,Completed,5,2403
SV000434,2025-06-10 00:00:00,D046,V019,C05458,Periodic Maintenance,Completed,5,2309
SV000435,2025-06-10 00:00:00,D017,V005,C02367,Oil Change,Completed,3,2519
SV000436,2026-03-25 00:00:00,D035,V017,C00404,General Service,Completed,4,4285
SV000437,2025-12-26 00:00:00,D060,V009,C03466,Oil Change,Completed,4,2286
SV000438,2026-06-20 00:00:00,D004,V006,C03851,Periodic Maintenance,Pending,5,2399
SV000439,2025-02-14 00:00:00,D025,V002,C05884,Periodic Maintenance,Completed,5,2820
SV000440,2025-10-28 00:00:00,D025,V008,C03444,Repair,Completed,4,4787
SV000441,2026-02-15 00:00:00,D028,V020,C03411,Periodic Maintenance,Completed,4,2194
SV000442,2026-03-29 00:00:00,D031,V017,C05870,Repair,Completed,5,2272
SV000443,2026-05-06 00:00:00,D026,V017,C01052,General Service,Completed,3,3008
SV000444,2026-02-17 00:00:00,D028,V015,C03061,Periodic Maintenance,Completed,4,2277
SV000445,2025-02-10 00:00:00,D049,V001,C00438,Repair,Pending,3,2218
SV000446,2025-08-08 00:00:00,D016,V012,C00931,General Service,Completed,4,3531
SV000447,2025-07-22 00:00:00,D029,V005,C05312,General Service,Completed,5,4163
SV000448,2026-05-03 00:00:00,D020,V010,C04564,General Service,Completed,5,4788
SV000449,2025-10-13 00:00:00,D010,V013,C01751,Oil Change,Completed,3,2414
SV000450,2025-03-29 00:00:00,D036,V005,C03087,Repair,Cancelled,4,1928
SV000451,2026-11-24 00:00:00,D005,V013,C00700,General Service,Completed,4,3811
SV000452,2025-08-06 00:00:00,D053,V011,C01585,Periodic Maintenance,Completed,5,2981
SV000453,2025-11-18 00:00:00,D009,V001,C00957,Periodic Maintenance,Completed,2,4200
SV000454,2026-05-16 00:00:00,D022,V011,C02942,General Service,Completed,4,1083
SV000455,2025-07-27 00:00:00,D027,V003,C00510,General Service,Completed,5,3799
SV000456,2025-05-10 00:00:00,D021,V011,C04810,Oil Change,Completed,5,5681
SV000457,2025-05-02 00:00:00,D048,V012,C00005,Oil Change,Completed,5,4036
SV000458,2025-01-07 00:00:00,D029,V017,C00618,Periodic Maintenance,Pending,5,3631
SV000459,2025-02-20 00:00:00,D005,V018,C04208,Periodic Maintenance,Completed,5,3538
SV000460,2026-12-19 00:00:00,D015,V020,C00299,Warranty,Completed,5,852
SV000461,2025-10-15 00:00:00,D005,V017,C05440,General Service,Completed,5,4727
SV000462,2026-03-31 00:00:00,D011,V009,C02437,Periodic Maintenance,Completed,5,1803
SV000463,2026-11-24 00:00:00,D004,V019,C01382,Periodic Maintenance,Pending,5,1463
SV000464,2026-11-07 00:00:00,D060,V015,C04438,Warranty,Completed,3,3620
SV000465,2026-03-14 00:00:00,D013,V010,C04306,Periodic Maintenance,Completed,5,2339
SV000466,2025-07-29 00:00:00,D009,V014,C04029,Oil Change,Completed,3,1080
SV000467,2025-03-18 00:00:00,D059,V015,C05568,General Service,Completed,5,2061
SV000468,2025-07-21 00:00:00,D024,V010,C05219,Periodic Maintenance,Completed,5,2058
SV000469,2025-09-25 00:00:00,D015,V002,C05121,Repair,Completed,5,2189
SV000470,2026-05-22 00:00:00,D045,V002,C01574,Oil Change,Completed,3,856
SV000471,2025-09-16 00:00:00,D053,V003,C04947,General Service,Completed,5,3638
SV000472,2025-08-02 00:00:00,D042,V013,C00414,Oil Change,Completed,2,1950
SV000473,2025-03-25 00:00:00,D035,V012,C00520,Periodic Maintenance,Pending,3,1830
SV000474,2025-03-14 00:00:00,D036,V010,C04358,Oil Change,Completed,5,1465
SV000475,2026-01-29 00:00:00,D043,V011,C03330,Warranty,Cancelled,5,4391
SV000476,2025-04-18 00:00:00,D039,V004,C03040,Oil Change,Completed,4,1999
SV000477,2026-07-26 00:00:00,D060,V016,C01109,Periodic Maintenance,Completed,5,857
SV000478,2026-09-24 00:00:00,D044,V015,C05960,Periodic Maintenance,Completed,5,716
SV000479,2026-01-05 00:00:00,D038,V002,C02741,General Service,Completed,4,1265
SV000480,2026-07-18 00:00:00,D034,V015,C00370,Oil Change,Completed,5,4631
SV000481,2025-08-24 00:00:00,D014,V009,C01019,Repair,Completed,5,4509
SV000482,2025-05-15 00:00:00,D029,V004,C04429,Periodic Maintenance,Completed,5,2310
SV000483,2026-12-08 00:00:00,D011,V010,C03033,Periodic Maintenance,Completed,5,1491
SV000484,2026-03-29 00:00:00,D022,V003,C01858,General Service,Completed,5,4907
SV000485,2025-03-22 00:00:00,D006,V019,C03023,Oil Change,Completed,3,2734
SV000486,2025-02-20 00:00:00,D012,V004,C01307,General Service,Completed,4,1607
SV000487,2026-10-09 00:00:00,D040,V003,C04702,Repair,Pending,2,3087
SV000488,2026-09-19 00:00:00,D032,V008,C04502,General Service,Completed,5,3647
SV000489,2025-01-15 00:00:00,D018,V013,C01547,Repair,Completed,4,5599
SV000490,2025-12-17 00:00:00,D009,V006,C03487,Periodic Maintenance,Completed,4,3168
SV000491,2026-02-25 00:00:00,D049,V014,C02664,General Service,Completed,5,1829
SV000492,2025-12-21 00:00:00,D017,V008,C00442,Oil Change,Completed,3,1945
SV000493,2025-01-14 00:00:00,D021,V018,C00462,General Service,Completed,5,4412
SV000494,2026-12-23 00:00:00,D042,V017,C00642,Oil Change,Completed,3,1999
SV000495,2025-10-16 00:00:00,D031,V001,C02317,Oil Change,Completed,4,1133
SV000496,2026-06-05 00:00:00,D037,V016,C00789,Periodic Maintenance,Completed,4,2682
SV000497,2026-02-15 00:00:00,D024,V017,C00842,General Service,Completed,5,3170
SV000498,2026-03-08 00:00:00,D013,V015,C02626,General Service,Cancelled,5,6172
SV000499,2026-07-02 00:00:00,D044,V016,C01020,General Service,Completed,5,2228
SV000500,2025-10-04 00:00:00,D013,V011,C04802,Warranty,Completed,2,2209
SV000501,2026-05-11 00:00:00,D059,V013,C03122,Oil Change,Completed,5,1011
SV000502,2026-10-20 00:00:00,D024,V013,C05444,Periodic Maintenance,Completed,5,2211
SV000503,2025-09-27 00:00:00,D033,V018,C03382,Oil Change,Completed,4,3398
SV000504,2026-12-03 00:00:00,D018,V003,C05753,Periodic Maintenance,Completed,2,3403
SV000505,2025-12-12 00:00:00,D024,V005,C04970,Repair,Completed,5,3987
SV000506,2026-11-06 00:00:00,D033,V011,C03787,Periodic Maintenance,Cancelled,5,2137
SV000507,2026-09-06 00:00:00,D054,V015,C04057,Repair,Completed,3,5631
SV000508,2025-03-09 00:00:00,D029,V006,C04655,Oil Change,Completed,4,2652
SV000509,2025-04-21 00:00:00,D026,V005,C05787,General Service,Completed,3,6918
SV000510,2026-05-16 00:00:00,D005,V017,C02607,General Service,Pending,4,5168
SV000511,2025-03-09 00:00:00,D058,V020,C01819,General Service,Completed,2,2934
SV000512,2026-12-29 00:00:00,D028,V018,C01656,Oil Change,Completed,3,815
SV000513,2025-05-17 00:00:00,D059,V006,C05442,Oil Change,Completed,4,2500
SV000514,2025-10-06 00:00:00,D041,V003,C02022,Repair,Completed,4,4027
SV000515,2026-06-05 00:00:00,D045,V015,C00547,General Service,Completed,5,3912
SV000516,2026-07-15 00:00:00,D034,V013,C05903,Warranty,Completed,3,2293
SV000517,2025-06-27 00:00:00,D019,V012,C03968,Periodic Maintenance,Completed,4,1832
SV000518,2025-04-24 00:00:00,D004,V019,C04692,Warranty,Completed,4,1002
SV000519,2025-06-04 00:00:00,D042,V004,C04974,Periodic Maintenance,Completed,4,1587
SV000520,2026-11-25 00:00:00,D006,V009,C02930,Repair,Completed,5,1074
SV000521,2025-11-25 00:00:00,D057,V003,C00713,Warranty,Pending,4,2408
SV000522,2025-10-12 00:00:00,D026,V018,C05610,Warranty,Completed,4,2042
SV000523,2025-12-20 00:00:00,D055,V013,C05591,Warranty,Completed,5,1250
SV000524,2026-07-11 00:00:00,D016,V009,C05082,General Service,Completed,5,1968
SV000525,2025-12-08 00:00:00,D003,V011,C05046,Oil Change,Completed,2,10635
SV000526,2026-02-27 00:00:00,D027,V001,C04046,Oil Change,Completed,4,1225
SV000527,2026-06-06 00:00:00,D021,V013,C03612,General Service,Completed,5,1695
SV000528,2025-07-29 00:00:00,D027,V019,C04213,Oil Change,Completed,5,2101
SV000529,2025-10-30 00:00:00,D059,V011,C05340,General Service,Completed,4,2557
SV000530,2026-11-20 00:00:00,D025,V001,C00741,Oil Change,Completed,4,3582
SV000531,2026-10-19 00:00:00,D027,V007,C04608,General Service,Completed,5,2112
SV000532,2026-03-23 00:00:00,D006,V015,C03804,General Service,Completed,5,3467
SV000533,2025-02-07 00:00:00,D038,V002,C00046,Warranty,Pending,4,1798
SV000534,2025-07-19 00:00:00,D026,V005,C00974,General Service,Completed,4,3803
SV000535,2025-09-07 00:00:00,D057,V008,C05580,Warranty,Completed,5,1171
SV000536,2025-02-12 00:00:00,D042,V001,C02141,Periodic Maintenance,Completed,5,6169
SV000537,2026-09-19 00:00:00,D019,V017,C02544,Periodic Maintenance,Cancelled,3,1457
SV000538,2025-07-11 00:00:00,D026,V006,C04648,General Service,Completed,4,3829
SV000539,2025-12-08 00:00:00,D018,V007,C01423,General Service,Completed,5,1355
SV000540,2025-02-04 00:00:00,D040,V004,C00889,Repair,Completed,3,1630
SV000541,2025-08-01 00:00:00,D037,V004,C04424,General Service,Completed,5,1948
SV000542,2026-11-11 00:00:00,D045,V015,C02276,Oil Change,Completed,4,1035
SV000543,2026-08-16 00:00:00,D028,V011,C04549,Periodic Maintenance,Completed,5,4098
SV000544,2025-05-14 00:00:00,D005,V001,C01111,Periodic Maintenance,Pending,5,1605
SV000545,2026-07-11 00:00:00,D015,V001,C04285,Periodic Maintenance,Completed,5,4737
SV000546,2026-06-30 00:00:00,D012,V007,C03516,Periodic Maintenance,Completed,5,3388
SV000547,2025-09-26 00:00:00,D059,V014,C01900,Periodic Maintenance,Completed,4,2866
SV000548,2025-05-23 00:00:00,D014,V007,C03223,Periodic Maintenance,Completed,3,644
SV000549,2025-11-17 00:00:00,D005,V016,C05584,Oil Change,Completed,3,2669
SV000550,2026-05-21 00:00:00,D030,V016,C05069,Periodic Maintenance,Completed,4,2383
SV000551,2025-06-26 00:00:00,D030,V017,C05772,Repair,Completed,5,2707
SV000552,2025-02-13 00:00:00,D030,V020,C00322,Repair,Completed,5,3224
SV000553,2025-09-17 00:00:00,D015,V007,C02144,General Service,Completed,5,3765
SV000554,2026-06-29 00:00:00,D044,V001,C01251,General Service,Completed,3,3596
SV000555,2025-04-07 00:00:00,D057,V010,C05697,General Service,Completed,5,3021
SV000556,2026-03-24 00:00:00,D004,V007,C03627,Periodic Maintenance,Completed,5,2945
SV000557,2026-07-13 00:00:00,D009,V006,C01064,General Service,Cancelled,4,1457
SV000558,2025-09-28 00:00:00,D008,V003,C05020,Warranty,Completed,4,1569
SV000559,2026-05-19 00:00:00,D025,V005,C01095,Repair,Cancelled,5,1723
SV000560,2025-08-11 00:00:00,D017,V013,C03279,Periodic Maintenance,Completed,3,6052
SV000561,2025-03-29 00:00:00,D017,V017,C00475,Oil Change,Completed,4,3450
SV000562,2025-07-19 00:00:00,D039,V011,C04796,Oil Change,Completed,5,2544
SV000563,2026-01-02 00:00:00,D030,V016,C04098,General Service,Completed,3,1155
SV000564,2025-11-05 00:00:00,D024,V011,C04442,Repair,Completed,4,3815
SV000565,2026-09-01 00:00:00,D018,V009,C05492,General Service,Completed,3,1473
SV000566,2025-02-16 00:00:00,D046,V007,C05459,Warranty,Completed,1,1630
SV000567,2025-09-30 00:00:00,D057,V017,C02505,Repair,Completed,5,2554
SV000568,2025-11-18 00:00:00,D034,V020,C05305,Periodic Maintenance,Completed,4,1973
SV000569,2025-06-06 00:00:00,D039,V011,C04271,General Service,Completed,5,1275
SV000570,2025-03-10 00:00:00,D018,V005,C01237,Warranty,Completed,5,3283
SV000571,2025-09-02 00:00:00,D010,V006,C05195,Repair,Completed,3,3494
SV000572,2026-03-22 00:00:00,D048,V002,C01711,Periodic Maintenance,Completed,5,3359
SV000573,2026-11-13 00:00:00,D053,V005,C02165,Oil Change,Completed,3,1189
SV000574,2025-12-18 00:00:00,D012,V005,C02835,Warranty,Pending,5,2765
SV000575,2025-02-28 00:00:00,D028,V009,C04742,Periodic Maintenance,Completed,2,1403
SV000576,2025-12-24 00:00:00,D031,V003,C00263,General Service,Completed,5,3614
SV000577,2025-05-26 00:00:00,D038,V016,C00800,General Service,Completed,3,3264
SV000578,2026-08-10 00:00:00,D043,V016,C03401,Oil Change,Completed,4,1483
SV000579,2026-11-08 00:00:00,D050,V009,C04008,Repair,Pending,5,2733
SV000580,2025-10-24 00:00:00,D041,V007,C03171,General Service,Cancelled,5,2189
SV000581,2025-10-27 00:00:00,D003,V019,C03515,General Service,Completed,5,2440
SV000582,2026-12-05 00:00:00,D028,V002,C01874,General Service,Completed,3,823
SV000583,2026-01-15 00:00:00,D040,V007,C03013,Warranty,Completed,5,2940
SV000584,2025-05-30 00:00:00,D028,V010,C00550,General Service,Completed,4,4431
SV000585,2025-12-14 00:00:00,D001,V017,C04918,Periodic Maintenance,Completed,4,1391
SV000586,2025-04-29 00:00:00,D020,V016,C01519,Oil Change,Completed,4,5545
SV000587,2025-07-16 00:00:00,D052,V018,C01642,Periodic Maintenance,Completed,5,2600
SV000588,2026-11-06 00:00:00,D042,V014,C04928,Oil Change,Completed,3,1136
SV000589,2026-07-12 00:00:00,D060,V016,C00637,Repair,Completed,4,2534
SV000590,2025-04-08 00:00:00,D057,V018,C03704,General Service,Completed,5,2314
SV000591,2025-07-26 00:00:00,D053,V010,C03271,General Service,Completed,4,2362
SV000592,2025-04-20 00:00:00,D009,V003,C01278,Warranty,Completed,5,1763
SV000593,2026-09-21 00:00:00,D047,V004,C04883,Periodic Maintenance,Completed,4,2783
SV000594,2025-05-31 00:00:00,D006,V002,C04163,Periodic Maintenance,Completed,5,3238
SV000595,2026-07-25 00:00:00,D003,V008,C03244,General Service,Completed,4,5104
SV000596,2026-07-01 00:00:00,D025,V008,C00964,Repair,Completed,4,8466
SV000597,2025-07-25 00:00:00,D034,V008,C00673,General Service,Cancelled,5,2077
SV000598,2025-03-02 00:00:00,D032,V002,C02923,Repair,Completed,3,1555
SV000599,2026-08-22 00:00:00,D007,V002,C02148,General Service,Completed,5,4108
SV000600,2026-09-06 00:00:00,D055,V005,C00479,Oil Change,Completed,5,1974
SV000601,2025-12-26 00:00:00,D052,V007,C04048,Periodic Maintenance,Completed,4,1089
SV000602,2026-10-17 00:00:00,D059,V013,C05619,General Service,Completed,5,2796
SV000603,2026-11-15 00:00:00,D024,V019,C05482,Periodic Maintenance,Completed,5,1742
SV000604,2025-10-27 00:00:00,D051,V010,C03675,Periodic Maintenance,Completed,3,1205
SV000605,2025-02-13 00:00:00,D038,V013,C03320,Periodic Maintenance,Completed,5,4045
SV000606,2026-11-29 00:00:00,D008,V016,C00753,General Service,Completed,5,1116
SV000607,2026-03-22 00:00:00,D054,V018,C01487,Repair,Completed,4,6532
SV000608,2026-03-20 00:00:00,D028,V012,C00722,Oil Change,Completed,4,6284
SV000609,2025-07-14 00:00:00,D035,V005,C02039,General Service,Completed,4,1522
SV000610,2026-09-15 00:00:00,D016,V009,C05292,Repair,Completed,5,2690
SV000611,2026-03-13 00:00:00,D033,V018,C05042,Periodic Maintenance,Completed,3,3146
SV000612,2026-04-05 00:00:00,D005,V001,C02069,Periodic Maintenance,Completed,5,3242
SV000613,2025-06-15 00:00:00,D030,V009,C02607,Repair,Completed,4,2667
SV000614,2025-11-11 00:00:00,D002,V007,C05835,Warranty,Completed,3,1483
SV000615,2025-06-10 00:00:00,D050,V020,C00387,General Service,Completed,4,5229
SV000616,2026-07-30 00:00:00,D011,V004,C03695,General Service,Completed,4,2260
SV000617,2026-04-26 00:00:00,D027,V011,C02825,Warranty,Completed,3,2983
SV000618,2025-01-27 00:00:00,D031,V008,C04340,General Service,Completed,5,2580
SV000619,2025-09-28 00:00:00,D048,V002,C04956,Repair,Completed,3,2977
SV000620,2025-07-15 00:00:00,D046,V016,C04866,Warranty,Completed,4,6353
SV000621,2026-11-01 00:00:00,D014,V017,C04706,Repair,Completed,2,2075
SV000622,2025-12-03 00:00:00,D023,V020,C02077,Periodic Maintenance,Completed,5,2474
SV000623,2025-10-24 00:00:00,D038,V011,C03722,Warranty,Completed,1,3664
SV000624,2025-11-19 00:00:00,D008,V006,C05960,Periodic Maintenance,Completed,5,2227
SV000625,2026-09-02 00:00:00,D008,V019,C04864,General Service,Completed,5,4662
SV000626,2025-04-03 00:00:00,D038,V020,C00985,Repair,Completed,4,5225
SV000627,2026-09-25 00:00:00,D010,V016,C03168,Periodic Maintenance,Completed,4,2299
SV000628,2025-01-16 00:00:00,D022,V001,C05435,Warranty,Completed,4,2666
SV000629,2025-12-11 00:00:00,D056,V007,C04547,Oil Change,Completed,4,4095
SV000630,2026-12-18 00:00:00,D017,V005,C00641,Oil Change,Completed,5,3595
SV000631,2026-12-08 00:00:00,D013,V006,C03190,Oil Change,Completed,5,4235
SV000632,2025-05-02 00:00:00,D013,V019,C04048,General Service,Completed,4,1265
SV000633,2026-10-22 00:00:00,D031,V002,C01429,Oil Change,Pending,4,2616
SV000634,2026-02-09 00:00:00,D025,V020,C01735,Periodic Maintenance,Completed,2,2843
SV000635,2026-07-15 00:00:00,D050,V009,C00321,Oil Change,Completed,5,3037
SV000636,2026-09-12 00:00:00,D051,V004,C01423,Periodic Maintenance,Completed,5,1532
SV000637,2025-05-23 00:00:00,D039,V015,C00536,General Service,Completed,5,1199
SV000638,2026-09-27 00:00:00,D041,V001,C03577,General Service,Completed,5,1221
SV000639,2025-06-16 00:00:00,D058,V012,C00528,Oil Change,Completed,5,3391
SV000640,2026-11-24 00:00:00,D047,V011,C04119,Oil Change,Completed,5,1093
SV000641,2026-08-07 00:00:00,D026,V010,C02589,Periodic Maintenance,Completed,5,2816
SV000642,2026-11-11 00:00:00,D016,V012,C04079,Periodic Maintenance,Completed,4,6171
SV000643,2026-09-22 00:00:00,D035,V005,C04671,General Service,Pending,4,2466
SV000644,2025-07-03 00:00:00,D050,V018,C01417,Warranty,Completed,5,1631
SV000645,2026-11-30 00:00:00,D052,V011,C03877,General Service,Completed,5,1528
SV000646,2026-02-07 00:00:00,D048,V006,C02041,Warranty,Completed,4,3126
SV000647,2026-04-02 00:00:00,D011,V013,C05961,Warranty,Completed,4,989
SV000648,2025-07-20 00:00:00,D016,V014,C05752,Oil Change,Completed,5,799
SV000649,2025-02-20 00:00:00,D051,V003,C00214,General Service,Completed,4,2806
SV000650,2026-08-27 00:00:00,D025,V010,C00921,Oil Change,Completed,5,1408
SV000651,2026-10-21 00:00:00,D053,V008,C00891,Repair,Completed,5,4148
SV000652,2025-01-31 00:00:00,D037,V005,C02464,Periodic Maintenance,Completed,4,3537
SV000653,2025-10-31 00:00:00,D023,V005,C00953,Warranty,Completed,5,2340
SV000654,2025-06-20 00:00:00,D051,V009,C04711,Periodic Maintenance,Pending,3,3672
SV000655,2026-10-28 00:00:00,D020,V014,C04667,General Service,Pending,4,4592
SV000656,2025-06-05 00:00:00,D040,V015,C03109,Repair,Completed,3,1566
SV000657,2025-04-05 00:00:00,D047,V019,C04063,General Service,Completed,5,1941
SV000658,2026-03-18 00:00:00,D021,V011,C02928,General Service,Completed,5,2823
SV000659,2026-06-08 00:00:00,D058,V001,C03800,Repair,Completed,4,2129
SV000660,2025-03-03 00:00:00,D027,V012,C00809,General Service,Completed,4,2926
SV000661,2025-12-24 00:00:00,D036,V016,C03000,Oil Change,Completed,3,3199
SV000662,2025-01-15 00:00:00,D033,V011,C04223,Oil Change,Completed,4,1128
SV000663,2025-08-09 00:00:00,D001,V006,C05143,General Service,Completed,5,4234
SV000664,2026-03-14 00:00:00,D023,V003,C03031,General Service,Completed,5,3761
SV000665,2025-05-16 00:00:00,D046,V006,C03036,Warranty,Completed,5,2527
SV000666,2025-09-15 00:00:00,D041,V016,C05898,General Service,Completed,2,747
SV000667,2026-01-09 00:00:00,D021,V009,C00425,Oil Change,Completed,3,1175
SV000668,2026-05-30 00:00:00,D016,V009,C00250,Warranty,Completed,4,2036
SV000669,2026-06-26 00:00:00,D048,V010,C02125,Oil Change,Completed,4,3800
SV000670,2026-04-26 00:00:00,D016,V014,C05474,General Service,Completed,4,1144
SV000671,2025-10-19 00:00:00,D010,V015,C04685,Repair,Completed,5,3191
SV000672,2025-12-07 00:00:00,D031,V016,C02375,Warranty,Cancelled,5,5007
SV000673,2026-02-23 00:00:00,D044,V012,C02740,Warranty,Completed,3,6182
SV000674,2025-07-27 00:00:00,D032,V018,C01628,Periodic Maintenance,Completed,5,2279
SV000675,2026-08-09 00:00:00,D022,V012,C02336,General Service,Completed,4,2714
SV000676,2026-03-04 00:00:00,D045,V013,C01589,Periodic Maintenance,Completed,5,1524
SV000677,2025-01-01 00:00:00,D043,V001,C04804,Oil Change,Pending,5,1118
SV000678,2026-06-28 00:00:00,D020,V011,C00389,Periodic Maintenance,Completed,2,2367
SV000679,2025-06-17 00:00:00,D005,V013,C02963,Periodic Maintenance,Completed,2,4398
SV000680,2026-10-19 00:00:00,D022,V009,C04001,Repair,Completed,4,1475
SV000681,2026-10-08 00:00:00,D033,V015,C01381,Warranty,Completed,5,4911
SV000682,2026-03-29 00:00:00,D027,V003,C05035,Warranty,Completed,4,2524
SV000683,2026-04-20 00:00:00,D001,V005,C00156,General Service,Completed,4,2396
SV000684,2025-08-14 00:00:00,D048,V013,C02207,General Service,Completed,5,2172
SV000685,2025-01-01 00:00:00,D045,V017,C01420,Periodic Maintenance,Completed,5,1417
SV000686,2026-05-01 00:00:00,D019,V015,C03737,General Service,Pending,4,1579
SV000687,2026-03-15 00:00:00,D017,V016,C00358,General Service,Completed,2,1642
SV000688,2025-06-09 00:00:00,D044,V012,C01820,Periodic Maintenance,Completed,2,8443
SV000689,2026-04-26 00:00:00,D030,V013,C03904,Periodic Maintenance,Completed,5,1143
SV000690,2026-12-04 00:00:00,D038,V007,C02511,Warranty,Completed,5,2550
SV000691,2025-05-01 00:00:00,D054,V013,C01260,General Service,Completed,4,4012
SV000692,2026-12-24 00:00:00,D041,V015,C03654,Oil Change,Completed,5,1598
SV000693,2025-03-20 00:00:00,D015,V009,C05993,Periodic Maintenance,Completed,5,2816
SV000694,2026-10-12 00:00:00,D040,V010,C05614,Oil Change,Completed,5,7535
SV000695,2025-02-11 00:00:00,D029,V019,C01858,Periodic Maintenance,Pending,2,2030
SV000696,2025-12-12 00:00:00,D013,V003,C03626,Periodic Maintenance,Completed,5,2912
SV000697,2025-07-13 00:00:00,D042,V001,C04400,General Service,Completed,4,1727
SV000698,2026-09-09 00:00:00,D038,V011,C02674,General Service,Completed,4,5937
SV000699,2026-04-04 00:00:00,D051,V002,C00550,General Service,Completed,5,6615
SV000700,2025-06-30 00:00:00,D039,V010,C01406,General Service,Pending,5,1071
SV000701,2026-03-29 00:00:00,D013,V001,C03930,Oil Change,Completed,5,2503
SV000702,2026-11-28 00:00:00,D028,V009,C03370,Periodic Maintenance,Completed,2,1669
SV000703,2025-04-09 00:00:00,D043,V005,C03362,Oil Change,Completed,4,5331
SV000704,2025-03-16 00:00:00,D026,V004,C03859,General Service,Completed,5,6015
SV000705,2026-02-18 00:00:00,D051,V013,C04114,General Service,Completed,5,2272
SV000706,2025-09-18 00:00:00,D005,V014,C02978,Oil Change,Completed,5,2872
SV000707,2026-06-09 00:00:00,D017,V018,C00317,Oil Change,Completed,4,3419
SV000708,2025-10-26 00:00:00,D011,V002,C01740,General Service,Cancelled,5,1428
SV000709,2025-05-30 00:00:00,D023,V012,C04370,Oil Change,Completed,5,5988
SV000710,2026-11-15 00:00:00,D030,V003,C00190,Oil Change,Completed,4,2214
SV000711,2025-05-22 00:00:00,D038,V009,C02373,General Service,Cancelled,2,8850
SV000712,2025-09-29 00:00:00,D007,V019,C02648,Warranty,Completed,3,1328
SV000713,2025-06-16 00:00:00,D006,V018,C04786,General Service,Completed,4,3369
SV000714,2026-03-02 00:00:00,D026,V004,C00719,General Service,Completed,5,1873
SV000715,2026-10-18 00:00:00,D037,V004,C04609,Repair,Completed,4,1953
SV000716,2026-06-02 00:00:00,D005,V011,C03874,Repair,Completed,4,1558
SV000717,2025-01-09 00:00:00,D020,V018,C05209,Warranty,Completed,5,4405
SV000718,2026-03-11 00:00:00,D004,V009,C05429,Warranty,Cancelled,4,9742
SV000719,2025-01-28 00:00:00,D053,V013,C00899,Periodic Maintenance,Completed,5,1618
SV000720,2026-09-29 00:00:00,D034,V020,C03850,Oil Change,Pending,3,2753
SV000721,2026-09-11 00:00:00,D049,V017,C00623,Periodic Maintenance,Completed,4,2901
SV000722,2026-03-10 00:00:00,D058,V006,C00806,Warranty,Completed,4,2224
SV000723,2026-01-14 00:00:00,D060,V009,C01240,Repair,Completed,4,2415
SV000724,2025-04-14 00:00:00,D020,V020,C00662,General Service,Completed,5,1793
SV000725,2026-02-15 00:00:00,D022,V016,C04722,General Service,Cancelled,4,1872
SV000726,2026-12-20 00:00:00,D055,V006,C00372,Warranty,Completed,4,2121
SV000727,2025-11-28 00:00:00,D035,V007,C03034,Periodic Maintenance,Completed,4,2824
SV000728,2025-09-05 00:00:00,D016,V018,C02614,Repair,Completed,5,10028
SV000729,2026-11-24 00:00:00,D048,V010,C01404,Oil Change,Completed,4,1410
SV000730,2026-05-17 00:00:00,D015,V003,C02960,Periodic Maintenance,Completed,4,1001
SV000731,2026-05-13 00:00:00,D022,V005,C04181,Periodic Maintenance,Completed,3,2739
SV000732,2026-10-19 00:00:00,D005,V003,C04977,General Service,Completed,4,3763
SV000733,2025-06-22 00:00:00,D024,V001,C00358,Warranty,Completed,4,1782
SV000734,2025-09-26 00:00:00,D018,V010,C04444,Periodic Maintenance,Completed,4,4885
SV000735,2025-02-03 00:00:00,D011,V004,C04899,General Service,Completed,3,5248
SV000736,2026-07-19 00:00:00,D056,V005,C05744,Oil Change,Pending,5,1702
SV000737,2025-09-24 00:00:00,D001,V013,C02269,Warranty,Pending,5,2063
SV000738,2025-10-04 00:00:00,D016,V014,C04533,Periodic Maintenance,Completed,5,2393
SV000739,2025-01-19 00:00:00,D037,V015,C02932,Periodic Maintenance,Completed,5,1886
SV000740,2026-02-11 00:00:00,D050,V005,C00618,General Service,Completed,4,5095
SV000741,2026-07-16 00:00:00,D053,V001,C04583,General Service,Pending,5,9419
SV000742,2026-08-10 00:00:00,D021,V003,C03363,General Service,Completed,4,1538
SV000743,2025-07-04 00:00:00,D025,V006,C01898,Oil Change,Completed,4,2571
SV000744,2026-07-14 00:00:00,D049,V005,C02445,Oil Change,Completed,2,1808
SV000745,2025-05-27 00:00:00,D010,V006,C03432,General Service,Completed,3,1733
SV000746,2025-11-30 00:00:00,D002,V002,C05954,Warranty,Completed,4,2504
SV000747,2026-03-31 00:00:00,D046,V018,C05969,Periodic Maintenance,Completed,5,6160
SV000748,2025-04-22 00:00:00,D026,V009,C03665,Warranty,Completed,5,1796
SV000749,2025-03-15 00:00:00,D047,V003,C04160,General Service,Completed,5,3288
SV000750,2026-06-26 00:00:00,D008,V001,C05916,General Service,Completed,5,2353
SV000751,2025-12-30 00:00:00,D010,V010,C02413,Oil Change,Completed,4,2060
SV000752,2026-07-31 00:00:00,D006,V002,C03770,Repair,Completed,4,898
SV000753,2025-01-04 00:00:00,D044,V007,C00893,General Service,Completed,4,3480
SV000754,2026-07-19 00:00:00,D060,V002,C03389,Oil Change,Completed,3,1892
SV000755,2025-08-25 00:00:00,D050,V001,C05506,Repair,Completed,3,2643
SV000756,2025-12-30 00:00:00,D011,V016,C05352,Oil Change,Pending,5,1235
SV000757,2025-11-28 00:00:00,D013,V016,C02035,Periodic Maintenance,Cancelled,4,1212
SV000758,2026-12-16 00:00:00,D057,V016,C03406,Periodic Maintenance,Completed,4,909
SV000759,2025-08-30 00:00:00,D019,V011,C00835,Oil Change,Completed,5,3785
SV000760,2026-12-10 00:00:00,D029,V009,C04494,Warranty,Completed,4,4549
SV000761,2025-12-22 00:00:00,D016,V019,C04388,General Service,Completed,4,4105
SV000762,2025-02-14 00:00:00,D052,V007,C01432,Warranty,Completed,4,1168
SV000763,2025-12-17 00:00:00,D004,V015,C05643,Warranty,Completed,4,2333
SV000764,2025-08-28 00:00:00,D054,V006,C04314,General Service,Completed,5,2431
SV000765,2025-08-01 00:00:00,D053,V020,C03845,Warranty,Completed,4,2555
SV000766,2026-07-14 00:00:00,D014,V007,C00588,General Service,Cancelled,3,3577
SV000767,2025-06-08 00:00:00,D001,V004,C05687,Warranty,Completed,4,3682
SV000768,2026-01-03 00:00:00,D033,V017,C04342,General Service,Completed,5,4232
SV000769,2025-10-11 00:00:00,D047,V005,C00256,Oil Change,Completed,3,1417
SV000770,2026-07-14 00:00:00,D021,V008,C00352,General Service,Completed,3,4403
SV000771,2025-06-24 00:00:00,D023,V002,C04589,General Service,Completed,2,1925
SV000772,2026-09-17 00:00:00,D003,V004,C03329,Oil Change,Completed,5,2582
SV000773,2025-04-07 00:00:00,D054,V020,C00829,Periodic Maintenance,Completed,3,4115
SV000774,2026-03-06 00:00:00,D043,V019,C05508,Repair,Cancelled,5,833
SV000775,2026-11-01 00:00:00,D010,V007,C00321,General Service,Completed,5,2303
SV000776,2025-11-08 00:00:00,D048,V010,C03161,Periodic Maintenance,Pending,5,2501
SV000777,2025-02-27 00:00:00,D048,V018,C03768,Oil Change,Completed,5,2971
SV000778,2025-04-18 00:00:00,D016,V003,C00962,General Service,Completed,3,1990
SV000779,2026-02-10 00:00:00,D028,V012,C04541,Warranty,Completed,3,1707
SV000780,2026-01-27 00:00:00,D026,V008,C05609,General Service,Completed,5,1786
SV000781,2026-11-25 00:00:00,D018,V005,C03563,Warranty,Completed,5,7081
SV000782,2026-03-18 00:00:00,D031,V018,C05371,Warranty,Completed,4,4463
SV000783,2026-04-15 00:00:00,D006,V009,C00591,Repair,Completed,5,3773
SV000784,2026-07-02 00:00:00,D009,V012,C03920,Repair,Completed,5,2390
SV000785,2026-02-15 00:00:00,D021,V005,C03121,General Service,Completed,4,1788
SV000786,2026-08-30 00:00:00,D040,V005,C00302,General Service,Completed,3,4521
SV000787,2025-04-04 00:00:00,D037,V010,C02841,General Service,Completed,5,3879
SV000788,2025-05-18 00:00:00,D041,V003,C04814,General Service,Completed,1,1742
SV000789,2025-02-14 00:00:00,D055,V013,C04965,Oil Change,Completed,5,3442
SV000790,2025-01-02 00:00:00,D034,V012,C01395,Periodic Maintenance,Completed,1,2295
SV000791,2025-06-20 00:00:00,D016,V012,C00292,Periodic Maintenance,Completed,4,1920
SV000792,2026-10-02 00:00:00,D022,V020,C03362,General Service,Completed,5,4782
SV000793,2026-07-05 00:00:00,D049,V004,C02897,General Service,Completed,4,1378
SV000794,2026-09-17 00:00:00,D048,V013,C00359,General Service,Completed,3,6822
SV000795,2025-12-28 00:00:00,D017,V008,C00571,Repair,Completed,3,4030
SV000796,2025-07-21 00:00:00,D016,V010,C02997,Warranty,Completed,5,1482
SV000797,2026-04-20 00:00:00,D028,V001,C03623,General Service,Completed,3,7735
SV000798,2026-01-23 00:00:00,D042,V012,C02720,General Service,Completed,4,2503
SV000799,2026-01-06 00:00:00,D018,V009,C05348,General Service,Completed,4,3507
SV000800,2026-01-19 00:00:00,D051,V018,C02120,Warranty,Completed,5,1908
SV000801,2025-08-12 00:00:00,D022,V007,C01838,Oil Change,Pending,5,3488
SV000802,2025-02-05 00:00:00,D048,V006,C02996,Periodic Maintenance,Completed,4,3217
SV000803,2025-06-09 00:00:00,D050,V006,C03064,Warranty,Cancelled,2,2147
SV000804,2025-04-22 00:00:00,D028,V012,C03718,Warranty,Completed,4,6689
SV000805,2026-07-26 00:00:00,D035,V018,C03581,Repair,Completed,4,3069
SV000806,2026-11-03 00:00:00,D036,V020,C05379,Warranty,Completed,4,3643
SV000807,2026-07-29 00:00:00,D002,V020,C02872,Repair,Completed,4,1850
SV000808,2026-08-31 00:00:00,D039,V020,C02131,General Service,Completed,4,2201
SV000809,2026-03-04 00:00:00,D045,V002,C05396,Periodic Maintenance,Completed,3,2231
SV000810,2025-02-08 00:00:00,D023,V014,C04139,Repair,Pending,4,1552
SV000811,2025-12-05 00:00:00,D038,V017,C00264,Periodic Maintenance,Completed,2,1362
SV000812,2025-10-28 00:00:00,D041,V008,C05197,Periodic Maintenance,Completed,5,1956
SV000813,2026-06-02 00:00:00,D049,V005,C05743,Oil Change,Completed,4,3509
SV000814,2026-04-20 00:00:00,D049,V020,C01213,Periodic Maintenance,Completed,4,5880
SV000815,2025-11-18 00:00:00,D029,V011,C01508,Oil Change,Completed,5,1208
SV000816,2025-03-20 00:00:00,D034,V003,C00949,Periodic Maintenance,Cancelled,4,7079
SV000817,2026-06-08 00:00:00,D035,V012,C01618,Repair,Completed,3,2486
SV000818,2026-04-18 00:00:00,D052,V015,C02578,General Service,Completed,1,2964
SV000819,2025-08-28 00:00:00,D001,V011,C01201,Periodic Maintenance,Completed,5,2253
SV000820,2025-08-29 00:00:00,D016,V019,C04700,Periodic Maintenance,Completed,5,2055
SV000821,2026-08-27 00:00:00,D033,V011,C04785,General Service,Completed,5,9614
SV000822,2025-07-02 00:00:00,D026,V020,C02384,General Service,Pending,5,2496
SV000823,2025-07-06 00:00:00,D017,V016,C05585,Periodic Maintenance,Pending,4,4930
SV000824,2026-12-21 00:00:00,D042,V008,C00766,Repair,Completed,4,11885
SV000825,2026-05-26 00:00:00,D043,V008,C03396,Oil Change,Completed,2,2381
SV000826,2025-02-01 00:00:00,D045,V001,C01790,Oil Change,Completed,5,6762
SV000827,2026-03-05 00:00:00,D006,V001,C02333,Warranty,Completed,5,1356
SV000828,2025-08-20 00:00:00,D012,V001,C05335,Periodic Maintenance,Completed,5,1444
SV000829,2025-08-06 00:00:00,D038,V006,C00069,Repair,Completed,4,1782
SV000830,2025-04-29 00:00:00,D024,V001,C00911,Oil Change,Completed,4,3593
SV000831,2026-02-26 00:00:00,D010,V009,C01024,Oil Change,Completed,4,1060
SV000832,2026-11-14 00:00:00,D058,V010,C01297,Oil Change,Completed,5,1344
SV000833,2026-04-01 00:00:00,D041,V015,C02852,Repair,Completed,5,2519
SV000834,2025-02-02 00:00:00,D036,V009,C02580,Periodic Maintenance,Completed,4,2357
SV000835,2025-11-28 00:00:00,D060,V013,C01944,Repair,Cancelled,3,3656
SV000836,2025-12-24 00:00:00,D001,V014,C04204,Periodic Maintenance,Completed,4,804
SV000837,2026-06-19 00:00:00,D033,V015,C02192,Periodic Maintenance,Completed,5,1410
SV000838,2025-06-20 00:00:00,D041,V004,C03365,Repair,Completed,5,2838
SV000839,2026-10-13 00:00:00,D031,V012,C01103,Oil Change,Completed,5,3697
SV000840,2025-07-02 00:00:00,D027,V013,C04824,Periodic Maintenance,Completed,3,5308
SV000841,2025-09-16 00:00:00,D036,V007,C04718,Periodic Maintenance,Pending,3,1796
SV000842,2025-01-26 00:00:00,D058,V015,C05333,Periodic Maintenance,Completed,5,4475
SV000843,2026-10-10 00:00:00,D048,V002,C03033,Repair,Completed,5,1511
SV000844,2025-11-20 00:00:00,D020,V006,C01403,Periodic Maintenance,Completed,3,2115
SV000845,2026-06-22 00:00:00,D027,V005,C01986,General Service,Completed,5,2283
SV000846,2026-07-03 00:00:00,D039,V001,C02389,General Service,Completed,5,1505
SV000847,2025-06-03 00:00:00,D026,V010,C00314,Periodic Maintenance,Pending,5,3049
SV000848,2025-12-03 00:00:00,D038,V019,C04616,General Service,Completed,4,2048
SV000849,2025-04-22 00:00:00,D030,V008,C00719,Oil Change,Cancelled,4,2506
SV000850,2026-03-10 00:00:00,D012,V015,C04975,Warranty,Completed,4,5936
SV000851,2025-01-31 00:00:00,D031,V002,C04585,Oil Change,Completed,5,2714
SV000852,2025-06-23 00:00:00,D029,V013,C05860,Periodic Maintenance,Completed,4,1840
SV000853,2025-12-21 00:00:00,D012,V004,C04918,General Service,Completed,4,2177
SV000854,2026-04-03 00:00:00,D046,V003,C03967,Repair,Completed,5,3035
SV000855,2025-09-26 00:00:00,D024,V001,C04835,Oil Change,Completed,5,4100
SV000856,2025-05-09 00:00:00,D050,V016,C03290,Oil Change,Completed,3,1775
SV000857,2026-06-24 00:00:00,D050,V010,C00657,Warranty,Completed,5,2325
SV000858,2026-12-05 00:00:00,D022,V006,C03347,Oil Change,Completed,3,3757
SV000859,2026-11-22 00:00:00,D002,V005,C01780,Warranty,Completed,5,3008
SV000860,2025-05-28 00:00:00,D056,V017,C01220,General Service,Completed,3,2362
SV000861,2025-01-05 00:00:00,D036,V004,C03576,General Service,Completed,1,4231
SV000862,2025-01-04 00:00:00,D020,V020,C02905,Periodic Maintenance,Completed,4,7021
SV000863,2026-06-08 00:00:00,D017,V012,C04313,General Service,Completed,4,4790
SV000864,2026-03-04 00:00:00,D010,V018,C00195,General Service,Cancelled,5,3951
SV000865,2026-09-18 00:00:00,D032,V002,C04217,Oil Change,Completed,2,2159
SV000866,2025-06-22 00:00:00,D014,V011,C04410,Oil Change,Completed,4,4340
SV000867,2026-04-20 00:00:00,D010,V009,C03788,Oil Change,Completed,5,898
SV000868,2025-06-01 00:00:00,D040,V006,C00353,Oil Change,Completed,4,1279
SV000869,2025-10-08 00:00:00,D059,V006,C02401,General Service,Completed,4,1457
SV000870,2025-08-08 00:00:00,D050,V005,C01122,Periodic Maintenance,Completed,5,5554
SV000871,2026-11-07 00:00:00,D039,V003,C00348,General Service,Completed,5,4107
SV000872,2025-11-17 00:00:00,D019,V005,C01537,Repair,Pending,4,5861
SV000873,2026-03-06 00:00:00,D057,V012,C05318,Repair,Completed,4,2240
SV000874,2026-08-14 00:00:00,D006,V010,C05793,General Service,Completed,5,1501
SV000875,2025-12-17 00:00:00,D036,V010,C04191,General Service,Completed,5,857
SV000876,2026-06-14 00:00:00,D037,V017,C05694,Repair,Cancelled,4,3929
SV000877,2026-04-07 00:00:00,D039,V004,C00377,Periodic Maintenance,Completed,5,1297
SV000878,2025-12-21 00:00:00,D010,V015,C03618,General Service,Completed,5,2905
SV000879,2026-09-20 00:00:00,D041,V018,C05241,General Service,Completed,5,2122
SV000880,2025-08-01 00:00:00,D022,V018,C01688,Oil Change,Completed,5,4888
SV000881,2025-12-24 00:00:00,D028,V017,C02110,Oil Change,Completed,4,2411
SV000882,2026-09-23 00:00:00,D017,V017,C00877,Oil Change,Completed,4,4493
SV000883,2025-04-21 00:00:00,D017,V019,C05883,Periodic Maintenance,Completed,4,2203
SV000884,2026-01-13 00:00:00,D042,V014,C00384,General Service,Completed,4,1818
SV000885,2025-09-26 00:00:00,D010,V016,C03944,Oil Change,Completed,4,1083
SV000886,2025-07-20 00:00:00,D035,V012,C04325,General Service,Pending,3,1493
SV000887,2025-03-15 00:00:00,D029,V011,C02093,Oil Change,Completed,5,5032
SV000888,2026-06-29 00:00:00,D059,V015,C03617,Oil Change,Completed,5,3667
SV000889,2025-12-30 00:00:00,D014,V019,C02326,General Service,Completed,5,2042
SV000890,2025-08-19 00:00:00,D050,V007,C01067,Oil Change,Pending,5,2125
SV000891,2025-09-15 00:00:00,D019,V002,C01828,Periodic Maintenance,Completed,3,2826
SV000892,2025-07-13 00:00:00,D043,V014,C04449,Oil Change,Completed,5,1164
SV000893,2026-09-13 00:00:00,D028,V016,C00217,Periodic Maintenance,Completed,4,3640
SV000894,2025-10-27 00:00:00,D001,V006,C03346,Oil Change,Completed,3,2595
SV000895,2026-02-08 00:00:00,D043,V007,C02355,General Service,Completed,3,5557
SV000896,2025-09-03 00:00:00,D032,V016,C03594,Warranty,Completed,4,1941
SV000897,2025-03-28 00:00:00,D023,V012,C04312,Periodic Maintenance,Completed,5,12617
SV000898,2025-06-25 00:00:00,D034,V007,C00152,Warranty,Completed,4,2846
SV000899,2025-06-01 00:00:00,D015,V005,C01522,Oil Change,Pending,5,3238
SV000900,2026-03-27 00:00:00,D017,V003,C00912,Warranty,Completed,4,1965
SV000901,2025-03-15 00:00:00,D004,V012,C01229,Repair,Completed,5,2092
SV000902,2026-01-06 00:00:00,D056,V018,C05219,Periodic Maintenance,Completed,3,2855
SV000903,2025-04-10 00:00:00,D035,V014,C05684,Repair,Completed,4,2005
SV000904,2026-01-13 00:00:00,D028,V019,C01954,Periodic Maintenance,Completed,5,3130
SV000905,2025-06-25 00:00:00,D042,V004,C01902,Oil Change,Completed,5,4355
SV000906,2026-08-15 00:00:00,D059,V013,C02958,Warranty,Completed,5,1315
SV000907,2025-05-21 00:00:00,D009,V011,C01842,Oil Change,Completed,2,4487
SV000908,2026-05-16 00:00:00,D040,V006,C00097,Repair,Completed,4,1750
SV000909,2025-10-25 00:00:00,D060,V018,C05258,Oil Change,Completed,4,1245
SV000910,2026-10-19 00:00:00,D018,V009,C04523,Periodic Maintenance,Completed,5,2513
SV000911,2025-02-01 00:00:00,D029,V006,C00934,Periodic Maintenance,Completed,5,4089
SV000912,2025-03-02 00:00:00,D013,V002,C02699,Oil Change,Completed,3,1064
SV000913,2026-06-27 00:00:00,D043,V008,C01840,Oil Change,Completed,1,6589
SV000914,2026-12-16 00:00:00,D045,V017,C04498,Repair,Completed,4,741
SV000915,2025-04-15 00:00:00,D056,V002,C04357,General Service,Completed,5,1626
SV000916,2025-12-05 00:00:00,D020,V009,C04018,Periodic Maintenance,Completed,5,986
SV000917,2026-12-08 00:00:00,D019,V018,C03472,Warranty,Pending,5,940
SV000918,2026-08-24 00:00:00,D055,V012,C03703,Oil Change,Completed,5,2327
SV000919,2025-02-10 00:00:00,D058,V003,C04231,General Service,Completed,3,2511
SV000920,2025-12-21 00:00:00,D019,V008,C01622,Oil Change,Completed,5,997
SV000921,2026-09-13 00:00:00,D033,V013,C05207,General Service,Completed,5,1586
SV000922,2025-09-11 00:00:00,D015,V007,C00830,General Service,Completed,4,1023
SV000923,2026-11-09 00:00:00,D034,V013,C03868,Periodic Maintenance,Completed,5,3039
SV000924,2026-06-12 00:00:00,D036,V007,C00501,Oil Change,Completed,4,1162
SV000925,2025-10-25 00:00:00,D018,V019,C02904,Periodic Maintenance,Completed,4,2061
SV000926,2026-02-10 00:00:00,D016,V009,C02482,General Service,Completed,4,1682
SV000927,2025-03-27 00:00:00,D054,V012,C02492,Repair,Completed,4,2232
SV000928,2026-02-04 00:00:00,D015,V003,C05532,Warranty,Completed,5,3312
SV000929,2025-09-03 00:00:00,D004,V019,C00578,Periodic Maintenance,Pending,1,3500
SV000930,2025-10-11 00:00:00,D028,V016,C03482,General Service,Completed,3,3946
SV000931,2025-03-26 00:00:00,D020,V011,C00070,Repair,Completed,4,1507
SV000932,2025-05-09 00:00:00,D060,V001,C01950,Oil Change,Completed,3,1698
SV000933,2026-08-04 00:00:00,D047,V016,C03621,General Service,Completed,4,3687
SV000934,2026-06-03 00:00:00,D005,V006,C05944,General Service,Completed,5,2322
SV000935,2026-12-28 00:00:00,D047,V016,C00326,Warranty,Pending,5,1925
SV000936,2026-12-19 00:00:00,D038,V020,C04407,Oil Change,Completed,4,1602
SV000937,2025-02-02 00:00:00,D010,V008,C04483,General Service,Completed,2,2749
SV000938,2026-08-25 00:00:00,D058,V002,C03046,Repair,Completed,4,1783
SV000939,2025-10-13 00:00:00,D017,V014,C03991,Periodic Maintenance,Completed,5,2075
SV000940,2026-06-12 00:00:00,D059,V002,C04063,General Service,Completed,4,1538
SV000941,2025-08-28 00:00:00,D015,V004,C04080,Warranty,Completed,3,5524
SV000942,2025-01-26 00:00:00,D054,V018,C05959,Periodic Maintenance,Completed,4,4499
SV000943,2026-10-20 00:00:00,D010,V012,C01256,General Service,Completed,5,1465
SV000944,2025-06-27 00:00:00,D012,V012,C04037,Oil Change,Completed,5,2662
SV000945,2026-07-24 00:00:00,D038,V002,C00655,Periodic Maintenance,Cancelled,2,1588
SV000946,2026-09-09 00:00:00,D001,V005,C03635,Periodic Maintenance,Completed,4,3532
SV000947,2025-05-27 00:00:00,D058,V001,C03026,Oil Change,Completed,5,4426
SV000948,2025-10-28 00:00:00,D036,V018,C03927,Warranty,Completed,4,3392
SV000949,2025-03-30 00:00:00,D041,V004,C01785,Oil Change,Completed,4,1340
SV000950,2026-04-06 00:00:00,D053,V005,C04627,Oil Change,Completed,5,1177
SV000951,2026-03-18 00:00:00,D011,V013,C04931,Periodic Maintenance,Completed,4,3376
SV000952,2026-09-10 00:00:00,D004,V002,C03847,Oil Change,Pending,3,4216
SV000953,2026-05-07 00:00:00,D054,V011,C05214,Warranty,Completed,4,959
SV000954,2025-12-27 00:00:00,D018,V010,C01519,Periodic Maintenance,Completed,5,3645
SV000955,2025-01-20 00:00:00,D021,V014,C05902,Periodic Maintenance,Pending,4,6034
SV000956,2026-12-15 00:00:00,D042,V018,C00070,Repair,Completed,5,3059
SV000957,2026-12-02 00:00:00,D001,V012,C04156,General Service,Completed,4,2500
SV000958,2025-10-01 00:00:00,D059,V019,C03964,Repair,Completed,5,1601
SV000959,2025-02-11 00:00:00,D013,V007,C02846,General Service,Completed,5,1160
SV000960,2025-03-09 00:00:00,D045,V001,C02655,Oil Change,Completed,4,2207
SV000961,2026-12-10 00:00:00,D026,V015,C05389,Periodic Maintenance,Completed,5,1823
SV000962,2026-11-13 00:00:00,D018,V002,C01995,Periodic Maintenance,Completed,3,2256
SV000963,2025-11-02 00:00:00,D060,V017,C05321,General Service,Pending,4,6238
SV000964,2025-04-22 00:00:00,D003,V009,C05301,Repair,Completed,5,2993
SV000965,2026-02-08 00:00:00,D045,V008,C00228,General Service,Completed,5,3413
SV000966,2026-08-02 00:00:00,D022,V009,C00540,Periodic Maintenance,Completed,5,2999
SV000967,2026-02-11 00:00:00,D006,V007,C01191,Periodic Maintenance,Completed,4,6139
SV000968,2025-01-31 00:00:00,D001,V012,C04158,General Service,Cancelled,5,3264
SV000969,2025-09-29 00:00:00,D020,V005,C00168,Warranty,Pending,4,1667
SV000970,2026-08-03 00:00:00,D057,V003,C04223,Oil Change,Completed,5,3287
SV000971,2025-03-30 00:00:00,D057,V016,C00393,General Service,Completed,4,5400
SV000972,2025-09-12 00:00:00,D030,V001,C03285,Oil Change,Completed,5,3072
SV000973,2026-01-24 00:00:00,D009,V015,C01203,General Service,Cancelled,4,2102
SV000974,2026-09-09 00:00:00,D015,V014,C04155,General Service,Completed,1,5833
SV000975,2025-04-14 00:00:00,D055,V011,C00922,General Service,Pending,4,2622
SV000976,2025-10-15 00:00:00,D016,V011,C01277,General Service,Completed,4,1746
SV000977,2025-09-01 00:00:00,D046,V008,C00472,General Service,Completed,5,5929
SV000978,2025-11-22 00:00:00,D013,V019,C01906,Oil Change,Completed,4,4861
SV000979,2025-08-30 00:00:00,D001,V012,C00281,Periodic Maintenance,Completed,4,3014
SV000980,2026-05-10 00:00:00,D042,V012,C00584,Oil Change,Completed,5,3796
SV000981,2025-11-14 00:00:00,D004,V014,C02679,General Service,Completed,5,2525
SV000982,2025-04-22 00:00:00,D019,V020,C02975,Periodic Maintenance,Completed,3,2310
SV000983,2025-03-05 00:00:00,D047,V012,C04693,Periodic Maintenance,Pending,5,1846
SV000984,2025-04-27 00:00:00,D009,V010,C00367,Oil Change,Completed,5,998
SV000985,2025-02-27 00:00:00,D045,V014,C04706,Periodic Maintenance,Completed,3,3113
SV000986,2025-10-16 00:00:00,D029,V001,C04594,Periodic Maintenance,Completed,1,1612
SV000987,2025-08-11 00:00:00,D017,V013,C02577,Oil Change,Pending,5,3921
SV000988,2025-06-13 00:00:00,D035,V010,C00652,General Service,Completed,4,9101
SV000989,2026-05-20 00:00:00,D055,V013,C00021,Oil Change,Completed,5,893
SV000990,2025-05-25 00:00:00,D017,V001,C03750,General Service,Completed,2,1292
SV000991,2025-10-14 00:00:00,D009,V007,C01164,General Service,Completed,5,7130
SV000992,2025-11-02 00:00:00,D026,V012,C02991,Repair,Cancelled,5,1388
SV000993,2025-09-01 00:00:00,D024,V010,C02170,Oil Change,Completed,3,1450
SV000994,2025-12-10 00:00:00,D013,V014,C03651,Warranty,Pending,4,2054
SV000995,2026-11-18 00:00:00,D009,V016,C04433,Oil Change,Completed,5,4342
SV000996,2026-09-19 00:00:00,D043,V015,C03729,Periodic Maintenance,Completed,4,7117
SV000997,2025-05-06 00:00:00,D010,V009,C03831,Repair,Pending,3,1385
SV000998,2025-01-24 00:00:00,D040,V002,C02013,Oil Change,Completed,5,6903
SV000999,2026-10-25 00:00:00,D042,V002,C04054,General Service,Pending,2,1529
SV001000,2026-12-07 00:00:00,D054,V005,C04125,General Service,Completed,5,1092
SV001001,2026-02-03 00:00:00,D015,V014,C01691,General Service,Completed,5,2828
SV001002,2026-11-10 00:00:00,D051,V010,C04732,Oil Change,Pending,3,4403
SV001003,2026-06-21 00:00:00,D039,V016,C02331,Periodic Maintenance,Completed,4,937
SV001004,2025-02-14 00:00:00,D056,V003,C02564,Oil Change,Completed,5,6009
SV001005,2026-09-23 00:00:00,D038,V019,C03055,Oil Change,Pending,5,2679
SV001006,2025-09-28 00:00:00,D002,V016,C04753,Oil Change,Pending,2,2140
SV001007,2025-06-21 00:00:00,D035,V001,C02613,Oil Change,Completed,3,3573
SV001008,2025-09-05 00:00:00,D054,V012,C05418,General Service,Completed,5,3827
SV001009,2025-02-10 00:00:00,D054,V015,C01962,Oil Change,Completed,4,1887
SV001010,2025-08-27 00:00:00,D026,V015,C02739,Oil Change,Cancelled,4,4694
SV001011,2026-02-11 00:00:00,D052,V005,C04460,Warranty,Completed,2,3327
SV001012,2026-08-06 00:00:00,D013,V009,C02230,General Service,Completed,3,3399
SV001013,2025-12-22 00:00:00,D058,V015,C04862,General Service,Completed,4,1760
SV001014,2025-04-07 00:00:00,D037,V006,C03718,General Service,Completed,4,3602
SV001015,2026-09-27 00:00:00,D005,V002,C05717,General Service,Completed,5,1435
SV001016,2026-12-24 00:00:00,D035,V014,C00685,General Service,Pending,5,2297
SV001017,2025-09-02 00:00:00,D031,V003,C05971,Warranty,Pending,5,636
SV001018,2025-01-14 00:00:00,D052,V009,C01631,Periodic Maintenance,Completed,5,1012
SV001019,2025-03-18 00:00:00,D023,V002,C01585,General Service,Completed,1,2688
SV001020,2026-11-02 00:00:00,D025,V001,C02103,General Service,Completed,5,2051
SV001021,2025-09-16 00:00:00,D057,V017,C01498,Repair,Completed,5,2811
SV001022,2026-12-23 00:00:00,D035,V003,C02093,Oil Change,Completed,4,1593
SV001023,2026-04-04 00:00:00,D035,V019,C04309,Repair,Completed,5,5243
SV001024,2025-01-15 00:00:00,D059,V006,C04996,Warranty,Completed,5,1920
SV001025,2025-08-28 00:00:00,D038,V009,C02119,Periodic Maintenance,Completed,5,2440
SV001026,2025-11-10 00:00:00,D030,V010,C00689,Periodic Maintenance,Pending,5,3379
SV001027,2025-12-25 00:00:00,D012,V012,C01259,General Service,Completed,4,1228
SV001028,2025-03-01 00:00:00,D044,V015,C02658,General Service,Completed,4,2157
SV001029,2026-09-10 00:00:00,D033,V005,C03598,General Service,Pending,1,2262
SV001030,2026-06-16 00:00:00,D013,V011,C04467,Warranty,Completed,5,1955
SV001031,2025-09-23 00:00:00,D021,V002,C02794,Oil Change,Completed,5,5775
SV001032,2025-12-26 00:00:00,D020,V006,C03215,General Service,Completed,5,2269
SV001033,2025-12-18 00:00:00,D060,V006,C03568,Oil Change,Pending,5,2528
SV001034,2025-02-23 00:00:00,D029,V003,C00447,Periodic Maintenance,Completed,5,2383
SV001035,2025-10-26 00:00:00,D042,V015,C01059,Repair,Completed,5,1296
SV001036,2026-03-15 00:00:00,D029,V009,C04478,Warranty,Pending,4,2094
SV001037,2025-11-04 00:00:00,D017,V016,C02702,Periodic Maintenance,Completed,5,4362
SV001038,2025-09-20 00:00:00,D024,V003,C00896,Repair,Completed,1,2585
SV001039,2025-09-14 00:00:00,D059,V009,C03389,General Service,Completed,4,2539
SV001040,2025-08-01 00:00:00,D035,V017,C02343,General Service,Completed,5,2464
SV001041,2026-10-09 00:00:00,D059,V010,C04583,General Service,Completed,3,2613
SV001042,2025-03-17 00:00:00,D057,V003,C05429,General Service,Completed,5,2799
SV001043,2026-06-04 00:00:00,D033,V009,C01464,Periodic Maintenance,Completed,5,2399
SV001044,2025-10-20 00:00:00,D009,V011,C03755,Oil Change,Completed,5,1615
SV001045,2026-09-10 00:00:00,D021,V013,C05776,General Service,Completed,5,1048
SV001046,2025-06-22 00:00:00,D006,V010,C00417,General Service,Completed,4,2245
SV001047,2025-06-28 00:00:00,D044,V020,C03381,Periodic Maintenance,Cancelled,1,2355
SV001048,2025-11-11 00:00:00,D036,V011,C03972,Periodic Maintenance,Pending,5,2422
SV001049,2025-05-11 00:00:00,D030,V006,C02421,Periodic Maintenance,Completed,4,1874
SV001050,2025-01-04 00:00:00,D018,V004,C03005,General Service,Completed,4,1775
SV001051,2025-09-07 00:00:00,D010,V001,C03078,General Service,Completed,4,893
SV001052,2025-03-29 00:00:00,D056,V004,C00601,Oil Change,Completed,4,2328
SV001053,2025-10-27 00:00:00,D017,V007,C00227,General Service,Cancelled,3,3390
SV001054,2025-09-12 00:00:00,D024,V001,C03935,Periodic Maintenance,Completed,5,1834
SV001055,2025-10-21 00:00:00,D035,V005,C04886,General Service,Completed,5,774
SV001056,2026-08-24 00:00:00,D020,V017,C01835,General Service,Completed,4,3173
SV001057,2025-10-15 00:00:00,D014,V009,C04817,General Service,Completed,2,3378
SV001058,2025-10-27 00:00:00,D058,V001,C05742,Periodic Maintenance,Completed,5,2952
SV001059,2025-01-05 00:00:00,D004,V003,C01170,Oil Change,Completed,4,1294
SV001060,2025-08-24 00:00:00,D045,V020,C01301,Oil Change,Completed,5,1128
SV001061,2026-02-04 00:00:00,D060,V017,C01871,General Service,Pending,5,4035
SV001062,2025-03-30 00:00:00,D060,V003,C05815,General Service,Completed,5,5833
SV001063,2025-04-15 00:00:00,D015,V015,C00467,Warranty,Completed,5,4243
SV001064,2025-10-11 00:00:00,D035,V010,C02158,Periodic Maintenance,Completed,4,5418
SV001065,2026-01-07 00:00:00,D042,V016,C01874,Periodic Maintenance,Completed,2,1572
SV001066,2025-10-01 00:00:00,D051,V016,C04165,Warranty,Completed,5,3015
SV001067,2026-08-01 00:00:00,D029,V004,C02634,Oil Change,Completed,3,2176
SV001068,2025-03-05 00:00:00,D005,V004,C02607,Periodic Maintenance,Completed,5,1813
SV001069,2025-09-30 00:00:00,D048,V015,C01410,Periodic Maintenance,Completed,5,2881
SV001070,2026-02-06 00:00:00,D023,V011,C03904,Repair,Completed,5,3232
SV001071,2026-07-20 00:00:00,D019,V003,C01424,Oil Change,Completed,4,1305
SV001072,2026-02-24 00:00:00,D003,V014,C04769,Warranty,Completed,5,1273
SV001073,2025-10-05 00:00:00,D022,V020,C04364,Repair,Completed,5,2127
SV001074,2025-11-11 00:00:00,D015,V014,C00719,Oil Change,Completed,4,1197
SV001075,2025-10-28 00:00:00,D056,V002,C02255,Repair,Completed,4,3206
SV001076,2025-03-05 00:00:00,D008,V009,C04639,General Service,Completed,4,2774
SV001077,2025-06-15 00:00:00,D016,V009,C00139,Warranty,Cancelled,4,2946
SV001078,2025-02-01 00:00:00,D049,V016,C04613,Periodic Maintenance,Completed,5,1235
SV001079,2026-10-01 00:00:00,D044,V008,C03533,Repair,Completed,5,2354
SV001080,2025-07-27 00:00:00,D038,V001,C04940,Oil Change,Completed,5,2550
SV001081,2025-06-13 00:00:00,D030,V007,C00270,Periodic Maintenance,Completed,4,3489
SV001082,2025-01-08 00:00:00,D003,V007,C00694,Repair,Cancelled,5,1216
SV001083,2025-05-04 00:00:00,D025,V006,C03834,Repair,Completed,4,6197
SV001084,2025-09-27 00:00:00,D015,V020,C03774,Oil Change,Completed,4,4778
SV001085,2026-07-16 00:00:00,D017,V019,C00818,Repair,Completed,4,2260
SV001086,2025-10-23 00:00:00,D008,V001,C03787,Oil Change,Completed,5,4140
SV001087,2025-01-02 00:00:00,D012,V003,C01782,Periodic Maintenance,Completed,4,1145
SV001088,2025-08-03 00:00:00,D026,V001,C04647,Periodic Maintenance,Completed,4,4174
SV001089,2025-02-18 00:00:00,D058,V010,C02394,Periodic Maintenance,Completed,4,2658
SV001090,2026-06-12 00:00:00,D014,V013,C03840,Oil Change,Completed,5,7292
SV001091,2025-10-03 00:00:00,D007,V003,C01457,Repair,Completed,3,3188
SV001092,2026-11-03 00:00:00,D052,V010,C03476,Periodic Maintenance,Completed,5,3533
SV001093,2025-05-28 00:00:00,D056,V006,C01811,Periodic Maintenance,Completed,5,1314
SV001094,2025-02-04 00:00:00,D025,V017,C00891,Periodic Maintenance,Completed,4,2018
SV001095,2026-10-14 00:00:00,D030,V017,C05162,General Service,Completed,3,2916
SV001096,2025-04-23 00:00:00,D018,V015,C01260,Repair,Completed,5,3872
SV001097,2026-03-14 00:00:00,D010,V004,C01841,Repair,Completed,4,1582
SV001098,2025-03-26 00:00:00,D030,V011,C00691,Oil Change,Completed,5,3194
SV001099,2026-07-02 00:00:00,D040,V008,C05494,Periodic Maintenance,Completed,4,3737
SV001100,2025-11-06 00:00:00,D021,V004,C04473,Oil Change,Completed,1,3842
SV001101,2026-10-11 00:00:00,D002,V011,C01538,General Service,Completed,4,2194
SV001102,2026-06-04 00:00:00,D035,V003,C00439,Repair,Completed,5,1616
SV001103,2025-11-04 00:00:00,D028,V006,C00661,General Service,Completed,4,2616
SV001104,2025-04-26 00:00:00,D017,V011,C03991,Warranty,Completed,4,1526
SV001105,2026-08-31 00:00:00,D034,V002,C03551,General Service,Completed,2,600
SV001106,2025-06-05 00:00:00,D058,V001,C03908,General Service,Cancelled,4,2553
SV001107,2025-05-05 00:00:00,D004,V006,C01515,Periodic Maintenance,Completed,5,6172
SV001108,2025-07-26 00:00:00,D033,V004,C05823,General Service,Completed,4,1475
SV001109,2026-01-03 00:00:00,D041,V007,C03607,General Service,Completed,4,1621
SV001110,2025-06-13 00:00:00,D049,V015,C05167,General Service,Completed,4,3975
SV001111,2026-11-28 00:00:00,D042,V005,C00209,General Service,Completed,4,4193
SV001112,2025-09-17 00:00:00,D024,V002,C01319,General Service,Completed,5,3114
SV001113,2025-09-12 00:00:00,D031,V002,C04810,General Service,Completed,4,3218
SV001114,2025-03-14 00:00:00,D009,V006,C05411,Oil Change,Cancelled,5,3870
SV001115,2026-07-28 00:00:00,D034,V008,C02146,Oil Change,Completed,1,2096
SV001116,2026-10-19 00:00:00,D041,V017,C04720,General Service,Completed,3,2753
SV001117,2025-08-18 00:00:00,D041,V003,C02012,Oil Change,Completed,4,1877
SV001118,2026-05-26 00:00:00,D060,V005,C03789,Warranty,Completed,4,3072
SV001119,2026-10-04 00:00:00,D042,V002,C01691,Oil Change,Completed,4,3646
SV001120,2026-08-02 00:00:00,D021,V013,C02838,General Service,Completed,5,6091
SV001121,2025-04-16 00:00:00,D005,V011,C02433,General Service,Completed,1,2451
SV001122,2025-06-02 00:00:00,D049,V003,C00711,Oil Change,Pending,5,1500
SV001123,2026-05-11 00:00:00,D010,V012,C03793,Warranty,Completed,4,1794
SV001124,2026-01-04 00:00:00,D032,V005,C01990,Oil Change,Completed,4,5535
SV001125,2026-12-07 00:00:00,D057,V016,C03186,Oil Change,Completed,5,2818
SV001126,2026-09-27 00:00:00,D005,V014,C01030,Warranty,Completed,5,3471
SV001127,2025-05-30 00:00:00,D008,V009,C04845,General Service,Cancelled,4,2119
SV001128,2025-10-03 00:00:00,D046,V002,C00026,Periodic Maintenance,Completed,2,2071
SV001129,2025-05-17 00:00:00,D048,V008,C03847,Periodic Maintenance,Pending,5,3763
SV001130,2025-04-24 00:00:00,D005,V017,C03385,Oil Change,Completed,5,1945
SV001131,2025-08-08 00:00:00,D002,V014,C04044,Warranty,Pending,5,3390
SV001132,2025-06-24 00:00:00,D036,V006,C04346,Oil Change,Completed,4,4620
SV001133,2026-04-12 00:00:00,D032,V019,C04376,General Service,Completed,1,3822
SV001134,2025-03-15 00:00:00,D022,V001,C01625,General Service,Completed,4,3389
SV001135,2025-01-01 00:00:00,D013,V009,C05691,General Service,Completed,5,2154
SV001136,2026-07-12 00:00:00,D006,V015,C02256,General Service,Cancelled,4,6706
SV001137,2025-10-09 00:00:00,D060,V012,C01489,Periodic Maintenance,Completed,5,3807
SV001138,2025-12-12 00:00:00,D060,V016,C05716,General Service,Completed,4,2033
SV001139,2026-03-12 00:00:00,D032,V013,C01381,General Service,Cancelled,5,967
SV001140,2026-07-04 00:00:00,D028,V014,C04776,Warranty,Completed,5,5386
SV001141,2025-03-14 00:00:00,D045,V011,C01052,Repair,Completed,5,1195
SV001142,2025-03-07 00:00:00,D032,V010,C01228,Periodic Maintenance,Completed,5,873
SV001143,2025-10-15 00:00:00,D041,V004,C05796,Warranty,Cancelled,5,1547
SV001144,2026-03-05 00:00:00,D055,V007,C02038,Warranty,Completed,4,1655
SV001145,2025-01-08 00:00:00,D031,V001,C04604,Repair,Completed,4,1944
SV001146,2026-12-15 00:00:00,D030,V004,C04798,General Service,Completed,5,2584
SV001147,2026-01-26 00:00:00,D052,V014,C03320,Warranty,Completed,5,4829
SV001148,2025-06-25 00:00:00,D046,V020,C02816,Repair,Completed,4,2399
SV001149,2026-01-13 00:00:00,D022,V005,C05877,Repair,Completed,4,1505
SV001150,2026-08-26 00:00:00,D051,V012,C00822,Warranty,Completed,5,5035
SV001151,2026-03-14 00:00:00,D005,V003,C05490,General Service,Completed,4,2999
SV001152,2026-01-28 00:00:00,D048,V002,C00390,Warranty,Completed,4,1381
SV001153,2026-07-18 00:00:00,D041,V002,C04602,Periodic Maintenance,Completed,4,1774
SV001154,2025-09-05 00:00:00,D058,V011,C02426,General Service,Completed,3,2407
SV001155,2026-10-04 00:00:00,D020,V004,C05668,Warranty,Completed,4,1315
SV001156,2025-10-15 00:00:00,D057,V009,C05641,Periodic Maintenance,Completed,4,2287
SV001157,2025-12-09 00:00:00,D013,V001,C02479,General Service,Completed,4,2821
SV001158,2026-05-28 00:00:00,D054,V018,C02404,Warranty,Completed,4,1841
SV001159,2025-05-04 00:00:00,D046,V018,C03425,Repair,Pending,5,2475
SV001160,2026-04-26 00:00:00,D003,V002,C03665,General Service,Completed,3,2562
SV001161,2025-05-06 00:00:00,D010,V015,C04190,General Service,Completed,5,2779
SV001162,2026-02-12 00:00:00,D019,V007,C03457,Periodic Maintenance,Completed,4,2567
SV001163,2025-08-01 00:00:00,D056,V018,C05626,Oil Change,Completed,4,4515
SV001164,2025-09-25 00:00:00,D017,V002,C05801,Periodic Maintenance,Cancelled,3,3022
SV001165,2025-08-19 00:00:00,D037,V005,C05532,General Service,Completed,4,2924
SV001166,2025-01-13 00:00:00,D029,V018,C03770,General Service,Completed,3,3251
SV001167,2025-06-20 00:00:00,D048,V019,C05540,Periodic Maintenance,Completed,5,4119
SV001168,2025-12-20 00:00:00,D003,V018,C04396,Periodic Maintenance,Completed,4,572
SV001169,2026-02-19 00:00:00,D038,V017,C05676,General Service,Completed,4,2078
SV001170,2026-10-08 00:00:00,D015,V017,C01900,Oil Change,Completed,5,1836
SV001171,2026-12-19 00:00:00,D057,V004,C02405,Oil Change,Completed,4,2027
SV001172,2025-12-30 00:00:00,D037,V005,C00211,Periodic Maintenance,Completed,5,1001
SV001173,2025-11-08 00:00:00,D045,V009,C00541,General Service,Completed,3,1620
SV001174,2025-05-19 00:00:00,D041,V018,C01592,Warranty,Completed,4,3280
SV001175,2025-02-18 00:00:00,D049,V008,C00573,Repair,Completed,4,3808
SV001176,2025-03-21 00:00:00,D008,V009,C02321,General Service,Completed,5,2757
SV001177,2026-02-07 00:00:00,D044,V008,C03168,Oil Change,Completed,3,1331
SV001178,2025-07-22 00:00:00,D018,V002,C01365,Oil Change,Completed,5,1077
SV001179,2026-12-01 00:00:00,D051,V011,C02192,Oil Change,Cancelled,1,3168
SV001180,2025-05-06 00:00:00,D046,V002,C03573,Oil Change,Completed,1,1490
SV001181,2026-02-13 00:00:00,D029,V017,C05121,General Service,Completed,5,6089
SV001182,2026-01-25 00:00:00,D036,V002,C02509,Warranty,Completed,5,2907
SV001183,2026-07-21 00:00:00,D004,V004,C02640,Oil Change,Pending,4,3370
SV001184,2025-10-21 00:00:00,D041,V005,C02551,General Service,Pending,4,1739
SV001185,2026-11-21 00:00:00,D007,V012,C03419,Periodic Maintenance,Completed,3,3316
SV001186,2026-03-07 00:00:00,D042,V013,C01593,Repair,Completed,5,3551
SV001187,2026-05-12 00:00:00,D037,V018,C04833,General Service,Completed,4,1362
SV001188,2026-08-18 00:00:00,D035,V018,C04763,Periodic Maintenance,Completed,4,1226
SV001189,2025-11-02 00:00:00,D043,V005,C01286,General Service,Completed,5,4937
SV001190,2025-11-30 00:00:00,D048,V014,C03051,General Service,Completed,4,3608
SV001191,2026-09-17 00:00:00,D012,V020,C03802,Oil Change,Completed,3,2162
SV001192,2026-05-23 00:00:00,D028,V017,C01857,Oil Change,Completed,3,4806
SV001193,2025-07-05 00:00:00,D028,V005,C04144,Warranty,Completed,5,2184
SV001194,2025-11-19 00:00:00,D045,V019,C05111,Periodic Maintenance,Completed,5,1344
SV001195,2025-11-11 00:00:00,D019,V018,C02424,Oil Change,Completed,4,1555
SV001196,2026-11-15 00:00:00,D052,V016,C03353,General Service,Completed,4,4107
SV001197,2026-06-01 00:00:00,D051,V002,C05356,Oil Change,Completed,5,1447
SV001198,2025-12-07 00:00:00,D043,V005,C04144,Oil Change,Completed,5,2072
SV001199,2026-05-03 00:00:00,D011,V006,C04441,Warranty,Pending,5,2625
SV001200,2026-09-04 00:00:00,D026,V019,C01893,General Service,Completed,5,2626
SV001201,2025-11-07 00:00:00,D037,V018,C03703,Periodic Maintenance,Completed,4,2696
SV001202,2025-08-16 00:00:00,D039,V005,C03990,Periodic Maintenance,Completed,5,1050
SV001203,2026-12-30 00:00:00,D053,V009,C02061,Oil Change,Completed,2,3087
SV001204,2026-04-21 00:00:00,D013,V007,C01740,Periodic Maintenance,Completed,5,3528
SV001205,2025-07-09 00:00:00,D013,V013,C05427,Periodic Maintenance,Completed,4,1656
SV001206,2026-04-18 00:00:00,D037,V020,C03888,General Service,Cancelled,5,988
SV001207,2025-02-13 00:00:00,D017,V018,C01772,Oil Change,Completed,5,2616
SV001208,2025-07-03 00:00:00,D010,V012,C05638,Repair,Completed,5,4426
SV001209,2025-08-06 00:00:00,D046,V006,C05267,General Service,Cancelled,5,1707
SV001210,2025-09-27 00:00:00,D042,V018,C05211,General Service,Completed,5,3866
SV001211,2026-03-30 00:00:00,D012,V017,C05317,Warranty,Completed,5,584
SV001212,2026-10-26 00:00:00,D039,V008,C03271,General Service,Completed,4,4979
SV001213,2026-10-07 00:00:00,D017,V008,C03532,Oil Change,Completed,4,4691
SV001214,2026-08-26 00:00:00,D022,V016,C01403,Periodic Maintenance,Completed,5,4286
SV001215,2025-07-05 00:00:00,D017,V003,C01408,Oil Change,Completed,5,1579
SV001216,2025-05-22 00:00:00,D058,V003,C00723,General Service,Completed,5,2136
SV001217,2026-08-20 00:00:00,D053,V005,C02063,Warranty,Completed,4,6429
SV001218,2026-04-14 00:00:00,D028,V008,C05908,General Service,Completed,4,4273
SV001219,2025-10-13 00:00:00,D046,V019,C01110,General Service,Completed,3,1166
SV001220,2026-12-05 00:00:00,D006,V018,C02877,General Service,Cancelled,5,2236
SV001221,2026-04-10 00:00:00,D051,V001,C00899,General Service,Cancelled,4,5395
SV001222,2026-12-26 00:00:00,D025,V006,C02012,Periodic Maintenance,Pending,5,2114
SV001223,2026-06-06 00:00:00,D057,V001,C01860,General Service,Completed,5,1814
SV001224,2026-01-14 00:00:00,D005,V015,C05619,Oil Change,Completed,4,1335
SV001225,2025-06-07 00:00:00,D057,V018,C01381,Repair,Completed,5,1894
SV001226,2025-11-30 00:00:00,D034,V010,C00807,Repair,Completed,4,5464
SV001227,2025-06-02 00:00:00,D001,V009,C01806,General Service,Completed,5,1163
SV001228,2025-01-06 00:00:00,D051,V012,C04336,General Service,Completed,4,3020
SV001229,2026-07-04 00:00:00,D035,V018,C03425,Oil Change,Completed,3,2024
SV001230,2025-11-13 00:00:00,D024,V006,C00381,Oil Change,Completed,5,3885
SV001231,2026-09-18 00:00:00,D050,V020,C05134,General Service,Completed,4,1160
SV001232,2026-04-11 00:00:00,D032,V019,C02329,General Service,Completed,4,2280
SV001233,2026-12-14 00:00:00,D015,V008,C03716,Oil Change,Completed,5,2122
SV001234,2025-04-12 00:00:00,D044,V009,C01863,Periodic Maintenance,Completed,5,1156
SV001235,2025-10-01 00:00:00,D055,V017,C04942,General Service,Completed,4,1704
SV001236,2026-12-12 00:00:00,D006,V013,C03900,Periodic Maintenance,Completed,5,2640
SV001237,2025-04-24 00:00:00,D054,V011,C00996,Periodic Maintenance,Completed,5,2389
SV001238,2025-09-29 00:00:00,D022,V018,C05968,Repair,Completed,4,1538
SV001239,2025-07-16 00:00:00,D053,V016,C02609,Warranty,Completed,4,4341
SV001240,2025-07-13 00:00:00,D060,V002,C04037,Periodic Maintenance,Completed,5,3907
SV001241,2026-05-06 00:00:00,D023,V007,C05291,Periodic Maintenance,Completed,3,1686
SV001242,2025-02-14 00:00:00,D026,V019,C02943,General Service,Completed,4,3426
SV001243,2025-03-11 00:00:00,D047,V001,C00408,Warranty,Completed,4,1022
SV001244,2026-02-03 00:00:00,D012,V014,C03486,General Service,Completed,4,2862
SV001245,2026-08-23 00:00:00,D001,V003,C00473,Oil Change,Completed,5,2787
SV001246,2025-09-29 00:00:00,D038,V008,C05129,Periodic Maintenance,Completed,3,2945
SV001247,2025-11-10 00:00:00,D024,V014,C01638,Warranty,Completed,5,5107
SV001248,2026-12-01 00:00:00,D027,V003,C01906,General Service,Completed,4,967
SV001249,2026-10-19 00:00:00,D030,V008,C05890,Periodic Maintenance,Completed,5,3179
SV001250,2025-11-14 00:00:00,D016,V006,C01647,Repair,Completed,5,2152
SV001251,2026-01-22 00:00:00,D050,V002,C01527,Warranty,Completed,5,1938
SV001252,2025-09-22 00:00:00,D038,V008,C00586,Warranty,Completed,5,1716
SV001253,2025-12-29 00:00:00,D025,V019,C05757,General Service,Completed,4,1823
SV001254,2026-02-01 00:00:00,D044,V004,C00092,General Service,Completed,5,1977
SV001255,2025-12-01 00:00:00,D045,V010,C01955,Warranty,Completed,4,1253
SV001256,2026-09-28 00:00:00,D011,V013,C00483,General Service,Pending,5,1720
SV001257,2025-01-23 00:00:00,D004,V014,C05549,Oil Change,Completed,4,3726
SV001258,2025-04-16 00:00:00,D037,V006,C01331,General Service,Completed,5,2520
SV001259,2026-06-14 00:00:00,D054,V002,C02886,General Service,Pending,5,4217
SV001260,2025-12-03 00:00:00,D032,V013,C01884,General Service,Completed,5,2031
SV001261,2025-12-17 00:00:00,D047,V008,C02618,General Service,Completed,5,5044
SV001262,2026-10-01 00:00:00,D025,V017,C03825,Periodic Maintenance,Pending,4,8419
SV001263,2025-06-17 00:00:00,D059,V010,C05127,Oil Change,Completed,2,1836
SV001264,2025-10-09 00:00:00,D012,V011,C01770,General Service,Completed,5,2214
SV001265,2025-09-27 00:00:00,D060,V002,C05991,Repair,Completed,4,3306
SV001266,2026-07-14 00:00:00,D002,V020,C04064,Repair,Completed,5,2216
SV001267,2025-04-13 00:00:00,D038,V010,C04467,Oil Change,Completed,5,1937
SV001268,2025-11-18 00:00:00,D007,V005,C05724,Oil Change,Completed,5,3225
SV001269,2025-09-25 00:00:00,D010,V020,C03746,General Service,Completed,4,5420
SV001270,2026-11-02 00:00:00,D048,V012,C01040,Oil Change,Completed,4,1951
SV001271,2025-01-19 00:00:00,D022,V017,C00097,Warranty,Completed,5,2602
SV001272,2026-09-29 00:00:00,D057,V017,C00047,General Service,Completed,1,3299
SV001273,2025-02-20 00:00:00,D006,V002,C01373,General Service,Completed,3,3033
SV001274,2026-12-15 00:00:00,D058,V010,C05267,General Service,Completed,4,888
SV001275,2025-02-16 00:00:00,D034,V006,C01230,Oil Change,Completed,4,4187
SV001276,2026-05-19 00:00:00,D029,V016,C02983,Periodic Maintenance,Completed,3,3580
SV001277,2025-04-13 00:00:00,D057,V008,C05855,Oil Change,Completed,4,1510
SV001278,2025-09-01 00:00:00,D001,V006,C05851,General Service,Completed,3,4159
SV001279,2026-08-18 00:00:00,D022,V006,C00736,Repair,Completed,4,3428
SV001280,2025-10-16 00:00:00,D053,V009,C03689,Repair,Completed,2,2089
SV001281,2026-05-09 00:00:00,D015,V001,C04790,Repair,Completed,4,2326
SV001282,2026-04-03 00:00:00,D008,V014,C04082,Repair,Completed,5,2130
SV001283,2025-12-26 00:00:00,D042,V013,C04637,Periodic Maintenance,Completed,5,815
SV001284,2026-04-03 00:00:00,D028,V014,C01854,Periodic Maintenance,Pending,4,1765
SV001285,2026-03-16 00:00:00,D011,V020,C03301,Oil Change,Completed,5,2268
SV001286,2026-08-06 00:00:00,D057,V014,C02629,Repair,Completed,2,3059
SV001287,2026-08-23 00:00:00,D031,V001,C01670,Repair,Completed,3,1749
SV001288,2026-10-12 00:00:00,D051,V004,C01207,Warranty,Completed,3,3238
SV001289,2026-04-26 00:00:00,D048,V018,C01346,Oil Change,Completed,5,4646
SV001290,2026-10-14 00:00:00,D040,V007,C04900,Warranty,Completed,3,3808
SV001291,2026-05-13 00:00:00,D053,V007,C04871,Oil Change,Completed,2,2701
SV001292,2025-03-26 00:00:00,D031,V012,C04114,Periodic Maintenance,Completed,5,1744
SV001293,2025-02-23 00:00:00,D010,V017,C01175,General Service,Completed,5,2573
SV001294,2026-09-05 00:00:00,D034,V008,C01670,General Service,Completed,4,1208
SV001295,2025-06-15 00:00:00,D011,V003,C03450,Oil Change,Completed,5,1367
SV001296,2025-03-17 00:00:00,D011,V004,C02761,Oil Change,Completed,4,8016
SV001297,2025-09-02 00:00:00,D026,V014,C05412,Periodic Maintenance,Completed,5,1553
SV001298,2025-07-03 00:00:00,D050,V011,C03882,Repair,Completed,2,1383
SV001299,2025-06-25 00:00:00,D025,V016,C05140,General Service,Completed,5,3835
SV001300,2026-04-07 00:00:00,D008,V013,C00065,Oil Change,Completed,5,5618
SV001301,2026-10-03 00:00:00,D029,V019,C02286,Oil Change,Completed,5,1282
SV001302,2026-10-05 00:00:00,D041,V019,C03855,Warranty,Completed,5,1672
SV001303,2026-06-01 00:00:00,D056,V011,C04857,Oil Change,Completed,5,4835
SV001304,2026-05-24 00:00:00,D007,V006,C03455,Warranty,Completed,5,1640
SV001305,2026-04-16 00:00:00,D056,V001,C05287,Periodic Maintenance,Completed,5,1832
SV001306,2025-10-13 00:00:00,D003,V013,C00115,General Service,Pending,5,4548
SV001307,2026-03-10 00:00:00,D034,V019,C03181,Warranty,Completed,5,1809
SV001308,2025-06-19 00:00:00,D008,V012,C03370,Oil Change,Completed,5,2650
SV001309,2026-03-21 00:00:00,D051,V008,C04609,General Service,Completed,5,3269
SV001310,2025-08-09 00:00:00,D035,V014,C00072,Repair,Completed,5,768
SV001311,2025-04-02 00:00:00,D051,V009,C03973,Periodic Maintenance,Completed,4,3293
SV001312,2026-01-31 00:00:00,D029,V009,C04709,Periodic Maintenance,Completed,4,5367
SV001313,2025-09-25 00:00:00,D017,V008,C01029,General Service,Completed,5,4522
SV001314,2025-11-18 00:00:00,D039,V003,C01737,General Service,Pending,5,1543
SV001315,2026-11-16 00:00:00,D049,V019,C03220,Periodic Maintenance,Cancelled,5,3125
SV001316,2025-06-28 00:00:00,D024,V001,C00695,Warranty,Completed,5,1598
SV001317,2025-09-14 00:00:00,D017,V014,C04220,Repair,Completed,4,2032
SV001318,2025-12-30 00:00:00,D001,V015,C00568,Oil Change,Pending,4,2228
SV001319,2025-07-09 00:00:00,D037,V020,C04298,Warranty,Completed,5,4072
SV001320,2026-04-20 00:00:00,D002,V019,C05976,Oil Change,Completed,4,1642
SV001321,2025-03-20 00:00:00,D001,V001,C00124,Periodic Maintenance,Completed,5,2471
SV001322,2025-05-19 00:00:00,D005,V008,C01821,Periodic Maintenance,Completed,2,2095
SV001323,2026-10-26 00:00:00,D019,V002,C02143,Repair,Completed,5,6088
SV001324,2025-05-31 00:00:00,D040,V011,C02166,Oil Change,Completed,5,2594
SV001325,2026-11-22 00:00:00,D052,V014,C01650,Oil Change,Completed,5,2778
SV001326,2026-11-14 00:00:00,D004,V014,C00182,General Service,Pending,4,3007
SV001327,2025-05-24 00:00:00,D053,V017,C04772,General Service,Completed,5,4590
SV001328,2026-11-20 00:00:00,D029,V004,C05458,Oil Change,Completed,5,4517
SV001329,2026-10-05 00:00:00,D023,V005,C01297,General Service,Completed,5,2618
SV001330,2025-09-28 00:00:00,D014,V003,C00006,Periodic Maintenance,Completed,5,2363
SV001331,2026-10-11 00:00:00,D048,V005,C01078,General Service,Completed,5,3270
SV001332,2025-05-03 00:00:00,D018,V014,C02275,Periodic Maintenance,Completed,5,2467
SV001333,2025-03-18 00:00:00,D004,V008,C05690,Warranty,Completed,4,2011
SV001334,2026-03-13 00:00:00,D016,V001,C05136,Warranty,Completed,3,2862
SV001335,2025-03-22 00:00:00,D058,V003,C00638,General Service,Completed,3,2725
SV001336,2026-01-26 00:00:00,D016,V020,C00714,Warranty,Completed,4,1780
SV001337,2026-08-26 00:00:00,D035,V017,C05644,Oil Change,Completed,4,3607
SV001338,2025-04-12 00:00:00,D011,V011,C00643,Periodic Maintenance,Completed,3,5668
SV001339,2025-03-17 00:00:00,D016,V013,C03210,General Service,Completed,4,1902
SV001340,2025-06-09 00:00:00,D033,V003,C02416,Oil Change,Completed,5,1799
SV001341,2026-03-15 00:00:00,D049,V018,C02055,Warranty,Completed,5,4567
SV001342,2025-08-17 00:00:00,D039,V004,C05520,Periodic Maintenance,Pending,3,1608
SV001343,2026-09-14 00:00:00,D039,V017,C04490,Periodic Maintenance,Completed,5,5483
SV001344,2025-04-29 00:00:00,D031,V007,C05558,General Service,Completed,4,1386
SV001345,2025-11-30 00:00:00,D030,V008,C04015,Oil Change,Completed,4,3111
SV001346,2025-07-04 00:00:00,D005,V004,C00792,Oil Change,Completed,5,6579
SV001347,2025-02-23 00:00:00,D057,V007,C04978,Oil Change,Completed,5,1839
SV001348,2025-05-02 00:00:00,D010,V017,C03814,Repair,Completed,5,3112
SV001349,2026-04-17 00:00:00,D050,V011,C01022,Oil Change,Completed,4,3861
SV001350,2025-02-13 00:00:00,D009,V012,C00480,Repair,Completed,5,2646
SV001351,2026-07-14 00:00:00,D040,V014,C04826,General Service,Completed,4,1661
SV001352,2025-12-18 00:00:00,D016,V019,C03600,Periodic Maintenance,Completed,5,2080
SV001353,2026-08-11 00:00:00,D020,V015,C02770,General Service,Completed,5,1338
SV001354,2025-04-19 00:00:00,D013,V018,C00976,Oil Change,Completed,5,1293
SV001355,2026-06-13 00:00:00,D020,V012,C02659,Periodic Maintenance,Completed,5,3687
SV001356,2025-05-10 00:00:00,D058,V011,C03246,Oil Change,Completed,5,7890
SV001357,2025-10-18 00:00:00,D016,V020,C02731,Warranty,Completed,5,4503
SV001358,2025-11-01 00:00:00,D018,V019,C04968,Warranty,Completed,5,935
SV001359,2025-06-12 00:00:00,D036,V003,C01886,Periodic Maintenance,Completed,5,1247
SV001360,2026-06-09 00:00:00,D040,V017,C00648,Repair,Completed,4,1959
SV001361,2025-01-17 00:00:00,D037,V019,C00592,Oil Change,Completed,5,3123
SV001362,2026-06-23 00:00:00,D007,V013,C00752,Periodic Maintenance,Pending,4,2627
SV001363,2025-05-02 00:00:00,D048,V007,C04331,General Service,Completed,3,2669
SV001364,2025-05-26 00:00:00,D003,V010,C01255,General Service,Completed,5,1439
SV001365,2025-03-06 00:00:00,D025,V008,C00183,Repair,Completed,4,2515
SV001366,2025-10-20 00:00:00,D022,V007,C00765,Warranty,Completed,3,3164
SV001367,2025-12-09 00:00:00,D045,V010,C03149,Oil Change,Completed,5,1521
SV001368,2025-05-18 00:00:00,D002,V005,C02152,General Service,Completed,3,1925
SV001369,2026-08-25 00:00:00,D011,V018,C03062,General Service,Completed,5,2465
SV001370,2026-11-03 00:00:00,D017,V010,C05346,Warranty,Completed,5,8807
SV001371,2025-04-22 00:00:00,D033,V005,C00588,Oil Change,Completed,2,2190
SV001372,2025-01-01 00:00:00,D013,V004,C01903,Oil Change,Completed,5,1553
SV001373,2025-04-03 00:00:00,D057,V007,C00161,Warranty,Completed,5,1581
SV001374,2025-10-21 00:00:00,D007,V009,C04839,General Service,Completed,3,7857
SV001375,2025-11-20 00:00:00,D058,V004,C01263,Oil Change,Completed,5,2817
SV001376,2025-03-01 00:00:00,D014,V001,C00329,General Service,Completed,5,6324
SV001377,2026-04-18 00:00:00,D005,V010,C00686,Oil Change,Completed,4,658
SV001378,2026-06-23 00:00:00,D043,V018,C05510,Oil Change,Completed,4,2366
SV001379,2025-03-24 00:00:00,D006,V017,C01939,General Service,Completed,4,6396
SV001380,2025-09-03 00:00:00,D052,V010,C04534,General Service,Completed,3,4407
SV001381,2026-06-02 00:00:00,D048,V002,C01130,General Service,Completed,5,2570
SV001382,2025-12-07 00:00:00,D033,V014,C05427,Periodic Maintenance,Completed,4,1357
SV001383,2025-08-01 00:00:00,D001,V014,C02744,Periodic Maintenance,Completed,5,3490
SV001384,2026-09-26 00:00:00,D048,V001,C00769,General Service,Completed,4,6883
SV001385,2025-12-20 00:00:00,D045,V005,C05435,General Service,Completed,5,3090
SV001386,2025-12-18 00:00:00,D039,V014,C00979,Oil Change,Completed,5,3151
SV001387,2026-02-23 00:00:00,D053,V002,C01136,Periodic Maintenance,Completed,4,784
SV001388,2026-05-17 00:00:00,D045,V011,C02001,Oil Change,Cancelled,3,2093
SV001389,2026-12-31 00:00:00,D039,V019,C02738,Periodic Maintenance,Completed,4,3344
SV001390,2026-09-15 00:00:00,D010,V013,C01898,Repair,Completed,4,2384
SV001391,2025-05-04 00:00:00,D015,V011,C01090,Oil Change,Cancelled,4,3290
SV001392,2026-08-12 00:00:00,D014,V006,C04751,General Service,Completed,5,3342
SV001393,2025-09-18 00:00:00,D005,V008,C03247,Warranty,Completed,5,1274
SV001394,2026-09-01 00:00:00,D001,V015,C05373,Warranty,Completed,5,8213
SV001395,2025-03-24 00:00:00,D038,V020,C02871,General Service,Completed,5,3162
SV001396,2026-06-07 00:00:00,D015,V001,C02889,Warranty,Completed,3,1362
SV001397,2026-01-16 00:00:00,D005,V014,C00347,General Service,Completed,5,1720
SV001398,2025-07-18 00:00:00,D044,V017,C04188,General Service,Completed,3,1887
SV001399,2025-12-09 00:00:00,D027,V006,C00177,Periodic Maintenance,Completed,5,2583
SV001400,2025-01-05 00:00:00,D060,V002,C01496,Repair,Completed,5,2647
SV001401,2025-03-30 00:00:00,D047,V009,C02820,Repair,Completed,4,702
SV001402,2026-12-09 00:00:00,D058,V003,C03606,Periodic Maintenance,Completed,5,4624
SV001403,2025-09-07 00:00:00,D024,V020,C05361,General Service,Completed,3,10605
SV001404,2026-04-21 00:00:00,D045,V015,C01790,Repair,Completed,5,2619
SV001405,2026-07-06 00:00:00,D045,V004,C00573,Warranty,Completed,4,1114
SV001406,2025-05-29 00:00:00,D014,V008,C05154,General Service,Completed,5,2290
SV001407,2025-06-03 00:00:00,D036,V002,C00780,Repair,Completed,5,2517
SV001408,2025-11-22 00:00:00,D007,V002,C05520,Periodic Maintenance,Completed,3,1105
SV001409,2025-09-15 00:00:00,D032,V014,C00421,Repair,Completed,4,1817
SV001410,2025-06-11 00:00:00,D047,V013,C00955,Oil Change,Completed,4,2066
SV001411,2026-05-21 00:00:00,D047,V016,C05762,Periodic Maintenance,Completed,5,4505
SV001412,2025-08-01 00:00:00,D039,V005,C03991,Periodic Maintenance,Completed,5,2528
SV001413,2025-04-30 00:00:00,D030,V003,C00205,Oil Change,Completed,4,1864
SV001414,2025-04-08 00:00:00,D012,V007,C04000,General Service,Completed,2,1971
SV001415,2026-06-10 00:00:00,D058,V004,C00261,Oil Change,Completed,3,1876
SV001416,2025-09-01 00:00:00,D054,V017,C00753,Oil Change,Pending,4,1655
SV001417,2025-01-18 00:00:00,D049,V016,C04578,Oil Change,Completed,4,1708
SV001418,2026-01-07 00:00:00,D043,V015,C05073,Warranty,Cancelled,3,2479
SV001419,2025-08-01 00:00:00,D021,V005,C01099,Oil Change,Completed,3,3966
SV001420,2026-07-30 00:00:00,D024,V011,C01274,Periodic Maintenance,Completed,3,3385
SV001421,2025-03-30 00:00:00,D050,V012,C03995,Oil Change,Completed,1,5363
SV001422,2026-10-11 00:00:00,D007,V019,C04418,General Service,Completed,5,3094
SV001423,2025-02-15 00:00:00,D012,V009,C03441,Oil Change,Completed,4,4045
SV001424,2025-06-11 00:00:00,D034,V011,C03784,Oil Change,Completed,4,9014
SV001425,2026-06-05 00:00:00,D057,V019,C05538,Repair,Cancelled,3,3285
SV001426,2025-12-07 00:00:00,D021,V002,C04416,General Service,Completed,4,2943
SV001427,2026-03-03 00:00:00,D004,V016,C04048,Oil Change,Completed,3,1581
SV001428,2025-07-27 00:00:00,D047,V005,C02638,Warranty,Completed,4,4137
SV001429,2025-05-26 00:00:00,D026,V009,C02980,Oil Change,Completed,4,1715
SV001430,2025-07-16 00:00:00,D020,V010,C03582,Periodic Maintenance,Pending,5,1492
SV001431,2026-01-01 00:00:00,D013,V014,C03996,General Service,Completed,4,614
SV001432,2025-06-08 00:00:00,D055,V001,C04546,Periodic Maintenance,Completed,4,1147
SV001433,2025-08-23 00:00:00,D052,V019,C01773,General Service,Completed,4,1510
SV001434,2026-08-04 00:00:00,D050,V020,C04022,Warranty,Cancelled,5,2000
SV001435,2026-05-28 00:00:00,D043,V008,C05716,Periodic Maintenance,Completed,5,2455
SV001436,2026-10-17 00:00:00,D050,V001,C01700,General Service,Completed,4,1146
SV001437,2026-10-31 00:00:00,D029,V008,C02191,General Service,Completed,5,3802
SV001438,2025-01-25 00:00:00,D029,V003,C00752,Periodic Maintenance,Completed,5,2071
SV001439,2026-09-06 00:00:00,D014,V016,C02264,Periodic Maintenance,Completed,5,1620
SV001440,2025-02-14 00:00:00,D005,V008,C04065,Oil Change,Completed,4,4516
SV001441,2026-06-27 00:00:00,D042,V020,C01227,Oil Change,Completed,4,1613
SV001442,2025-06-02 00:00:00,D036,V004,C02129,Periodic Maintenance,Completed,5,4096
SV001443,2025-05-31 00:00:00,D027,V006,C01074,Warranty,Completed,1,2677
SV001444,2025-11-11 00:00:00,D059,V013,C02806,Oil Change,Completed,4,1036
SV001445,2026-09-07 00:00:00,D010,V007,C02285,General Service,Completed,1,2355
SV001446,2026-07-04 00:00:00,D037,V001,C03033,General Service,Completed,4,2395
SV001447,2026-02-13 00:00:00,D041,V015,C00342,Periodic Maintenance,Completed,5,5594
SV001448,2026-02-03 00:00:00,D044,V015,C01347,General Service,Completed,3,1544
SV001449,2025-11-20 00:00:00,D033,V012,C01787,Repair,Completed,5,2631
SV001450,2026-03-25 00:00:00,D028,V005,C01447,Repair,Completed,4,4910
SV001451,2026-09-14 00:00:00,D027,V001,C04211,Oil Change,Completed,3,2271
SV001452,2025-07-27 00:00:00,D013,V018,C03343,Periodic Maintenance,Completed,5,2926
SV001453,2025-07-22 00:00:00,D039,V003,C05934,Periodic Maintenance,Completed,5,2381
SV001454,2025-03-11 00:00:00,D025,V012,C03160,General Service,Completed,5,2688
SV001455,2025-08-01 00:00:00,D059,V018,C04575,Periodic Maintenance,Completed,5,5185
SV001456,2025-06-09 00:00:00,D052,V014,C02775,Periodic Maintenance,Completed,4,3579
SV001457,2026-09-14 00:00:00,D055,V019,C03228,General Service,Completed,5,2184
SV001458,2025-02-08 00:00:00,D057,V019,C02188,Oil Change,Completed,4,1530
SV001459,2025-06-23 00:00:00,D046,V009,C05220,Periodic Maintenance,Cancelled,5,2143
SV001460,2025-12-14 00:00:00,D053,V003,C03072,Periodic Maintenance,Completed,5,1672
SV001461,2025-08-09 00:00:00,D015,V019,C05316,Periodic Maintenance,Completed,2,2072
SV001462,2025-02-19 00:00:00,D014,V019,C02260,Periodic Maintenance,Completed,3,1251
SV001463,2025-05-30 00:00:00,D014,V018,C02622,Oil Change,Completed,5,4578
SV001464,2025-07-26 00:00:00,D052,V004,C02298,Repair,Completed,3,7927
SV001465,2025-11-29 00:00:00,D009,V017,C04690,General Service,Completed,3,2490
SV001466,2026-01-21 00:00:00,D057,V008,C01950,Oil Change,Completed,4,3948
SV001467,2025-10-26 00:00:00,D055,V020,C03581,Warranty,Completed,3,1127
SV001468,2025-03-11 00:00:00,D042,V008,C05660,General Service,Completed,5,2435
SV001469,2025-01-23 00:00:00,D002,V005,C00313,Periodic Maintenance,Completed,5,2311
SV001470,2025-07-26 00:00:00,D030,V016,C02551,Oil Change,Completed,2,1475
SV001471,2026-10-08 00:00:00,D017,V019,C00529,Oil Change,Completed,3,2327
SV001472,2026-06-18 00:00:00,D041,V014,C01765,Periodic Maintenance,Pending,5,1428
SV001473,2025-05-21 00:00:00,D008,V013,C00214,Warranty,Completed,1,1297
SV001474,2025-05-21 00:00:00,D037,V013,C05758,General Service,Completed,4,5313
SV001475,2025-06-27 00:00:00,D046,V010,C04264,Warranty,Completed,4,1022
SV001476,2026-07-03 00:00:00,D037,V020,C01931,Oil Change,Cancelled,4,1629
SV001477,2025-06-13 00:00:00,D060,V005,C02923,Periodic Maintenance,Completed,3,974
SV001478,2025-11-25 00:00:00,D048,V020,C05622,General Service,Completed,4,1871
SV001479,2025-11-21 00:00:00,D052,V015,C02556,Oil Change,Completed,5,5725
SV001480,2025-03-09 00:00:00,D024,V002,C04073,Repair,Completed,5,887
SV001481,2025-06-08 00:00:00,D028,V016,C05154,Periodic Maintenance,Completed,2,1800
SV001482,2026-06-04 00:00:00,D024,V017,C03283,General Service,Completed,4,2635
SV001483,2026-04-17 00:00:00,D059,V016,C00935,Periodic Maintenance,Completed,4,1454
SV001484,2026-04-19 00:00:00,D012,V011,C03341,Oil Change,Completed,3,2900
SV001485,2026-12-11 00:00:00,D029,V011,C03434,Repair,Pending,3,2499
SV001486,2026-05-08 00:00:00,D004,V017,C03617,General Service,Completed,4,6945
SV001487,2025-06-10 00:00:00,D039,V001,C02150,Periodic Maintenance,Completed,1,2418
SV001488,2026-07-11 00:00:00,D005,V014,C02113,Oil Change,Completed,5,2645
SV001489,2026-10-16 00:00:00,D042,V004,C04815,General Service,Completed,4,3290
SV001490,2026-08-23 00:00:00,D045,V020,C03729,Periodic Maintenance,Completed,5,2935
SV001491,2025-06-04 00:00:00,D009,V013,C00324,Oil Change,Completed,4,2229
SV001492,2025-11-24 00:00:00,D041,V006,C03948,Warranty,Pending,5,3344
SV001493,2025-10-19 00:00:00,D025,V013,C03109,General Service,Cancelled,3,1646
SV001494,2025-03-26 00:00:00,D007,V016,C02978,Periodic Maintenance,Completed,3,2045
SV001495,2025-06-06 00:00:00,D032,V009,C05554,General Service,Completed,3,3583
SV001496,2026-09-08 00:00:00,D052,V014,C00282,Oil Change,Pending,3,3744
SV001497,2025-03-18 00:00:00,D045,V012,C05317,General Service,Completed,5,14750
SV001498,2026-05-22 00:00:00,D035,V008,C01360,Periodic Maintenance,Completed,5,2372
SV001499,2025-01-24 00:00:00,D022,V016,C01042,General Service,Pending,5,4094
SV001500,2025-05-06 00:00:00,D005,V018,C03011,Repair,Cancelled,5,2241
SV001501,2025-12-31 00:00:00,D027,V004,C05570,Warranty,Completed,4,585
SV001502,2026-06-05 00:00:00,D060,V020,C00945,General Service,Pending,5,1530
SV001503,2025-02-07 00:00:00,D002,V007,C03983,Warranty,Completed,4,1394
SV001504,2025-06-11 00:00:00,D039,V006,C02356,Warranty,Cancelled,4,3009
SV001505,2025-11-17 00:00:00,D058,V007,C01995,Repair,Completed,1,3240
SV001506,2025-11-22 00:00:00,D037,V010,C03821,Oil Change,Completed,5,3160
SV001507,2025-05-03 00:00:00,D020,V008,C05046,General Service,Completed,4,1091
SV001508,2025-11-25 00:00:00,D029,V005,C04874,Repair,Completed,5,5069
SV001509,2025-09-03 00:00:00,D027,V018,C03799,General Service,Completed,5,977
SV001510,2025-05-17 00:00:00,D048,V012,C01083,General Service,Completed,3,3666
SV001511,2025-03-18 00:00:00,D015,V001,C01223,Periodic Maintenance,Completed,3,1470
SV001512,2026-01-29 00:00:00,D021,V003,C05348,General Service,Completed,4,1787
SV001513,2026-07-05 00:00:00,D002,V009,C02526,General Service,Completed,5,1106
SV001514,2025-03-26 00:00:00,D057,V015,C03159,Oil Change,Completed,3,4322
SV001515,2026-09-27 00:00:00,D040,V002,C00853,Repair,Completed,5,3553
SV001516,2025-12-16 00:00:00,D044,V002,C02924,Periodic Maintenance,Completed,4,1339
SV001517,2026-10-25 00:00:00,D051,V008,C03082,Periodic Maintenance,Completed,4,3786
SV001518,2026-01-13 00:00:00,D041,V015,C04842,Repair,Completed,5,5211
SV001519,2026-04-06 00:00:00,D002,V015,C02312,Repair,Completed,5,1729
SV001520,2026-02-14 00:00:00,D018,V002,C00316,Warranty,Completed,5,2512
SV001521,2026-03-25 00:00:00,D046,V014,C01841,Repair,Completed,4,2258
SV001522,2026-07-04 00:00:00,D005,V002,C00346,Warranty,Completed,5,7766
SV001523,2026-02-13 00:00:00,D022,V020,C03140,Periodic Maintenance,Completed,4,607
SV001524,2026-03-01 00:00:00,D020,V017,C00178,Oil Change,Completed,5,2180
SV001525,2026-01-18 00:00:00,D045,V008,C01435,General Service,Completed,4,1358
SV001526,2026-04-04 00:00:00,D023,V015,C03479,General Service,Completed,4,2897
SV001527,2026-08-02 00:00:00,D044,V008,C01442,Oil Change,Completed,3,3527
SV001528,2026-01-24 00:00:00,D039,V013,C00655,Periodic Maintenance,Completed,5,752
SV001529,2025-08-04 00:00:00,D044,V001,C00223,General Service,Completed,3,1385
SV001530,2025-09-30 00:00:00,D010,V018,C00609,Periodic Maintenance,Completed,4,2175
SV001531,2025-07-31 00:00:00,D048,V014,C03296,Repair,Completed,5,1263
SV001532,2025-08-01 00:00:00,D049,V009,C04083,General Service,Completed,5,2705
SV001533,2026-09-02 00:00:00,D040,V017,C04327,General Service,Completed,3,4182
SV001534,2026-05-07 00:00:00,D045,V006,C00805,General Service,Completed,5,1412
SV001535,2026-12-24 00:00:00,D008,V006,C01418,Oil Change,Completed,5,1261
SV001536,2025-11-23 00:00:00,D022,V003,C02641,Periodic Maintenance,Completed,5,1624
SV001537,2025-01-16 00:00:00,D023,V011,C04801,General Service,Completed,2,3382
SV001538,2026-05-16 00:00:00,D012,V009,C05246,General Service,Completed,3,2407
SV001539,2025-01-14 00:00:00,D058,V015,C01996,Oil Change,Completed,4,6937
SV001540,2026-08-07 00:00:00,D043,V014,C04387,General Service,Completed,5,2128
SV001541,2025-03-09 00:00:00,D018,V006,C03818,General Service,Pending,3,1434
SV001542,2025-09-08 00:00:00,D013,V013,C01558,Oil Change,Pending,4,1550
SV001543,2025-10-09 00:00:00,D015,V019,C05600,Repair,Completed,3,3147
SV001544,2025-01-10 00:00:00,D003,V011,C00212,Oil Change,Completed,4,5145
SV001545,2025-03-04 00:00:00,D007,V008,C00279,Oil Change,Completed,5,1398
SV001546,2025-07-22 00:00:00,D041,V008,C05303,Warranty,Completed,5,1325
SV001547,2026-05-06 00:00:00,D054,V018,C00558,Repair,Completed,5,4132
SV001548,2026-03-26 00:00:00,D050,V012,C00837,General Service,Completed,5,3679
SV001549,2025-05-26 00:00:00,D015,V010,C05917,Oil Change,Pending,5,3164
SV001550,2025-04-02 00:00:00,D024,V007,C01830,Periodic Maintenance,Pending,5,1414
SV001551,2026-04-02 00:00:00,D038,V020,C01135,Repair,Completed,3,5922
SV001552,2025-03-14 00:00:00,D015,V009,C00121,General Service,Completed,5,3667
SV001553,2025-06-15 00:00:00,D023,V008,C01035,General Service,Completed,5,2993
SV001554,2025-03-20 00:00:00,D039,V011,C04827,General Service,Completed,4,2159
SV001555,2026-01-24 00:00:00,D048,V006,C05565,Periodic Maintenance,Completed,4,3226
SV001556,2025-08-01 00:00:00,D028,V003,C05101,Repair,Completed,5,6930
SV001557,2025-11-05 00:00:00,D015,V020,C04772,General Service,Cancelled,4,3138
SV001558,2026-10-24 00:00:00,D047,V014,C02676,General Service,Completed,4,1099
SV001559,2025-08-11 00:00:00,D029,V014,C02377,General Service,Completed,1,4891
SV001560,2026-05-31 00:00:00,D054,V015,C03761,Periodic Maintenance,Completed,5,1950
SV001561,2026-01-27 00:00:00,D010,V001,C05541,Periodic Maintenance,Completed,4,2440
SV001562,2025-11-06 00:00:00,D050,V012,C01251,General Service,Completed,4,1772
SV001563,2025-11-21 00:00:00,D009,V011,C02520,Oil Change,Completed,1,2706
SV001564,2026-09-26 00:00:00,D033,V007,C04974,Periodic Maintenance,Completed,4,500
SV001565,2025-07-26 00:00:00,D024,V012,C05057,Periodic Maintenance,Completed,5,2200
SV001566,2026-10-22 00:00:00,D040,V009,C02048,General Service,Completed,5,1266
SV001567,2025-08-07 00:00:00,D023,V013,C04880,General Service,Completed,3,2910
SV001568,2025-10-28 00:00:00,D022,V013,C04287,Oil Change,Completed,5,5519
SV001569,2026-06-01 00:00:00,D010,V006,C03880,Periodic Maintenance,Completed,4,3649
SV001570,2026-09-07 00:00:00,D059,V015,C03667,General Service,Cancelled,5,10803
SV001571,2025-05-30 00:00:00,D025,V017,C05102,Periodic Maintenance,Completed,5,3117
SV001572,2026-11-25 00:00:00,D044,V002,C02061,Periodic Maintenance,Completed,5,3385
SV001573,2026-04-25 00:00:00,D005,V007,C01987,Oil Change,Completed,4,2534
SV001574,2025-05-04 00:00:00,D003,V001,C02520,General Service,Completed,4,2271
SV001575,2026-11-05 00:00:00,D045,V004,C05947,General Service,Pending,5,6220
SV001576,2026-03-16 00:00:00,D022,V010,C01868,Warranty,Completed,4,3315
SV001577,2026-10-05 00:00:00,D036,V005,C02164,Repair,Completed,5,5546
SV001578,2025-07-28 00:00:00,D059,V020,C03950,Oil Change,Completed,1,2648
SV001579,2026-02-10 00:00:00,D057,V010,C05563,Warranty,Completed,5,1683
SV001580,2026-01-17 00:00:00,D055,V012,C01811,Oil Change,Completed,4,780
SV001581,2026-02-22 00:00:00,D032,V002,C03112,Warranty,Completed,5,4743
SV001582,2025-12-02 00:00:00,D018,V003,C05499,Repair,Completed,4,4171
SV001583,2026-06-14 00:00:00,D027,V012,C02675,General Service,Completed,5,2924
SV001584,2026-02-14 00:00:00,D043,V002,C03952,Periodic Maintenance,Completed,5,3287
SV001585,2026-01-05 00:00:00,D040,V018,C01447,Periodic Maintenance,Completed,3,3546
SV001586,2026-04-08 00:00:00,D042,V001,C00640,General Service,Completed,5,3911
SV001587,2025-02-03 00:00:00,D024,V005,C03225,General Service,Completed,3,2733
SV001588,2025-10-25 00:00:00,D003,V019,C03330,General Service,Completed,5,2543
SV001589,2026-11-07 00:00:00,D012,V004,C02930,General Service,Completed,5,2416
SV001590,2026-05-30 00:00:00,D058,V011,C03037,Periodic Maintenance,Completed,1,2076
SV001591,2026-02-23 00:00:00,D034,V009,C04410,Warranty,Completed,5,6366
SV001592,2025-03-13 00:00:00,D043,V001,C03610,Periodic Maintenance,Completed,4,2393
SV001593,2026-06-25 00:00:00,D054,V002,C00104,General Service,Completed,5,4952
SV001594,2025-09-03 00:00:00,D020,V006,C02379,General Service,Completed,5,1070
SV001595,2026-05-25 00:00:00,D043,V001,C05076,General Service,Completed,4,2093
SV001596,2026-08-08 00:00:00,D020,V011,C00235,General Service,Completed,5,2906
SV001597,2026-09-16 00:00:00,D038,V018,C00170,General Service,Completed,3,2326
SV001598,2025-04-29 00:00:00,D060,V013,C03224,General Service,Completed,3,2514
SV001599,2026-04-10 00:00:00,D001,V013,C01794,General Service,Completed,5,2537
SV001600,2025-06-06 00:00:00,D029,V019,C01054,Repair,Completed,4,1899
SV001601,2025-07-04 00:00:00,D007,V002,C02353,Periodic Maintenance,Completed,5,1921
SV001602,2026-01-31 00:00:00,D035,V015,C02821,Periodic Maintenance,Completed,3,2009
SV001603,2025-08-24 00:00:00,D057,V006,C03846,General Service,Completed,4,4546
SV001604,2025-07-09 00:00:00,D007,V003,C04731,Periodic Maintenance,Completed,2,3157
SV001605,2026-10-20 00:00:00,D050,V015,C04677,Periodic Maintenance,Completed,5,2026
SV001606,2026-05-19 00:00:00,D012,V002,C03268,Repair,Completed,5,2470
SV001607,2025-03-10 00:00:00,D022,V019,C00994,Warranty,Completed,5,4535
SV001608,2025-09-27 00:00:00,D002,V006,C04687,General Service,Completed,5,5865
SV001609,2025-11-27 00:00:00,D032,V014,C02213,Repair,Completed,4,2582
SV001610,2025-10-16 00:00:00,D028,V001,C00896,Periodic Maintenance,Completed,3,2730
SV001611,2026-05-05 00:00:00,D018,V003,C01597,Oil Change,Completed,4,2667
SV001612,2025-04-16 00:00:00,D031,V015,C03698,Oil Change,Completed,3,525
SV001613,2026-05-20 00:00:00,D058,V006,C05388,General Service,Pending,4,3427
SV001614,2025-12-20 00:00:00,D050,V006,C01691,Periodic Maintenance,Pending,3,5498
SV001615,2025-09-14 00:00:00,D040,V020,C04433,Repair,Pending,5,1336
SV001616,2026-10-28 00:00:00,D031,V009,C05399,Periodic Maintenance,Pending,3,1615
SV001617,2026-03-01 00:00:00,D025,V015,C03507,General Service,Completed,3,2007
SV001618,2026-09-11 00:00:00,D020,V001,C02662,General Service,Completed,5,6540
SV001619,2025-06-20 00:00:00,D044,V002,C02290,Periodic Maintenance,Completed,4,4221
SV001620,2025-08-04 00:00:00,D038,V017,C01595,Oil Change,Completed,5,1870
SV001621,2025-11-21 00:00:00,D018,V007,C05590,Oil Change,Completed,4,4375
SV001622,2025-04-28 00:00:00,D007,V017,C00034,Periodic Maintenance,Completed,4,1756
SV001623,2025-04-19 00:00:00,D048,V006,C03710,Warranty,Cancelled,5,4406
SV001624,2026-12-26 00:00:00,D031,V015,C03956,Repair,Completed,3,6230
SV001625,2026-12-13 00:00:00,D060,V005,C02495,Warranty,Completed,4,4720
SV001626,2025-07-14 00:00:00,D032,V005,C03693,Oil Change,Completed,2,2063
SV001627,2026-02-27 00:00:00,D025,V007,C00560,Oil Change,Completed,5,786
SV001628,2026-09-13 00:00:00,D054,V019,C02760,General Service,Completed,4,2376
SV001629,2026-01-23 00:00:00,D009,V008,C01107,Warranty,Completed,5,1784
SV001630,2026-06-15 00:00:00,D047,V002,C01437,General Service,Completed,5,6377
SV001631,2026-10-06 00:00:00,D009,V008,C02139,Repair,Completed,1,2059
SV001632,2026-10-27 00:00:00,D029,V013,C03895,Warranty,Completed,3,1882
SV001633,2026-11-17 00:00:00,D029,V008,C03993,Repair,Completed,3,3838
SV001634,2026-02-09 00:00:00,D051,V011,C00789,Oil Change,Completed,4,1766
SV001635,2026-08-29 00:00:00,D045,V018,C03994,Periodic Maintenance,Completed,5,4649
SV001636,2025-06-11 00:00:00,D030,V017,C04153,Periodic Maintenance,Completed,5,2117
SV001637,2026-07-15 00:00:00,D047,V002,C05717,Periodic Maintenance,Completed,5,2819
SV001638,2025-09-02 00:00:00,D049,V020,C05146,Periodic Maintenance,Completed,1,3993
SV001639,2025-02-20 00:00:00,D025,V015,C01472,Oil Change,Completed,5,8456
SV001640,2026-11-21 00:00:00,D018,V009,C03990,General Service,Cancelled,5,2045
SV001641,2025-12-30 00:00:00,D060,V013,C05156,General Service,Completed,4,1343
SV001642,2026-08-31 00:00:00,D043,V002,C01997,Periodic Maintenance,Completed,5,868
SV001643,2025-11-23 00:00:00,D038,V017,C03485,Warranty,Completed,4,1848
SV001644,2025-07-14 00:00:00,D053,V009,C04894,Oil Change,Completed,4,3818
SV001645,2026-08-27 00:00:00,D015,V013,C04111,Oil Change,Completed,2,2391
SV001646,2025-07-20 00:00:00,D030,V016,C01604,General Service,Completed,5,2438
SV001647,2026-07-19 00:00:00,D003,V003,C03773,Repair,Completed,4,1093
SV001648,2025-06-28 00:00:00,D044,V011,C04749,Oil Change,Completed,3,1444
SV001649,2025-12-17 00:00:00,D023,V018,C02037,Oil Change,Completed,5,1808
SV001650,2025-05-11 00:00:00,D003,V015,C05368,Oil Change,Completed,4,1950
SV001651,2025-08-29 00:00:00,D038,V014,C02147,Warranty,Completed,5,4508
SV001652,2025-10-21 00:00:00,D027,V002,C03904,Periodic Maintenance,Completed,5,2521
SV001653,2025-10-11 00:00:00,D052,V012,C03429,General Service,Completed,5,1741
SV001654,2025-05-20 00:00:00,D015,V002,C00011,General Service,Completed,4,2193
SV001655,2025-04-22 00:00:00,D039,V013,C00864,Oil Change,Completed,4,3833
SV001656,2025-07-15 00:00:00,D050,V006,C03525,Repair,Completed,3,1585
SV001657,2025-04-05 00:00:00,D044,V006,C04205,Repair,Completed,4,2402
SV001658,2026-04-04 00:00:00,D060,V002,C03750,General Service,Completed,5,1035
SV001659,2025-01-03 00:00:00,D020,V012,C00115,Warranty,Completed,5,3041
SV001660,2025-05-15 00:00:00,D051,V011,C01414,General Service,Completed,4,1555
SV001661,2026-01-27 00:00:00,D029,V004,C01572,Warranty,Completed,4,2177
SV001662,2026-04-18 00:00:00,D038,V002,C04488,Warranty,Completed,5,6892
SV001663,2025-03-30 00:00:00,D001,V018,C01688,General Service,Completed,5,2099
SV001664,2026-03-30 00:00:00,D053,V012,C02508,General Service,Completed,3,2424
SV001665,2025-09-18 00:00:00,D045,V008,C05109,General Service,Completed,5,2730
SV001666,2025-03-22 00:00:00,D027,V003,C04266,Warranty,Completed,5,2755
SV001667,2025-09-05 00:00:00,D006,V019,C01244,Oil Change,Completed,4,2770
SV001668,2026-11-13 00:00:00,D043,V004,C03698,Warranty,Completed,5,1322
SV001669,2026-09-16 00:00:00,D028,V010,C04498,Periodic Maintenance,Cancelled,4,4910
SV001670,2025-10-19 00:00:00,D044,V007,C02139,Repair,Completed,4,2252
SV001671,2026-11-10 00:00:00,D027,V006,C01333,General Service,Completed,4,1508
SV001672,2025-10-18 00:00:00,D002,V015,C04442,Periodic Maintenance,Completed,4,1993
SV001673,2026-01-08 00:00:00,D031,V011,C00191,General Service,Completed,5,2053
SV001674,2026-12-08 00:00:00,D035,V008,C00770,Periodic Maintenance,Completed,5,2618
SV001675,2025-08-25 00:00:00,D007,V012,C00056,Warranty,Completed,3,1837
SV001676,2026-01-01 00:00:00,D037,V001,C04370,General Service,Completed,2,1790
SV001677,2025-11-08 00:00:00,D060,V003,C00635,Oil Change,Completed,5,2286
SV001678,2025-12-27 00:00:00,D019,V005,C04538,General Service,Completed,4,3731
SV001679,2025-12-12 00:00:00,D046,V019,C03124,Warranty,Completed,5,2414
SV001680,2025-01-11 00:00:00,D045,V007,C04517,Periodic Maintenance,Completed,4,1761
SV001681,2025-12-30 00:00:00,D047,V019,C03643,General Service,Cancelled,4,1141
SV001682,2026-01-30 00:00:00,D011,V019,C02485,Oil Change,Completed,5,2973
SV001683,2025-03-08 00:00:00,D016,V010,C00483,Oil Change,Completed,5,2981
SV001684,2025-03-17 00:00:00,D008,V003,C04979,Oil Change,Completed,4,2287
SV001685,2025-03-12 00:00:00,D055,V006,C05392,Periodic Maintenance,Completed,4,2576
SV001686,2026-12-23 00:00:00,D024,V014,C00830,Oil Change,Completed,5,1104
SV001687,2026-07-26 00:00:00,D029,V010,C02733,Periodic Maintenance,Completed,5,2902
SV001688,2026-06-23 00:00:00,D056,V016,C01154,Repair,Completed,5,4299
SV001689,2026-12-17 00:00:00,D023,V008,C00920,Oil Change,Completed,5,3585
SV001690,2025-01-24 00:00:00,D015,V011,C03816,General Service,Completed,2,8707
SV001691,2025-03-14 00:00:00,D004,V011,C01910,Repair,Completed,4,7625
SV001692,2025-08-12 00:00:00,D040,V007,C01752,Oil Change,Completed,3,3618
SV001693,2026-03-17 00:00:00,D004,V014,C03275,Repair,Completed,5,5155
SV001694,2026-11-06 00:00:00,D027,V008,C05650,Oil Change,Completed,5,854
SV001695,2026-06-21 00:00:00,D058,V019,C03480,Oil Change,Cancelled,5,4520
SV001696,2025-09-22 00:00:00,D015,V018,C01828,Warranty,Completed,5,3951
SV001697,2025-11-05 00:00:00,D032,V016,C04875,Periodic Maintenance,Completed,3,6427
SV001698,2025-08-12 00:00:00,D047,V020,C00237,Warranty,Cancelled,5,9889
SV001699,2026-05-02 00:00:00,D045,V007,C01603,Oil Change,Completed,5,2130
SV001700,2025-08-17 00:00:00,D002,V012,C04974,Periodic Maintenance,Completed,4,1556
SV001701,2026-07-23 00:00:00,D011,V013,C00123,General Service,Completed,5,2284
SV001702,2026-09-23 00:00:00,D032,V020,C03163,Repair,Completed,3,1435
SV001703,2025-04-26 00:00:00,D006,V018,C02022,General Service,Completed,3,2836
SV001704,2025-11-06 00:00:00,D024,V016,C04114,Repair,Completed,4,1412
SV001705,2026-01-27 00:00:00,D003,V012,C01375,General Service,Completed,3,1485
SV001706,2026-10-10 00:00:00,D058,V002,C04189,General Service,Completed,4,1903
SV001707,2026-04-29 00:00:00,D046,V009,C00435,Repair,Completed,5,2820
SV001708,2025-01-06 00:00:00,D011,V015,C00553,General Service,Completed,4,2733
SV001709,2026-03-02 00:00:00,D011,V012,C02787,Oil Change,Completed,5,1494
SV001710,2026-05-08 00:00:00,D056,V016,C03131,Periodic Maintenance,Completed,5,2361
SV001711,2026-03-28 00:00:00,D021,V016,C04739,Warranty,Pending,2,3302
SV001712,2026-11-03 00:00:00,D038,V004,C02982,General Service,Completed,1,2575
SV001713,2026-11-01 00:00:00,D050,V018,C00599,Warranty,Completed,5,1614
SV001714,2026-07-16 00:00:00,D019,V011,C05124,General Service,Completed,5,2020
SV001715,2025-12-28 00:00:00,D060,V019,C03536,Periodic Maintenance,Completed,5,1323
SV001716,2026-02-02 00:00:00,D002,V009,C04927,Repair,Pending,5,2481
SV001717,2025-07-12 00:00:00,D038,V006,C03985,Oil Change,Completed,5,3900
SV001718,2026-05-28 00:00:00,D022,V004,C04158,General Service,Completed,5,4822
SV001719,2025-09-06 00:00:00,D055,V003,C00016,Oil Change,Completed,4,1891
SV001720,2025-03-11 00:00:00,D022,V017,C04024,Oil Change,Completed,5,3574
SV001721,2025-08-30 00:00:00,D054,V019,C04402,Warranty,Completed,2,1276
SV001722,2025-11-06 00:00:00,D013,V004,C05978,Oil Change,Completed,4,2486
SV001723,2025-07-21 00:00:00,D041,V020,C03294,Oil Change,Cancelled,4,4100
SV001724,2026-08-09 00:00:00,D056,V011,C04438,Periodic Maintenance,Completed,3,3958
SV001725,2025-02-10 00:00:00,D042,V016,C03684,Periodic Maintenance,Completed,5,997
SV001726,2025-10-15 00:00:00,D053,V011,C03909,Repair,Completed,5,4308
SV001727,2026-09-24 00:00:00,D009,V010,C01290,General Service,Completed,5,1335
SV001728,2026-02-10 00:00:00,D042,V001,C05136,General Service,Completed,5,2755
SV001729,2025-02-28 00:00:00,D058,V016,C03798,Repair,Completed,4,3332
SV001730,2026-12-03 00:00:00,D054,V008,C02867,Repair,Completed,4,1324
SV001731,2025-10-24 00:00:00,D017,V008,C00786,Periodic Maintenance,Completed,5,1727
SV001732,2025-01-19 00:00:00,D042,V013,C04186,Periodic Maintenance,Completed,4,1902
SV001733,2026-08-12 00:00:00,D003,V020,C00384,Periodic Maintenance,Completed,4,2878
SV001734,2025-01-14 00:00:00,D002,V013,C01050,General Service,Completed,5,1074
SV001735,2026-05-13 00:00:00,D018,V005,C04375,Oil Change,Completed,4,1996
SV001736,2025-07-22 00:00:00,D021,V018,C03779,General Service,Completed,4,1878
SV001737,2025-10-24 00:00:00,D018,V004,C03524,Repair,Completed,4,2260
SV001738,2025-10-29 00:00:00,D021,V012,C04252,General Service,Completed,5,4053
SV001739,2025-06-21 00:00:00,D005,V006,C00551,Repair,Completed,2,2903
SV001740,2026-11-06 00:00:00,D056,V019,C00740,Periodic Maintenance,Completed,3,4142
SV001741,2026-11-11 00:00:00,D052,V001,C02451,Periodic Maintenance,Cancelled,5,1221
SV001742,2025-10-31 00:00:00,D028,V014,C00684,Periodic Maintenance,Pending,5,3523
SV001743,2025-10-25 00:00:00,D007,V007,C04705,General Service,Completed,5,2351
SV001744,2026-07-01 00:00:00,D024,V004,C03221,Oil Change,Completed,3,902
SV001745,2026-12-11 00:00:00,D018,V003,C01060,Repair,Completed,3,1467
SV001746,2025-04-10 00:00:00,D006,V008,C01519,Oil Change,Completed,4,4173
SV001747,2026-01-11 00:00:00,D020,V006,C05983,General Service,Completed,4,8422
SV001748,2026-06-06 00:00:00,D019,V019,C01873,Oil Change,Completed,4,2800
SV001749,2026-04-01 00:00:00,D009,V005,C03374,Warranty,Completed,5,2710
SV001750,2026-10-18 00:00:00,D043,V019,C03574,General Service,Completed,5,3208
SV001751,2025-09-23 00:00:00,D005,V008,C03859,General Service,Pending,3,1970
SV001752,2026-09-09 00:00:00,D055,V003,C04688,Repair,Completed,4,2712
SV001753,2025-04-11 00:00:00,D060,V001,C04738,Oil Change,Completed,4,2373
SV001754,2025-10-06 00:00:00,D049,V013,C00264,Repair,Completed,5,6859
SV001755,2025-06-27 00:00:00,D047,V006,C01837,Oil Change,Cancelled,5,4697
SV001756,2025-07-03 00:00:00,D033,V018,C01508,General Service,Completed,4,3560
SV001757,2025-11-25 00:00:00,D010,V018,C01621,Repair,Completed,5,1024
SV001758,2025-05-04 00:00:00,D056,V018,C02638,Periodic Maintenance,Completed,4,2840
SV001759,2025-04-08 00:00:00,D012,V020,C03644,Repair,Cancelled,3,2939
SV001760,2025-12-24 00:00:00,D010,V018,C00573,Warranty,Completed,1,2992
SV001761,2025-05-20 00:00:00,D035,V016,C04748,Oil Change,Completed,3,2053
SV001762,2025-06-05 00:00:00,D042,V017,C00760,Periodic Maintenance,Completed,5,1493
SV001763,2026-05-01 00:00:00,D041,V014,C00092,General Service,Completed,5,2924
SV001764,2025-06-07 00:00:00,D031,V005,C03968,Oil Change,Completed,5,3054
SV001765,2025-05-03 00:00:00,D030,V002,C05910,Warranty,Completed,2,1238
SV001766,2025-02-19 00:00:00,D012,V020,C01166,General Service,Completed,3,10780
SV001767,2025-04-30 00:00:00,D020,V008,C03358,Periodic Maintenance,Completed,5,2513
SV001768,2026-12-14 00:00:00,D051,V007,C05067,Periodic Maintenance,Completed,5,1108
SV001769,2025-05-11 00:00:00,D011,V005,C02452,Warranty,Completed,5,3947
SV001770,2025-05-19 00:00:00,D040,V017,C04614,General Service,Completed,5,1723
SV001771,2025-12-17 00:00:00,D036,V009,C01518,General Service,Completed,5,3423
SV001772,2026-06-17 00:00:00,D009,V011,C00625,Oil Change,Pending,4,6404
SV001773,2025-04-22 00:00:00,D014,V004,C00770,Oil Change,Completed,3,1499
SV001774,2026-09-26 00:00:00,D006,V009,C00874,General Service,Completed,5,2353
SV001775,2025-12-25 00:00:00,D010,V014,C04178,Repair,Completed,4,4455
SV001776,2025-06-05 00:00:00,D004,V017,C01277,Periodic Maintenance,Completed,5,4168
SV001777,2026-09-28 00:00:00,D020,V011,C04743,Warranty,Completed,3,2543
SV001778,2025-08-08 00:00:00,D003,V005,C04710,Periodic Maintenance,Completed,4,7568
SV001779,2025-12-22 00:00:00,D054,V012,C05144,General Service,Completed,4,1702
SV001780,2026-01-28 00:00:00,D034,V003,C02000,General Service,Completed,5,1611
SV001781,2026-05-28 00:00:00,D052,V008,C03663,Warranty,Cancelled,5,2752
SV001782,2025-07-02 00:00:00,D016,V015,C02116,Warranty,Completed,3,2146
SV001783,2026-08-22 00:00:00,D052,V020,C05820,General Service,Completed,5,2414
SV001784,2026-12-02 00:00:00,D035,V014,C02910,Periodic Maintenance,Completed,5,3162
SV001785,2026-04-28 00:00:00,D007,V012,C03670,Oil Change,Completed,2,3463
SV001786,2025-10-21 00:00:00,D006,V004,C05381,General Service,Completed,5,4233
SV001787,2026-04-02 00:00:00,D043,V001,C04361,Repair,Completed,2,1985
SV001788,2026-06-09 00:00:00,D031,V019,C01913,Periodic Maintenance,Completed,4,1601
SV001789,2026-03-17 00:00:00,D048,V001,C05816,Oil Change,Completed,3,2881
SV001790,2026-02-22 00:00:00,D055,V008,C02031,Repair,Completed,4,3078
SV001791,2025-01-01 00:00:00,D039,V007,C04248,Periodic Maintenance,Completed,4,2442
SV001792,2026-02-02 00:00:00,D027,V016,C05603,General Service,Completed,5,2158
SV001793,2026-01-20 00:00:00,D001,V002,C03896,Warranty,Completed,5,4496
SV001794,2025-12-13 00:00:00,D041,V007,C01962,Periodic Maintenance,Completed,5,5399
SV001795,2025-05-15 00:00:00,D054,V015,C00485,Oil Change,Completed,5,2367
SV001796,2025-05-16 00:00:00,D012,V018,C05733,Periodic Maintenance,Completed,5,2018
SV001797,2025-12-02 00:00:00,D050,V005,C00773,General Service,Completed,5,3686
SV001798,2025-12-09 00:00:00,D045,V017,C03037,Repair,Completed,5,1785
SV001799,2026-09-27 00:00:00,D031,V012,C04059,Warranty,Completed,4,802
SV001800,2026-11-14 00:00:00,D033,V014,C03220,Periodic Maintenance,Completed,3,1494
SV001801,2025-03-25 00:00:00,D004,V001,C03267,Periodic Maintenance,Completed,4,5296
SV001802,2025-04-07 00:00:00,D041,V007,C00832,General Service,Completed,5,2335
SV001803,2025-06-05 00:00:00,D019,V005,C01475,Warranty,Completed,4,4803
SV001804,2025-06-10 00:00:00,D041,V012,C03622,General Service,Completed,4,1057
SV001805,2025-01-26 00:00:00,D044,V020,C03881,Repair,Completed,5,2730
SV001806,2025-06-10 00:00:00,D026,V016,C02245,Periodic Maintenance,Completed,4,1418
SV001807,2026-06-09 00:00:00,D026,V020,C01862,General Service,Completed,5,1246
SV001808,2026-07-04 00:00:00,D026,V012,C05021,General Service,Completed,4,3585
SV001809,2026-08-30 00:00:00,D020,V013,C05370,Periodic Maintenance,Completed,3,6528
SV001810,2026-08-19 00:00:00,D018,V017,C00493,General Service,Completed,4,1049
SV001811,2025-07-26 00:00:00,D013,V016,C02579,General Service,Pending,5,1500
SV001812,2025-11-21 00:00:00,D038,V004,C02479,Periodic Maintenance,Completed,5,1987
SV001813,2026-01-16 00:00:00,D006,V014,C05563,General Service,Completed,3,2367
SV001814,2026-03-19 00:00:00,D057,V012,C04098,Repair,Completed,5,2050
SV001815,2025-10-09 00:00:00,D036,V006,C03425,General Service,Completed,5,500
SV001816,2026-05-18 00:00:00,D047,V019,C03536,Oil Change,Completed,5,1794
SV001817,2026-12-23 00:00:00,D016,V004,C00761,Warranty,Completed,4,2833
SV001818,2025-08-02 00:00:00,D014,V016,C02782,Periodic Maintenance,Completed,5,13150
SV001819,2026-09-15 00:00:00,D001,V008,C02535,Warranty,Completed,5,1031
SV001820,2025-01-31 00:00:00,D057,V015,C03580,General Service,Cancelled,5,2296
SV001821,2025-02-27 00:00:00,D016,V009,C05608,Warranty,Completed,4,5811
SV001822,2025-01-22 00:00:00,D039,V007,C00992,Warranty,Completed,4,3391
SV001823,2025-07-05 00:00:00,D025,V014,C01755,Periodic Maintenance,Completed,3,3056
SV001824,2025-02-16 00:00:00,D028,V008,C05612,Periodic Maintenance,Completed,4,3699
SV001825,2026-09-11 00:00:00,D032,V002,C02830,Periodic Maintenance,Completed,4,1823
SV001826,2026-12-18 00:00:00,D007,V010,C03384,Warranty,Completed,4,2518
SV001827,2026-03-25 00:00:00,D035,V012,C00311,Warranty,Completed,4,8069
SV001828,2025-05-22 00:00:00,D034,V013,C04625,Periodic Maintenance,Completed,4,2411
SV001829,2026-08-01 00:00:00,D024,V005,C03288,Oil Change,Completed,5,3685
SV001830,2025-02-27 00:00:00,D056,V016,C03170,Oil Change,Cancelled,3,5197
SV001831,2026-06-03 00:00:00,D056,V010,C00014,General Service,Completed,3,1964
SV001832,2026-07-19 00:00:00,D034,V009,C00635,General Service,Completed,3,2617
SV001833,2025-02-17 00:00:00,D046,V012,C00879,Repair,Completed,5,2597
SV001834,2026-07-18 00:00:00,D009,V019,C03870,General Service,Completed,5,2265
SV001835,2025-07-05 00:00:00,D047,V019,C04000,Periodic Maintenance,Cancelled,5,3123
SV001836,2025-04-05 00:00:00,D014,V018,C05096,General Service,Completed,4,2018
SV001837,2026-11-18 00:00:00,D029,V017,C03002,Oil Change,Completed,3,1153
SV001838,2025-01-15 00:00:00,D043,V015,C04853,General Service,Completed,5,2132
SV001839,2026-07-13 00:00:00,D055,V018,C01587,Periodic Maintenance,Completed,5,2030
SV001840,2025-07-13 00:00:00,D025,V012,C05096,Periodic Maintenance,Completed,5,3246
SV001841,2026-12-05 00:00:00,D013,V007,C01080,Oil Change,Pending,2,1441
SV001842,2025-06-26 00:00:00,D013,V006,C02697,Oil Change,Completed,4,8976
SV001843,2025-05-26 00:00:00,D047,V020,C02848,Periodic Maintenance,Completed,4,1271
SV001844,2025-12-13 00:00:00,D049,V020,C02523,General Service,Completed,5,4954
SV001845,2025-07-09 00:00:00,D003,V006,C00439,Periodic Maintenance,Completed,5,4392
SV001846,2025-09-22 00:00:00,D040,V006,C03799,General Service,Completed,5,1084
SV001847,2026-08-04 00:00:00,D048,V001,C01424,Repair,Completed,5,2670
SV001848,2026-09-27 00:00:00,D011,V009,C02887,Oil Change,Completed,5,1736
SV001849,2026-08-12 00:00:00,D008,V004,C05263,Oil Change,Completed,4,1526
SV001850,2026-11-06 00:00:00,D007,V005,C01355,General Service,Completed,4,3633
SV001851,2026-01-23 00:00:00,D049,V020,C02354,Repair,Completed,5,1859
SV001852,2026-02-08 00:00:00,D035,V001,C03271,Periodic Maintenance,Completed,5,2864
SV001853,2026-09-14 00:00:00,D037,V013,C03499,Oil Change,Completed,3,2566
SV001854,2026-01-13 00:00:00,D033,V020,C02241,Warranty,Completed,4,1343
SV001855,2026-08-27 00:00:00,D007,V014,C02727,Oil Change,Pending,3,3455
SV001856,2025-12-25 00:00:00,D038,V014,C05966,Repair,Completed,2,2263
SV001857,2025-07-03 00:00:00,D029,V013,C05307,General Service,Cancelled,1,5831
SV001858,2026-10-09 00:00:00,D051,V003,C02035,Periodic Maintenance,Completed,4,4220
SV001859,2025-10-21 00:00:00,D046,V020,C00456,Periodic Maintenance,Completed,4,3122
SV001860,2025-05-21 00:00:00,D041,V006,C05062,Periodic Maintenance,Completed,5,3134
SV001861,2026-07-05 00:00:00,D028,V003,C05067,Oil Change,Completed,1,3805
SV001862,2026-07-29 00:00:00,D044,V012,C01850,General Service,Completed,5,4154
SV001863,2026-08-23 00:00:00,D021,V013,C05306,Oil Change,Completed,5,6173
SV001864,2026-06-26 00:00:00,D002,V004,C04231,Repair,Completed,3,3969
SV001865,2025-06-11 00:00:00,D046,V005,C05595,Repair,Completed,5,5157
SV001866,2025-05-24 00:00:00,D027,V020,C03342,Repair,Completed,5,2174
SV001867,2026-08-08 00:00:00,D005,V016,C03385,General Service,Completed,1,1931
SV001868,2025-06-26 00:00:00,D030,V012,C00316,General Service,Completed,5,2837
SV001869,2025-09-03 00:00:00,D017,V005,C00681,Oil Change,Completed,3,1915
SV001870,2025-08-28 00:00:00,D021,V019,C04810,Repair,Completed,5,4470
SV001871,2025-02-12 00:00:00,D010,V004,C04707,General Service,Completed,5,842
SV001872,2026-06-21 00:00:00,D056,V018,C01999,Warranty,Completed,2,2082
SV001873,2026-04-05 00:00:00,D021,V011,C02716,Periodic Maintenance,Completed,5,2139
SV001874,2026-05-09 00:00:00,D002,V013,C05112,General Service,Completed,5,4234
SV001875,2025-02-23 00:00:00,D047,V016,C02776,Repair,Completed,4,848
SV001876,2025-01-10 00:00:00,D054,V003,C03758,General Service,Completed,4,3402
SV001877,2025-06-07 00:00:00,D054,V016,C03712,Oil Change,Completed,5,3067
SV001878,2025-07-16 00:00:00,D022,V020,C03801,General Service,Completed,5,4426
SV001879,2026-12-21 00:00:00,D020,V001,C05182,Warranty,Completed,4,1543
SV001880,2026-11-26 00:00:00,D026,V017,C04464,Repair,Completed,4,1796
SV001881,2026-07-29 00:00:00,D052,V003,C04378,Warranty,Completed,3,2338
SV001882,2025-06-19 00:00:00,D008,V018,C00263,Oil Change,Completed,5,1699
SV001883,2025-05-21 00:00:00,D046,V002,C01251,Repair,Completed,3,1631
SV001884,2026-08-29 00:00:00,D038,V007,C01453,General Service,Completed,5,842
SV001885,2026-11-02 00:00:00,D009,V004,C05866,General Service,Completed,4,8547
SV001886,2025-02-20 00:00:00,D019,V002,C02971,Oil Change,Completed,4,2347
SV001887,2025-09-27 00:00:00,D026,V007,C01934,Oil Change,Completed,5,2171
SV001888,2025-05-05 00:00:00,D028,V020,C05106,Periodic Maintenance,Completed,4,2379
SV001889,2025-05-06 00:00:00,D041,V006,C00282,Oil Change,Completed,5,10624
SV001890,2025-01-29 00:00:00,D021,V012,C03256,Warranty,Completed,5,1316
SV001891,2026-07-13 00:00:00,D002,V009,C03499,Repair,Completed,2,1655
SV001892,2025-10-08 00:00:00,D005,V013,C04708,Warranty,Completed,5,1361
SV001893,2025-04-09 00:00:00,D040,V012,C00640,Repair,Completed,4,1739
SV001894,2026-05-21 00:00:00,D023,V013,C05244,General Service,Completed,4,6141
SV001895,2026-02-23 00:00:00,D050,V004,C00045,Oil Change,Completed,4,7696
SV001896,2025-04-26 00:00:00,D048,V007,C05690,Periodic Maintenance,Completed,5,1662
SV001897,2026-04-21 00:00:00,D045,V019,C03338,General Service,Completed,4,2851
SV001898,2025-03-29 00:00:00,D055,V020,C00898,Oil Change,Completed,3,6271
SV001899,2025-02-25 00:00:00,D031,V009,C01203,Oil Change,Completed,5,4525
SV001900,2025-07-10 00:00:00,D023,V013,C03992,Oil Change,Completed,3,3323
SV001901,2025-07-12 00:00:00,D051,V015,C03282,Oil Change,Completed,3,2341
SV001902,2026-02-14 00:00:00,D011,V019,C01037,Periodic Maintenance,Completed,5,2326
SV001903,2025-02-16 00:00:00,D028,V019,C02085,Periodic Maintenance,Completed,4,3121
SV001904,2026-11-13 00:00:00,D010,V002,C00978,Periodic Maintenance,Completed,4,2664
SV001905,2025-08-17 00:00:00,D029,V007,C03617,General Service,Completed,5,1644
SV001906,2025-06-23 00:00:00,D012,V017,C04196,Repair,Completed,4,1921
SV001907,2026-03-19 00:00:00,D020,V020,C00217,Repair,Pending,4,8899
SV001908,2025-03-18 00:00:00,D057,V005,C03326,General Service,Completed,4,2561
SV001909,2025-08-21 00:00:00,D035,V019,C01096,General Service,Completed,4,3116
SV001910,2025-03-26 00:00:00,D013,V002,C03405,Repair,Completed,5,2644
SV001911,2025-07-13 00:00:00,D052,V002,C01978,Repair,Completed,4,3073
SV001912,2026-03-31 00:00:00,D049,V007,C02020,Repair,Completed,5,943
SV001913,2026-10-23 00:00:00,D015,V009,C02831,Periodic Maintenance,Completed,4,2812
SV001914,2025-02-03 00:00:00,D053,V003,C03402,Oil Change,Pending,3,1818
SV001915,2025-04-18 00:00:00,D030,V019,C05025,General Service,Completed,3,6725
SV001916,2025-08-16 00:00:00,D042,V004,C01649,Repair,Completed,4,3384
SV001917,2025-05-12 00:00:00,D056,V007,C04916,Periodic Maintenance,Pending,5,2898
SV001918,2025-12-27 00:00:00,D007,V013,C05981,General Service,Completed,4,2885
SV001919,2025-06-16 00:00:00,D053,V003,C04245,Oil Change,Completed,4,4145
SV001920,2025-12-10 00:00:00,D031,V013,C01043,General Service,Completed,5,1220
SV001921,2025-02-28 00:00:00,D040,V005,C05439,Oil Change,Completed,2,2630
SV001922,2025-09-25 00:00:00,D057,V003,C01634,General Service,Completed,5,3722
SV001923,2026-10-26 00:00:00,D056,V006,C05355,Repair,Completed,5,2086
SV001924,2025-05-29 00:00:00,D040,V017,C05997,Oil Change,Completed,4,2146
SV001925,2026-07-02 00:00:00,D049,V014,C05178,Warranty,Completed,4,2641
SV001926,2026-11-28 00:00:00,D043,V009,C03941,General Service,Completed,5,1257
SV001927,2025-04-11 00:00:00,D037,V003,C01168,Warranty,Completed,4,3871
SV001928,2025-07-02 00:00:00,D034,V009,C00695,Oil Change,Completed,3,1376
SV001929,2026-09-14 00:00:00,D039,V014,C02638,Oil Change,Completed,2,1997
SV001930,2025-04-21 00:00:00,D034,V004,C02001,General Service,Completed,5,2066
SV001931,2026-05-05 00:00:00,D054,V009,C01820,Warranty,Completed,3,2955
SV001932,2025-03-26 00:00:00,D018,V015,C04569,General Service,Completed,4,6259
SV001933,2026-10-07 00:00:00,D015,V001,C05459,Periodic Maintenance,Completed,4,3435
SV001934,2026-12-08 00:00:00,D014,V009,C05569,Oil Change,Completed,5,1627
SV001935,2025-06-30 00:00:00,D001,V010,C02997,Oil Change,Completed,4,1290
SV001936,2026-10-18 00:00:00,D048,V006,C05581,Oil Change,Completed,5,3168
SV001937,2025-01-20 00:00:00,D039,V019,C02248,Repair,Completed,5,1558
SV001938,2025-05-03 00:00:00,D011,V002,C04398,Repair,Completed,4,4228
SV001939,2025-05-30 00:00:00,D027,V008,C00009,Repair,Pending,4,3535
SV001940,2025-07-04 00:00:00,D024,V007,C02045,General Service,Completed,5,2841
SV001941,2025-01-19 00:00:00,D050,V007,C03888,General Service,Completed,5,1322
SV001942,2026-05-30 00:00:00,D059,V002,C03069,Repair,Completed,5,11861
SV001943,2025-02-11 00:00:00,D057,V009,C01017,Periodic Maintenance,Completed,5,1602
SV001944,2026-02-01 00:00:00,D010,V005,C02415,Oil Change,Completed,5,3812
SV001945,2025-10-11 00:00:00,D060,V012,C04574,Oil Change,Completed,5,1271
SV001946,2026-09-06 00:00:00,D049,V020,C02051,Oil Change,Pending,5,4607
SV001947,2026-05-03 00:00:00,D036,V005,C00183,Periodic Maintenance,Completed,4,2261
SV001948,2025-07-20 00:00:00,D007,V004,C00652,Repair,Completed,5,2572
SV001949,2026-11-29 00:00:00,D049,V001,C03134,Periodic Maintenance,Cancelled,5,2045
SV001950,2025-09-24 00:00:00,D041,V003,C03325,General Service,Completed,2,6444
SV001951,2025-06-07 00:00:00,D035,V019,C05011,Warranty,Pending,5,3883
SV001952,2025-10-12 00:00:00,D013,V011,C02540,Oil Change,Completed,2,1928
SV001953,2025-04-29 00:00:00,D020,V019,C01021,Periodic Maintenance,Completed,5,1850
SV001954,2026-07-03 00:00:00,D052,V017,C04871,General Service,Completed,5,3814
SV001955,2026-05-03 00:00:00,D037,V001,C01568,General Service,Cancelled,5,9144
SV001956,2026-10-25 00:00:00,D034,V001,C02287,Warranty,Cancelled,5,2294
SV001957,2026-07-19 00:00:00,D018,V013,C00785,General Service,Completed,3,3491
SV001958,2025-10-06 00:00:00,D007,V013,C01423,Oil Change,Completed,4,4662
SV001959,2026-08-13 00:00:00,D056,V012,C00555,General Service,Completed,4,2454
SV001960,2025-10-02 00:00:00,D003,V014,C05702,Repair,Completed,4,2550
SV001961,2026-03-08 00:00:00,D005,V003,C00093,Repair,Completed,5,1744
SV001962,2025-08-08 00:00:00,D020,V012,C02773,Repair,Cancelled,4,2930
SV001963,2026-08-26 00:00:00,D011,V009,C03559,Warranty,Cancelled,3,1818
SV001964,2026-11-07 00:00:00,D026,V004,C03062,General Service,Pending,5,1650
SV001965,2025-04-15 00:00:00,D044,V002,C03387,General Service,Completed,3,1354
SV001966,2025-02-13 00:00:00,D056,V002,C04787,General Service,Pending,4,2579
SV001967,2025-12-06 00:00:00,D019,V018,C04347,Oil Change,Completed,5,1613
SV001968,2026-10-25 00:00:00,D060,V012,C03377,Oil Change,Completed,5,2977
SV001969,2026-02-02 00:00:00,D059,V005,C02094,General Service,Completed,4,4248
SV001970,2026-01-25 00:00:00,D018,V012,C03694,Periodic Maintenance,Completed,2,1545
SV001971,2026-12-31 00:00:00,D053,V011,C04645,Periodic Maintenance,Completed,5,3481
SV001972,2025-06-27 00:00:00,D004,V017,C05409,General Service,Completed,4,2951
SV001973,2026-03-17 00:00:00,D025,V002,C03568,Periodic Maintenance,Completed,4,4386
SV001974,2025-12-06 00:00:00,D043,V003,C00569,Repair,Completed,3,2840
SV001975,2025-12-13 00:00:00,D048,V015,C03276,Periodic Maintenance,Completed,4,2307
SV001976,2025-11-29 00:00:00,D007,V016,C03021,General Service,Completed,5,4714
SV001977,2025-02-16 00:00:00,D001,V009,C04391,Oil Change,Completed,1,3213
SV001978,2026-06-09 00:00:00,D025,V008,C05359,General Service,Completed,5,3777
SV001979,2026-08-03 00:00:00,D016,V006,C04052,Periodic Maintenance,Completed,5,3044
SV001980,2025-08-27 00:00:00,D015,V008,C01018,Oil Change,Completed,5,1269
SV001981,2026-02-25 00:00:00,D035,V009,C00312,Oil Change,Completed,4,987
SV001982,2025-10-19 00:00:00,D049,V006,C03410,Repair,Cancelled,5,1493
SV001983,2026-10-29 00:00:00,D001,V004,C03982,General Service,Completed,5,1855
SV001984,2026-05-29 00:00:00,D018,V017,C01809,General Service,Completed,3,9397
SV001985,2026-04-18 00:00:00,D008,V015,C02069,Oil Change,Completed,5,1288
SV001986,2026-03-12 00:00:00,D018,V018,C04541,Oil Change,Completed,5,3687
SV001987,2026-04-19 00:00:00,D018,V016,C00538,Periodic Maintenance,Completed,4,1305
SV001988,2026-06-08 00:00:00,D028,V017,C02340,General Service,Completed,2,3092
SV001989,2025-01-17 00:00:00,D026,V003,C05555,General Service,Pending,3,2098
SV001990,2025-12-12 00:00:00,D036,V020,C05430,Warranty,Completed,5,1100
SV001991,2026-09-29 00:00:00,D059,V004,C00700,Warranty,Completed,4,2617
SV001992,2025-08-19 00:00:00,D052,V009,C02364,General Service,Completed,5,3094
SV001993,2025-07-29 00:00:00,D026,V018,C02266,General Service,Completed,3,6040
SV001994,2026-04-21 00:00:00,D046,V002,C00092,Repair,Completed,5,3660
SV001995,2025-05-27 00:00:00,D006,V012,C00034,Repair,Completed,5,2759
SV001996,2026-11-28 00:00:00,D036,V017,C01177,Periodic Maintenance,Completed,4,792
SV001997,2025-10-01 00:00:00,D041,V020,C04465,Oil Change,Completed,5,3402
SV001998,2025-05-01 00:00:00,D010,V002,C00712,General Service,Completed,4,1261
SV001999,2026-03-17 00:00:00,D055,V006,C00581,General Service,Completed,4,1975
SV002000,2026-03-27 00:00:00,D003,V004,C04252,Oil Change,Completed,5,1524
SV002001,2026-08-09 00:00:00,D048,V006,C04258,Oil Change,Completed,4,2455
SV002002,2025-01-17 00:00:00,D017,V016,C02714,Periodic Maintenance,Completed,4,2116
SV002003,2026-01-26 00:00:00,D056,V008,C05788,General Service,Pending,3,2314
SV002004,2026-11-12 00:00:00,D023,V001,C05348,Periodic Maintenance,Completed,5,2889
SV002005,2026-01-19 00:00:00,D058,V006,C05113,Periodic Maintenance,Completed,3,3308
SV002006,2025-02-03 00:00:00,D028,V008,C04827,Repair,Completed,5,3295
SV002007,2025-01-21 00:00:00,D001,V018,C05457,General Service,Pending,5,2916
SV002008,2025-11-05 00:00:00,D043,V016,C04603,General Service,Cancelled,1,2050
SV002009,2026-03-02 00:00:00,D024,V011,C02900,General Service,Cancelled,4,1944
SV002010,2026-02-02 00:00:00,D034,V004,C03444,General Service,Completed,4,3331
SV002011,2025-04-24 00:00:00,D043,V004,C04110,Warranty,Completed,5,2308
SV002012,2025-06-18 00:00:00,D044,V010,C01365,Oil Change,Completed,3,2888
SV002013,2025-10-09 00:00:00,D054,V018,C03839,Periodic Maintenance,Completed,5,4755
SV002014,2026-04-28 00:00:00,D021,V017,C03351,Oil Change,Completed,4,1332
SV002015,2025-03-25 00:00:00,D033,V001,C03813,Periodic Maintenance,Pending,5,2368
SV002016,2025-12-07 00:00:00,D043,V020,C05799,Warranty,Completed,5,3085
SV002017,2025-08-16 00:00:00,D049,V012,C01096,General Service,Completed,4,2039
SV002018,2026-11-09 00:00:00,D009,V012,C05843,General Service,Completed,5,3118
SV002019,2026-10-03 00:00:00,D027,V013,C04061,General Service,Completed,4,3168
SV002020,2026-05-26 00:00:00,D015,V016,C00709,Repair,Completed,4,946
SV002021,2026-10-08 00:00:00,D016,V003,C01393,Oil Change,Completed,4,2467
SV002022,2026-09-21 00:00:00,D030,V012,C02912,Periodic Maintenance,Completed,4,4871
SV002023,2026-09-26 00:00:00,D033,V015,C05460,General Service,Pending,4,2954
SV002024,2025-11-12 00:00:00,D014,V006,C01299,Periodic Maintenance,Completed,1,4273
SV002025,2026-11-22 00:00:00,D039,V004,C01880,Warranty,Completed,4,2804
SV002026,2025-08-09 00:00:00,D022,V003,C00665,Periodic Maintenance,Completed,5,1232
SV002027,2025-09-28 00:00:00,D038,V016,C00268,General Service,Completed,4,3443
SV002028,2026-12-16 00:00:00,D028,V007,C01595,Periodic Maintenance,Pending,4,3212
SV002029,2025-03-20 00:00:00,D060,V001,C00203,General Service,Completed,4,2041
SV002030,2026-06-28 00:00:00,D018,V006,C05453,General Service,Completed,5,2576
SV002031,2026-09-26 00:00:00,D053,V003,C00653,Repair,Completed,4,1572
SV002032,2025-08-17 00:00:00,D053,V004,C02389,Oil Change,Completed,5,1918
SV002033,2025-03-19 00:00:00,D021,V012,C05111,Periodic Maintenance,Completed,3,1749
SV002034,2026-06-02 00:00:00,D044,V008,C02974,Periodic Maintenance,Completed,4,2307
SV002035,2026-10-18 00:00:00,D032,V008,C01344,General Service,Cancelled,5,3832
SV002036,2025-06-10 00:00:00,D038,V013,C00563,Warranty,Completed,5,2804
SV002037,2025-11-08 00:00:00,D010,V006,C01648,Repair,Completed,5,1418
SV002038,2026-03-05 00:00:00,D045,V008,C03485,Periodic Maintenance,Completed,4,1949
SV002039,2025-03-26 00:00:00,D002,V004,C04711,General Service,Completed,5,4462
SV002040,2026-02-10 00:00:00,D006,V015,C00541,Periodic Maintenance,Completed,5,1351
SV002041,2025-01-12 00:00:00,D029,V017,C01770,General Service,Cancelled,5,2800
SV002042,2026-03-16 00:00:00,D017,V006,C02717,Periodic Maintenance,Completed,5,1755
SV002043,2026-05-06 00:00:00,D013,V007,C00299,Periodic Maintenance,Completed,4,4261
SV002044,2025-08-04 00:00:00,D023,V001,C01327,General Service,Pending,3,4884
SV002045,2026-09-06 00:00:00,D014,V014,C03020,General Service,Completed,5,2232
SV002046,2026-05-05 00:00:00,D011,V020,C00795,General Service,Completed,5,1447
SV002047,2026-05-09 00:00:00,D027,V020,C00561,Periodic Maintenance,Completed,4,1620
SV002048,2026-05-15 00:00:00,D023,V016,C04221,Oil Change,Completed,5,4158
SV002049,2026-01-30 00:00:00,D032,V001,C04339,Warranty,Completed,5,1560
SV002050,2025-04-08 00:00:00,D011,V008,C02423,Warranty,Completed,4,1723
SV002051,2025-06-21 00:00:00,D059,V014,C05792,Warranty,Cancelled,5,3494
SV002052,2025-05-14 00:00:00,D040,V010,C02592,General Service,Completed,5,5861
SV002053,2026-06-02 00:00:00,D029,V004,C03891,General Service,Pending,5,4034
SV002054,2026-12-21 00:00:00,D041,V017,C03518,General Service,Completed,4,4280
SV002055,2025-04-08 00:00:00,D030,V013,C03826,Warranty,Cancelled,2,3168
SV002056,2025-09-25 00:00:00,D040,V009,C03527,Repair,Completed,4,1626
SV002057,2025-08-01 00:00:00,D002,V012,C05154,Repair,Completed,5,2243
SV002058,2025-09-12 00:00:00,D024,V020,C01902,General Service,Completed,4,3993
SV002059,2026-08-06 00:00:00,D039,V013,C00977,Warranty,Completed,5,3705
SV002060,2026-11-19 00:00:00,D019,V017,C04947,Oil Change,Completed,3,5405
SV002061,2025-10-06 00:00:00,D035,V015,C01423,Repair,Completed,4,2434
SV002062,2026-05-06 00:00:00,D038,V015,C01206,Warranty,Completed,5,1262
SV002063,2025-09-27 00:00:00,D013,V015,C04257,Repair,Completed,5,1710
SV002064,2025-03-01 00:00:00,D016,V005,C01473,General Service,Completed,5,2395
SV002065,2025-02-25 00:00:00,D052,V015,C04130,Repair,Cancelled,2,1944
SV002066,2025-11-17 00:00:00,D042,V010,C01859,Oil Change,Completed,4,4331
SV002067,2026-10-22 00:00:00,D006,V015,C00774,General Service,Completed,4,739
SV002068,2026-09-10 00:00:00,D057,V006,C01141,General Service,Completed,4,1182
SV002069,2026-11-27 00:00:00,D053,V012,C04087,Warranty,Completed,5,3282
SV002070,2026-10-03 00:00:00,D001,V004,C00533,Oil Change,Completed,4,1783
SV002071,2025-04-22 00:00:00,D017,V017,C05659,General Service,Completed,5,1007
SV002072,2025-11-05 00:00:00,D032,V015,C00968,General Service,Completed,5,4577
SV002073,2026-07-08 00:00:00,D046,V015,C03082,Oil Change,Completed,3,1751
SV002074,2025-11-27 00:00:00,D049,V006,C00957,Oil Change,Completed,5,1915
SV002075,2026-07-29 00:00:00,D035,V006,C04590,Oil Change,Completed,5,1907
SV002076,2026-04-14 00:00:00,D036,V006,C00111,General Service,Completed,4,6967
SV002077,2025-06-24 00:00:00,D033,V006,C01938,Periodic Maintenance,Completed,5,1273
SV002078,2026-01-15 00:00:00,D042,V017,C03854,Periodic Maintenance,Completed,1,1716
SV002079,2026-07-23 00:00:00,D041,V011,C04657,General Service,Completed,5,8216
SV002080,2025-07-23 00:00:00,D026,V003,C02472,Repair,Completed,5,3249
SV002081,2025-10-13 00:00:00,D027,V007,C00317,Repair,Pending,5,3722
SV002082,2025-07-23 00:00:00,D014,V016,C02887,General Service,Completed,5,2486
SV002083,2026-08-05 00:00:00,D045,V004,C04436,Warranty,Completed,5,3243
SV002084,2026-10-27 00:00:00,D008,V016,C05398,Periodic Maintenance,Completed,2,3575
SV002085,2026-02-18 00:00:00,D053,V016,C00603,Repair,Cancelled,3,1364
SV002086,2026-12-20 00:00:00,D053,V018,C02797,Periodic Maintenance,Completed,5,3342
SV002087,2025-11-28 00:00:00,D008,V013,C02417,Repair,Completed,3,3688
SV002088,2026-07-30 00:00:00,D032,V005,C04905,Repair,Completed,4,6905
SV002089,2026-08-10 00:00:00,D056,V009,C02679,Repair,Completed,2,2233
SV002090,2026-08-19 00:00:00,D024,V011,C00412,Oil Change,Completed,3,3351
SV002091,2025-03-10 00:00:00,D021,V004,C01760,Repair,Completed,3,3403
SV002092,2025-01-06 00:00:00,D037,V007,C04741,Periodic Maintenance,Completed,5,2040
SV002093,2026-10-23 00:00:00,D016,V010,C01210,Periodic Maintenance,Pending,4,4924
SV002094,2026-03-31 00:00:00,D060,V013,C05324,Oil Change,Completed,5,1654
SV002095,2025-12-02 00:00:00,D019,V001,C02939,General Service,Cancelled,4,1030
SV002096,2025-05-10 00:00:00,D021,V012,C00670,Oil Change,Completed,5,1626
SV002097,2026-03-31 00:00:00,D040,V007,C04098,Warranty,Completed,4,8679
SV002098,2025-03-02 00:00:00,D045,V001,C01351,General Service,Completed,4,1439
SV002099,2026-11-07 00:00:00,D036,V013,C00479,Oil Change,Completed,5,2233
SV002100,2026-11-23 00:00:00,D052,V010,C05445,Periodic Maintenance,Completed,4,1773
SV002101,2025-07-03 00:00:00,D047,V017,C05785,Oil Change,Completed,4,5942
SV002102,2025-02-18 00:00:00,D029,V011,C01646,Oil Change,Completed,4,1057
SV002103,2026-10-30 00:00:00,D028,V019,C00593,Oil Change,Completed,5,2016
SV002104,2026-06-08 00:00:00,D060,V018,C04958,Warranty,Completed,2,8619
SV002105,2026-06-28 00:00:00,D044,V008,C03895,General Service,Completed,4,2672
SV002106,2025-05-13 00:00:00,D021,V012,C00427,General Service,Completed,4,1594
SV002107,2025-01-18 00:00:00,D058,V020,C03869,Periodic Maintenance,Cancelled,5,1872
SV002108,2026-12-11 00:00:00,D025,V013,C04630,General Service,Pending,4,1054
SV002109,2026-06-20 00:00:00,D036,V009,C03247,Warranty,Cancelled,5,3100
SV002110,2025-11-17 00:00:00,D049,V015,C00480,Oil Change,Pending,5,924
SV002111,2025-12-19 00:00:00,D041,V015,C01655,Warranty,Completed,5,2459
SV002112,2026-02-16 00:00:00,D052,V017,C01532,Warranty,Completed,4,1678
SV002113,2026-07-26 00:00:00,D015,V011,C01514,Repair,Completed,5,2410
SV002114,2026-02-24 00:00:00,D007,V018,C04044,General Service,Completed,5,2159
SV002115,2025-06-20 00:00:00,D009,V006,C02977,General Service,Cancelled,4,1142
SV002116,2025-04-26 00:00:00,D029,V010,C01235,Oil Change,Pending,4,2003
SV002117,2025-08-28 00:00:00,D045,V018,C02594,General Service,Completed,5,4423
SV002118,2026-06-22 00:00:00,D009,V013,C04785,Periodic Maintenance,Completed,5,2615
SV002119,2025-06-04 00:00:00,D028,V001,C02588,General Service,Completed,5,2748
SV002120,2026-08-19 00:00:00,D037,V006,C04806,Periodic Maintenance,Completed,4,7302
SV002121,2025-11-16 00:00:00,D031,V008,C03567,General Service,Completed,5,1441
SV002122,2025-05-29 00:00:00,D012,V001,C01813,Warranty,Completed,4,1658
SV002123,2025-07-25 00:00:00,D058,V005,C05936,Oil Change,Completed,4,2168
SV002124,2026-08-09 00:00:00,D041,V010,C02593,General Service,Completed,4,3753
SV002125,2026-07-05 00:00:00,D027,V014,C00454,Warranty,Completed,4,2054
SV002126,2025-02-28 00:00:00,D015,V005,C01047,Repair,Completed,5,3915
SV002127,2026-10-19 00:00:00,D011,V016,C01694,Warranty,Completed,2,3565
SV002128,2026-12-31 00:00:00,D016,V009,C03348,Repair,Completed,5,2140
SV002129,2026-03-21 00:00:00,D037,V011,C00839,General Service,Completed,4,1808
SV002130,2025-02-28 00:00:00,D003,V016,C03454,Periodic Maintenance,Completed,5,6443
SV002131,2025-04-07 00:00:00,D059,V013,C05069,Repair,Completed,5,1838
SV002132,2025-09-17 00:00:00,D024,V011,C02497,Warranty,Completed,5,2904
SV002133,2025-08-26 00:00:00,D001,V018,C02878,General Service,Completed,5,3364
SV002134,2025-12-28 00:00:00,D045,V013,C03316,Repair,Completed,5,1701
SV002135,2026-06-12 00:00:00,D007,V001,C02861,Warranty,Completed,2,13056
SV002136,2025-03-28 00:00:00,D041,V002,C04855,Oil Change,Completed,5,2497
SV002137,2026-02-14 00:00:00,D033,V018,C05122,Oil Change,Completed,5,2316
SV002138,2025-02-19 00:00:00,D034,V018,C03282,Warranty,Completed,5,2164
SV002139,2026-06-11 00:00:00,D005,V006,C03807,Periodic Maintenance,Pending,3,3880
SV002140,2026-01-31 00:00:00,D039,V019,C01596,Repair,Completed,4,2372
SV002141,2025-11-13 00:00:00,D020,V012,C05496,Repair,Completed,5,1200
SV002142,2025-06-20 00:00:00,D028,V007,C00466,Oil Change,Completed,4,3283
SV002143,2026-01-18 00:00:00,D056,V007,C01784,General Service,Completed,5,1435
SV002144,2025-09-24 00:00:00,D036,V007,C03825,Periodic Maintenance,Completed,5,5756
SV002145,2026-10-14 00:00:00,D010,V008,C00245,General Service,Completed,3,6429
SV002146,2025-09-03 00:00:00,D028,V004,C02263,Warranty,Completed,3,1807
SV002147,2025-07-03 00:00:00,D031,V014,C05450,Repair,Completed,4,3851
SV002148,2025-05-28 00:00:00,D040,V019,C00272,Warranty,Cancelled,2,2426
SV002149,2026-10-13 00:00:00,D021,V006,C04439,Periodic Maintenance,Completed,5,2272
SV002150,2026-01-12 00:00:00,D046,V002,C00513,Periodic Maintenance,Completed,5,5315
SV002151,2025-07-21 00:00:00,D024,V007,C05210,Oil Change,Completed,5,3507
SV002152,2025-08-05 00:00:00,D005,V004,C01023,Oil Change,Completed,2,2816
SV002153,2026-01-17 00:00:00,D004,V001,C05682,Oil Change,Completed,2,3426
SV002154,2025-11-08 00:00:00,D031,V004,C04593,Oil Change,Pending,3,2249
SV002155,2025-09-12 00:00:00,D053,V004,C00313,Warranty,Completed,5,1943
SV002156,2026-12-01 00:00:00,D025,V016,C04516,Periodic Maintenance,Completed,5,2965
SV002157,2025-01-30 00:00:00,D031,V016,C01265,Oil Change,Completed,4,1818
SV002158,2026-10-27 00:00:00,D047,V015,C04944,Oil Change,Cancelled,4,4115
SV002159,2026-05-16 00:00:00,D012,V004,C01799,Periodic Maintenance,Completed,5,2517
SV002160,2026-01-17 00:00:00,D024,V004,C04877,Periodic Maintenance,Completed,4,1826
SV002161,2026-08-11 00:00:00,D034,V016,C04629,General Service,Completed,5,3617
SV002162,2025-11-10 00:00:00,D027,V007,C03468,Oil Change,Completed,4,2670
SV002163,2026-01-13 00:00:00,D023,V007,C03547,Periodic Maintenance,Completed,5,2247
SV002164,2026-06-28 00:00:00,D022,V019,C04914,General Service,Completed,5,832
SV002165,2025-02-16 00:00:00,D022,V006,C02448,Periodic Maintenance,Completed,5,2416
SV002166,2026-01-18 00:00:00,D009,V003,C04743,Periodic Maintenance,Completed,5,2580
SV002167,2026-05-23 00:00:00,D030,V017,C05907,General Service,Completed,5,3927
SV002168,2025-05-03 00:00:00,D041,V007,C02681,General Service,Pending,3,1099
SV002169,2026-09-16 00:00:00,D017,V005,C01197,General Service,Completed,4,12421
SV002170,2026-08-22 00:00:00,D048,V004,C01890,Periodic Maintenance,Completed,3,1271
SV002171,2026-04-05 00:00:00,D050,V008,C02195,General Service,Completed,4,1045
SV002172,2026-08-29 00:00:00,D051,V016,C05363,General Service,Completed,4,2977
SV002173,2026-10-29 00:00:00,D024,V014,C05826,Periodic Maintenance,Cancelled,5,1061
SV002174,2026-12-07 00:00:00,D002,V019,C03648,Oil Change,Completed,5,4464
SV002175,2026-01-14 00:00:00,D001,V010,C00225,Oil Change,Completed,3,2929
SV002176,2025-10-09 00:00:00,D021,V007,C02900,Oil Change,Completed,3,3230
SV002177,2026-11-08 00:00:00,D031,V007,C03646,Periodic Maintenance,Completed,4,1159
SV002178,2026-11-26 00:00:00,D056,V002,C03754,Periodic Maintenance,Completed,5,2026
SV002179,2026-11-21 00:00:00,D044,V019,C02216,Periodic Maintenance,Completed,3,5499
SV002180,2025-04-27 00:00:00,D057,V003,C00056,General Service,Completed,4,1386
SV002181,2026-05-26 00:00:00,D057,V011,C05242,Repair,Completed,4,5434
SV002182,2026-11-06 00:00:00,D002,V019,C03101,Oil Change,Completed,1,2799
SV002183,2026-03-20 00:00:00,D014,V007,C02802,Periodic Maintenance,Completed,4,4708
SV002184,2026-12-17 00:00:00,D019,V013,C04442,Periodic Maintenance,Completed,4,1903
SV002185,2025-07-26 00:00:00,D003,V004,C04866,Repair,Completed,5,734
SV002186,2025-02-18 00:00:00,D002,V017,C05786,Periodic Maintenance,Completed,5,2064
SV002187,2025-12-24 00:00:00,D002,V014,C00960,General Service,Completed,5,2869
SV002188,2025-03-16 00:00:00,D011,V017,C02682,Repair,Completed,5,1613
SV002189,2026-06-11 00:00:00,D060,V001,C03185,Periodic Maintenance,Cancelled,4,1384
SV002190,2026-02-26 00:00:00,D026,V007,C02022,Oil Change,Completed,5,5700
SV002191,2026-06-04 00:00:00,D034,V012,C05650,Periodic Maintenance,Completed,4,2005
SV002192,2026-04-16 00:00:00,D017,V013,C00287,Repair,Completed,2,1589
SV002193,2026-04-06 00:00:00,D044,V014,C00474,Repair,Completed,5,2122
SV002194,2025-07-26 00:00:00,D057,V006,C03423,Repair,Completed,3,1495
SV002195,2026-12-21 00:00:00,D059,V007,C05260,Periodic Maintenance,Completed,4,1537
SV002196,2026-10-19 00:00:00,D012,V011,C05121,Warranty,Completed,4,4783
SV002197,2026-06-16 00:00:00,D049,V002,C05443,Oil Change,Completed,5,2940
SV002198,2025-08-23 00:00:00,D053,V014,C00139,General Service,Pending,3,1269
SV002199,2025-04-06 00:00:00,D001,V017,C00221,Periodic Maintenance,Cancelled,5,4083
SV002200,2025-06-19 00:00:00,D040,V017,C02564,Warranty,Completed,5,2792
SV002201,2026-11-08 00:00:00,D028,V008,C01256,Periodic Maintenance,Completed,5,5582
SV002202,2025-05-18 00:00:00,D007,V011,C02372,General Service,Pending,1,3432
SV002203,2026-12-07 00:00:00,D007,V006,C02072,Periodic Maintenance,Completed,5,3341
SV002204,2025-06-20 00:00:00,D042,V007,C01971,Periodic Maintenance,Completed,4,1383
SV002205,2025-12-11 00:00:00,D037,V017,C01535,Periodic Maintenance,Completed,4,5937
SV002206,2026-06-05 00:00:00,D052,V004,C04906,General Service,Completed,4,2394
SV002207,2026-12-02 00:00:00,D014,V016,C00983,Repair,Cancelled,3,8837
SV002208,2026-01-04 00:00:00,D039,V019,C00393,Oil Change,Completed,5,3507
SV002209,2026-01-10 00:00:00,D032,V004,C01480,General Service,Cancelled,5,1784
SV002210,2026-08-29 00:00:00,D051,V001,C03578,Periodic Maintenance,Completed,5,1897
SV002211,2025-08-27 00:00:00,D043,V017,C02011,Periodic Maintenance,Completed,3,3112
SV002212,2026-10-08 00:00:00,D014,V020,C04970,Oil Change,Completed,5,4437
SV002213,2026-08-06 00:00:00,D029,V020,C05438,Periodic Maintenance,Completed,4,2423
SV002214,2026-10-29 00:00:00,D026,V018,C00364,Repair,Completed,4,1768
SV002215,2026-05-09 00:00:00,D035,V014,C01929,Periodic Maintenance,Completed,5,2554
SV002216,2025-09-05 00:00:00,D006,V020,C02272,Repair,Completed,4,3334
SV002217,2025-01-05 00:00:00,D012,V016,C01202,Periodic Maintenance,Completed,4,1295
SV002218,2025-11-02 00:00:00,D033,V005,C05097,General Service,Completed,4,2078
SV002219,2026-12-21 00:00:00,D051,V002,C01559,Warranty,Completed,3,4277
SV002220,2026-11-15 00:00:00,D006,V011,C00443,General Service,Cancelled,4,2409
SV002221,2026-12-30 00:00:00,D024,V016,C05252,General Service,Completed,3,2565
SV002222,2026-01-18 00:00:00,D004,V019,C00146,Oil Change,Completed,4,3518
SV002223,2025-05-08 00:00:00,D021,V007,C01242,General Service,Completed,4,3662
SV002224,2025-04-29 00:00:00,D014,V002,C01509,Warranty,Completed,5,1764
SV002225,2025-02-28 00:00:00,D021,V001,C05009,Periodic Maintenance,Completed,5,1777
SV002226,2026-08-12 00:00:00,D023,V019,C00470,Oil Change,Pending,3,1968
SV002227,2026-02-16 00:00:00,D043,V006,C04673,General Service,Completed,3,882
SV002228,2026-01-15 00:00:00,D039,V006,C00727,Oil Change,Completed,3,751
SV002229,2026-06-14 00:00:00,D038,V001,C04230,General Service,Completed,3,1665
SV002230,2026-11-01 00:00:00,D054,V003,C02224,Repair,Completed,2,4758
SV002231,2025-07-03 00:00:00,D019,V003,C05711,Warranty,Completed,5,1255
SV002232,2026-07-25 00:00:00,D019,V001,C01003,General Service,Completed,5,2002
SV002233,2026-07-02 00:00:00,D011,V006,C02922,General Service,Completed,5,3471
SV002234,2026-12-08 00:00:00,D054,V012,C01250,General Service,Completed,5,1642
SV002235,2025-08-22 00:00:00,D014,V018,C03364,Periodic Maintenance,Cancelled,4,12536
SV002236,2026-09-23 00:00:00,D053,V017,C01742,Repair,Completed,2,3476
SV002237,2025-01-31 00:00:00,D056,V008,C00797,General Service,Completed,5,4865
SV002238,2026-10-10 00:00:00,D045,V001,C01757,Oil Change,Completed,5,2222
SV002239,2025-07-14 00:00:00,D012,V006,C03321,Oil Change,Completed,3,7382
SV002240,2025-02-05 00:00:00,D045,V007,C00669,Oil Change,Completed,4,4117
SV002241,2025-11-12 00:00:00,D058,V010,C00738,Periodic Maintenance,Completed,4,6607
SV002242,2025-12-07 00:00:00,D029,V001,C02396,Oil Change,Completed,3,1710
SV002243,2025-07-12 00:00:00,D001,V014,C02968,General Service,Completed,5,3876
SV002244,2026-04-13 00:00:00,D024,V016,C03021,Oil Change,Completed,5,576
SV002245,2026-07-16 00:00:00,D012,V014,C05165,Oil Change,Completed,5,7498
SV002246,2026-04-03 00:00:00,D029,V010,C00060,General Service,Pending,4,1639
SV002247,2025-07-17 00:00:00,D032,V003,C01299,Periodic Maintenance,Completed,5,1877
SV002248,2025-12-21 00:00:00,D011,V013,C00184,Oil Change,Completed,4,3679
SV002249,2026-11-13 00:00:00,D051,V020,C02983,General Service,Completed,5,1267
SV002250,2026-11-30 00:00:00,D026,V011,C03109,Oil Change,Completed,5,3367
SV002251,2025-04-11 00:00:00,D037,V009,C02414,Repair,Completed,3,4984
SV002252,2026-02-11 00:00:00,D048,V007,C04421,Oil Change,Completed,5,4288
SV002253,2026-12-05 00:00:00,D049,V014,C00248,Oil Change,Completed,3,4305
SV002254,2025-12-31 00:00:00,D035,V007,C03660,Warranty,Pending,5,3431
SV002255,2026-06-06 00:00:00,D012,V008,C04807,Warranty,Completed,4,3940
SV002256,2026-06-08 00:00:00,D028,V013,C03479,General Service,Completed,5,1065
SV002257,2025-08-01 00:00:00,D034,V003,C05687,Repair,Completed,3,2671
SV002258,2026-03-30 00:00:00,D017,V011,C00801,General Service,Completed,4,1295
SV002259,2025-05-16 00:00:00,D020,V011,C03295,Oil Change,Completed,3,1272
SV002260,2026-12-01 00:00:00,D029,V007,C04263,Oil Change,Completed,4,5154
SV002261,2025-07-17 00:00:00,D026,V015,C03524,General Service,Completed,5,4969
SV002262,2026-04-22 00:00:00,D012,V012,C02050,General Service,Completed,3,2539
SV002263,2025-05-19 00:00:00,D044,V018,C00531,General Service,Completed,4,2688
SV002264,2025-07-18 00:00:00,D012,V007,C04481,Periodic Maintenance,Completed,5,2414
SV002265,2025-08-06 00:00:00,D029,V006,C01772,Warranty,Completed,5,4177
SV002266,2026-06-27 00:00:00,D024,V016,C01176,General Service,Completed,4,3009
SV002267,2025-11-24 00:00:00,D040,V019,C01019,Periodic Maintenance,Completed,4,4271
SV002268,2025-09-13 00:00:00,D008,V004,C03387,General Service,Completed,3,3730
SV002269,2025-03-02 00:00:00,D028,V014,C03803,Oil Change,Pending,5,1149
SV002270,2026-04-13 00:00:00,D031,V020,C00259,General Service,Completed,4,1457
SV002271,2025-02-10 00:00:00,D008,V018,C05209,Warranty,Completed,4,2372
SV002272,2025-09-13 00:00:00,D037,V016,C03827,General Service,Pending,4,2452
SV002273,2026-03-03 00:00:00,D006,V019,C02673,Oil Change,Completed,3,2809
SV002274,2025-05-28 00:00:00,D060,V016,C03846,General Service,Completed,3,2182
SV002275,2025-03-18 00:00:00,D044,V006,C01058,Warranty,Completed,2,1665
SV002276,2026-07-11 00:00:00,D024,V009,C03694,Oil Change,Completed,4,2399
SV002277,2025-05-12 00:00:00,D059,V016,C04954,Periodic Maintenance,Completed,5,896
SV002278,2025-03-10 00:00:00,D052,V001,C00436,General Service,Completed,2,2571
SV002279,2025-10-12 00:00:00,D046,V015,C03801,General Service,Completed,5,3435
SV002280,2025-03-20 00:00:00,D013,V020,C05800,Oil Change,Completed,2,2491
SV002281,2025-12-06 00:00:00,D039,V018,C00567,Repair,Cancelled,3,1500
SV002282,2026-08-13 00:00:00,D008,V007,C00836,Repair,Completed,3,759
SV002283,2026-12-20 00:00:00,D003,V014,C05070,Periodic Maintenance,Completed,4,1351
SV002284,2025-03-09 00:00:00,D051,V010,C00515,Repair,Completed,5,2228
SV002285,2026-04-29 00:00:00,D008,V005,C00953,General Service,Completed,3,2768
SV002286,2026-08-30 00:00:00,D028,V016,C03367,Repair,Completed,5,5085
SV002287,2025-09-30 00:00:00,D049,V004,C03564,General Service,Completed,5,1547
SV002288,2025-11-27 00:00:00,D038,V019,C01989,Periodic Maintenance,Completed,5,3435
SV002289,2026-09-12 00:00:00,D052,V015,C03138,General Service,Completed,5,6486
SV002290,2025-11-07 00:00:00,D056,V017,C05827,General Service,Completed,4,1849
SV002291,2026-09-25 00:00:00,D046,V015,C05522,Oil Change,Completed,2,1799
SV002292,2026-11-22 00:00:00,D027,V014,C05187,General Service,Completed,5,2436
SV002293,2025-05-26 00:00:00,D027,V011,C01388,Repair,Completed,3,1649
SV002294,2025-09-08 00:00:00,D020,V003,C05273,Warranty,Completed,5,2609
SV002295,2025-11-14 00:00:00,D028,V013,C02875,Warranty,Completed,4,838
SV002296,2026-12-16 00:00:00,D026,V008,C03272,General Service,Completed,4,2472
SV002297,2025-03-31 00:00:00,D012,V015,C02534,Periodic Maintenance,Completed,4,2298
SV002298,2026-10-01 00:00:00,D047,V002,C02684,General Service,Completed,5,3900
SV002299,2025-01-02 00:00:00,D055,V001,C03552,General Service,Pending,4,1630
SV002300,2025-06-17 00:00:00,D044,V004,C01243,Oil Change,Completed,5,4452
SV002301,2025-03-17 00:00:00,D048,V016,C01542,General Service,Completed,5,1741
SV002302,2026-04-01 00:00:00,D014,V004,C03611,General Service,Completed,5,695
SV002303,2025-05-26 00:00:00,D002,V004,C00388,Repair,Completed,4,1191
SV002304,2025-04-16 00:00:00,D043,V005,C05514,General Service,Completed,4,3110
SV002305,2025-11-09 00:00:00,D056,V018,C02321,Oil Change,Completed,2,859
SV002306,2026-02-28 00:00:00,D038,V002,C01869,Warranty,Completed,5,2162
SV002307,2026-03-25 00:00:00,D019,V016,C02376,General Service,Completed,2,7977
SV002308,2025-03-05 00:00:00,D048,V018,C03197,Periodic Maintenance,Completed,4,1290
SV002309,2026-01-22 00:00:00,D051,V007,C04966,Periodic Maintenance,Completed,4,1664
SV002310,2026-07-13 00:00:00,D026,V012,C02299,Repair,Completed,5,2333
SV002311,2026-09-05 00:00:00,D011,V012,C02619,Periodic Maintenance,Completed,4,1538
SV002312,2026-06-03 00:00:00,D054,V015,C02030,Periodic Maintenance,Completed,4,2150
SV002313,2026-05-17 00:00:00,D019,V007,C03239,Repair,Completed,4,2026
SV002314,2025-09-12 00:00:00,D022,V016,C01965,Oil Change,Completed,5,3724
SV002315,2026-06-10 00:00:00,D032,V009,C01215,Oil Change,Completed,1,1634
SV002316,2025-08-21 00:00:00,D021,V018,C01902,Periodic Maintenance,Completed,5,2104
SV002317,2026-04-14 00:00:00,D033,V020,C02195,General Service,Completed,4,2798
SV002318,2025-01-17 00:00:00,D032,V007,C05704,Periodic Maintenance,Completed,4,1867
SV002319,2026-09-17 00:00:00,D018,V014,C05485,General Service,Completed,5,2924
SV002320,2026-06-20 00:00:00,D060,V016,C00784,Periodic Maintenance,Completed,3,5477
SV002321,2025-09-21 00:00:00,D027,V004,C03477,Warranty,Completed,5,2211
SV002322,2026-01-30 00:00:00,D005,V018,C02974,Oil Change,Completed,3,4158
SV002323,2025-08-13 00:00:00,D012,V019,C02938,General Service,Completed,4,3600
SV002324,2026-06-24 00:00:00,D011,V004,C02101,Oil Change,Cancelled,2,3427
SV002325,2026-03-24 00:00:00,D020,V020,C03869,General Service,Completed,4,3765
SV002326,2026-01-07 00:00:00,D034,V009,C00927,Oil Change,Pending,3,2043
SV002327,2026-06-03 00:00:00,D039,V015,C02795,General Service,Completed,4,2369
SV002328,2026-05-20 00:00:00,D056,V012,C01146,Periodic Maintenance,Completed,4,2514
SV002329,2026-02-02 00:00:00,D010,V016,C05663,Periodic Maintenance,Completed,3,1821
SV002330,2025-04-22 00:00:00,D051,V006,C01199,Periodic Maintenance,Completed,5,2317
SV002331,2026-09-15 00:00:00,D008,V001,C01770,Repair,Completed,3,2278
SV002332,2025-04-15 00:00:00,D019,V005,C01235,General Service,Completed,5,2353
SV002333,2025-12-07 00:00:00,D024,V014,C02317,Oil Change,Completed,2,2284
SV002334,2026-05-06 00:00:00,D039,V014,C00381,Periodic Maintenance,Completed,5,3549
SV002335,2025-04-25 00:00:00,D056,V004,C03184,Warranty,Completed,5,1448
SV002336,2025-11-06 00:00:00,D001,V002,C03550,Periodic Maintenance,Completed,4,2227
SV002337,2025-03-28 00:00:00,D018,V014,C04579,Repair,Completed,5,804
SV002338,2026-05-18 00:00:00,D032,V010,C04877,General Service,Completed,4,2427
SV002339,2026-09-06 00:00:00,D048,V020,C01920,Oil Change,Completed,5,7821
SV002340,2026-12-24 00:00:00,D037,V014,C04983,Warranty,Completed,5,3003
SV002341,2025-05-04 00:00:00,D007,V018,C02691,Periodic Maintenance,Completed,2,4377
SV002342,2025-07-20 00:00:00,D028,V003,C04520,Periodic Maintenance,Completed,4,6718
SV002343,2026-02-17 00:00:00,D043,V003,C01385,Repair,Completed,5,4474
SV002344,2025-09-26 00:00:00,D054,V016,C02917,Warranty,Completed,4,4425
SV002345,2026-12-24 00:00:00,D046,V011,C04800,Repair,Completed,5,3036
SV002346,2025-07-27 00:00:00,D025,V012,C03752,Warranty,Completed,5,3471
SV002347,2025-06-25 00:00:00,D049,V010,C03595,Repair,Completed,5,3406
SV002348,2025-12-01 00:00:00,D041,V020,C00117,General Service,Completed,4,2514
SV002349,2025-11-22 00:00:00,D047,V006,C04048,Periodic Maintenance,Completed,5,5876
SV002350,2026-09-28 00:00:00,D019,V018,C04181,Repair,Completed,5,2651
SV002351,2025-10-10 00:00:00,D003,V002,C02487,General Service,Completed,5,2873
SV002352,2025-01-08 00:00:00,D012,V005,C01522,Repair,Completed,4,3209
SV002353,2026-05-17 00:00:00,D001,V004,C04125,Warranty,Completed,5,2982
SV002354,2025-10-22 00:00:00,D014,V019,C02083,General Service,Completed,4,1466
SV002355,2025-05-28 00:00:00,D046,V014,C03658,Repair,Completed,5,2960
SV002356,2026-03-04 00:00:00,D038,V019,C00111,Warranty,Cancelled,4,2770
SV002357,2026-02-19 00:00:00,D002,V008,C05436,Repair,Completed,2,1097
SV002358,2025-11-28 00:00:00,D024,V010,C02274,Periodic Maintenance,Completed,4,1597
SV002359,2025-06-01 00:00:00,D042,V004,C01161,Repair,Completed,5,1788
SV002360,2025-09-12 00:00:00,D015,V006,C03759,Repair,Completed,4,1000
SV002361,2026-10-24 00:00:00,D025,V018,C00554,Warranty,Completed,1,1822
SV002362,2026-07-16 00:00:00,D044,V007,C01557,General Service,Completed,4,4798
SV002363,2026-01-30 00:00:00,D051,V007,C00258,Oil Change,Completed,3,3143
SV002364,2026-03-02 00:00:00,D034,V009,C00432,Warranty,Completed,4,1311
SV002365,2025-03-05 00:00:00,D015,V019,C02075,General Service,Completed,4,3643
SV002366,2025-12-21 00:00:00,D052,V008,C01841,Repair,Completed,5,2638
SV002367,2026-08-06 00:00:00,D055,V007,C05142,Repair,Completed,5,3449
SV002368,2025-11-12 00:00:00,D013,V005,C05262,Warranty,Completed,1,2140
SV002369,2026-02-14 00:00:00,D025,V011,C02539,Oil Change,Completed,5,2816
SV002370,2025-07-28 00:00:00,D050,V005,C01873,General Service,Completed,4,1416
SV002371,2025-09-29 00:00:00,D052,V003,C01753,Periodic Maintenance,Completed,5,3566
SV002372,2025-01-08 00:00:00,D002,V012,C01909,Warranty,Completed,1,1861
SV002373,2026-10-23 00:00:00,D054,V011,C03969,General Service,Completed,5,1773
SV002374,2025-12-18 00:00:00,D034,V008,C00663,Oil Change,Completed,5,2573
SV002375,2025-09-04 00:00:00,D033,V002,C02303,Oil Change,Completed,5,4381
SV002376,2025-10-02 00:00:00,D035,V020,C02332,Repair,Completed,4,3669
SV002377,2025-09-04 00:00:00,D051,V015,C00336,Warranty,Cancelled,4,2881
SV002378,2026-09-06 00:00:00,D056,V007,C03480,Periodic Maintenance,Completed,5,2248
SV002379,2025-05-05 00:00:00,D012,V018,C05095,General Service,Completed,4,2381
SV002380,2025-08-30 00:00:00,D033,V018,C03119,Repair,Completed,4,3917
SV002381,2026-06-12 00:00:00,D035,V019,C02790,General Service,Completed,5,2214
SV002382,2025-04-02 00:00:00,D012,V007,C04106,General Service,Completed,4,3549
SV002383,2026-07-16 00:00:00,D012,V016,C00367,General Service,Cancelled,5,3455
SV002384,2026-09-07 00:00:00,D044,V007,C01100,Periodic Maintenance,Completed,5,2448
SV002385,2026-07-14 00:00:00,D002,V002,C00912,Periodic Maintenance,Completed,4,3404
SV002386,2025-07-20 00:00:00,D052,V014,C05779,Warranty,Pending,4,7250
SV002387,2026-07-24 00:00:00,D038,V009,C01150,Oil Change,Completed,3,5086
SV002388,2025-11-04 00:00:00,D053,V003,C05321,Warranty,Completed,4,4885
SV002389,2025-07-15 00:00:00,D029,V014,C02542,Periodic Maintenance,Completed,2,1333
SV002390,2025-07-13 00:00:00,D022,V011,C03387,Periodic Maintenance,Cancelled,5,2302
SV002391,2026-03-21 00:00:00,D056,V012,C01346,General Service,Completed,4,2635
SV002392,2026-02-28 00:00:00,D016,V015,C05643,Warranty,Completed,5,1184
SV002393,2026-01-11 00:00:00,D045,V007,C04293,General Service,Pending,5,1642
SV002394,2026-06-17 00:00:00,D010,V012,C04976,Periodic Maintenance,Pending,5,2050
SV002395,2025-09-24 00:00:00,D037,V014,C02502,Warranty,Completed,4,5946
SV002396,2026-09-04 00:00:00,D017,V010,C02018,Repair,Completed,3,5919
SV002397,2025-05-30 00:00:00,D036,V020,C01110,Repair,Completed,3,1612
SV002398,2025-01-30 00:00:00,D015,V013,C02880,Warranty,Pending,3,1121
SV002399,2025-07-17 00:00:00,D044,V019,C04065,General Service,Completed,4,1057
SV002400,2026-08-07 00:00:00,D052,V014,C00090,Warranty,Completed,4,6960
SV002401,2025-01-31 00:00:00,D040,V018,C02770,General Service,Completed,1,1222
SV002402,2025-01-13 00:00:00,D057,V005,C05656,Oil Change,Completed,4,2168
SV002403,2025-10-25 00:00:00,D031,V017,C03851,General Service,Completed,5,3325
SV002404,2025-10-28 00:00:00,D023,V019,C04221,General Service,Completed,4,2694
SV002405,2026-06-10 00:00:00,D031,V011,C02384,General Service,Completed,4,843
SV002406,2026-05-27 00:00:00,D045,V012,C00427,General Service,Completed,5,2074
SV002407,2026-04-12 00:00:00,D037,V004,C01556,General Service,Completed,3,1796
SV002408,2026-08-04 00:00:00,D022,V003,C03011,Oil Change,Completed,4,2662
SV002409,2026-11-09 00:00:00,D056,V011,C04075,General Service,Completed,3,3910
SV002410,2025-10-18 00:00:00,D050,V002,C05215,General Service,Completed,5,2635
SV002411,2026-01-31 00:00:00,D007,V017,C05219,Oil Change,Completed,5,4145
SV002412,2026-02-07 00:00:00,D010,V006,C00933,General Service,Completed,4,3646
SV002413,2026-07-05 00:00:00,D040,V005,C05857,Repair,Completed,5,2806
SV002414,2025-03-23 00:00:00,D002,V010,C05103,General Service,Completed,4,4694
SV002415,2025-08-17 00:00:00,D030,V001,C02955,General Service,Completed,4,3321
SV002416,2026-02-17 00:00:00,D027,V009,C01253,General Service,Completed,5,1821
SV002417,2025-05-11 00:00:00,D034,V006,C01864,Periodic Maintenance,Completed,5,1359
SV002418,2025-12-27 00:00:00,D012,V012,C05833,Warranty,Completed,3,2952
SV002419,2026-08-30 00:00:00,D035,V004,C05925,Oil Change,Completed,5,1548
SV002420,2025-04-12 00:00:00,D040,V015,C05217,Warranty,Completed,4,1085
SV002421,2026-11-25 00:00:00,D043,V013,C05390,Periodic Maintenance,Pending,4,1488
SV002422,2025-06-13 00:00:00,D011,V009,C04020,Periodic Maintenance,Completed,5,2408
SV002423,2026-06-16 00:00:00,D010,V015,C04213,General Service,Completed,5,2592
SV002424,2025-07-11 00:00:00,D057,V013,C03181,Periodic Maintenance,Completed,5,5384
SV002425,2026-05-24 00:00:00,D051,V016,C02074,Periodic Maintenance,Completed,1,3664
SV002426,2025-03-25 00:00:00,D019,V005,C05865,Periodic Maintenance,Completed,5,1153
SV002427,2025-12-14 00:00:00,D024,V011,C00265,Repair,Completed,5,5500
SV002428,2026-05-04 00:00:00,D050,V008,C02780,Periodic Maintenance,Completed,4,2060
SV002429,2025-06-05 00:00:00,D012,V011,C05316,Repair,Completed,5,592
SV002430,2026-09-22 00:00:00,D039,V013,C01964,Oil Change,Completed,4,2493
SV002431,2026-01-09 00:00:00,D039,V011,C03424,Oil Change,Completed,3,3366
SV002432,2026-09-17 00:00:00,D021,V002,C02111,Warranty,Completed,5,2136
SV002433,2025-03-15 00:00:00,D022,V010,C05556,Periodic Maintenance,Completed,5,1562
SV002434,2026-01-28 00:00:00,D045,V017,C03627,General Service,Completed,4,3106
SV002435,2026-08-27 00:00:00,D054,V016,C02540,Periodic Maintenance,Completed,5,1642
SV002436,2026-03-05 00:00:00,D016,V019,C01753,Warranty,Cancelled,5,1647
SV002437,2026-08-25 00:00:00,D047,V013,C02530,Warranty,Pending,4,1852
SV002438,2025-05-27 00:00:00,D019,V003,C04252,General Service,Pending,5,3280
SV002439,2026-09-06 00:00:00,D031,V010,C03312,Warranty,Completed,4,1301
SV002440,2025-03-13 00:00:00,D043,V020,C04364,General Service,Completed,5,1660
SV002441,2025-07-05 00:00:00,D013,V006,C01754,Oil Change,Completed,5,2456
SV002442,2026-06-10 00:00:00,D035,V020,C02866,Periodic Maintenance,Completed,5,736
SV002443,2026-01-04 00:00:00,D059,V003,C00849,Oil Change,Completed,4,1255
SV002444,2025-11-10 00:00:00,D052,V005,C01703,Periodic Maintenance,Cancelled,4,1368
SV002445,2026-10-06 00:00:00,D012,V018,C05917,Periodic Maintenance,Completed,5,1239
SV002446,2025-02-18 00:00:00,D038,V005,C04769,Periodic Maintenance,Completed,5,4972
SV002447,2025-07-07 00:00:00,D003,V011,C02871,Periodic Maintenance,Pending,5,1101
SV002448,2025-04-26 00:00:00,D006,V016,C04102,Periodic Maintenance,Completed,4,2406
SV002449,2025-12-16 00:00:00,D023,V017,C05482,Oil Change,Completed,4,1061
SV002450,2025-07-02 00:00:00,D027,V012,C01002,Periodic Maintenance,Completed,5,1758
SV002451,2026-09-14 00:00:00,D022,V013,C00282,Repair,Completed,5,3039
SV002452,2025-03-16 00:00:00,D047,V015,C00826,Repair,Cancelled,3,3245
SV002453,2025-01-07 00:00:00,D001,V011,C02042,General Service,Completed,3,1696
SV002454,2026-05-16 00:00:00,D012,V008,C05421,General Service,Completed,5,3909
SV002455,2026-07-20 00:00:00,D033,V017,C00392,Periodic Maintenance,Completed,4,2092
SV002456,2025-11-28 00:00:00,D005,V014,C01708,Oil Change,Completed,4,1835
SV002457,2026-08-27 00:00:00,D013,V009,C02799,Repair,Completed,5,1503
SV002458,2026-07-01 00:00:00,D006,V001,C05862,Repair,Completed,5,7921
SV002459,2025-01-25 00:00:00,D024,V012,C01123,Warranty,Completed,5,2416
SV002460,2025-01-04 00:00:00,D045,V001,C00865,General Service,Completed,4,1023
SV002461,2026-02-28 00:00:00,D054,V011,C03261,General Service,Completed,5,1591
SV002462,2025-07-28 00:00:00,D054,V005,C05566,Oil Change,Completed,5,2418
SV002463,2026-08-14 00:00:00,D031,V004,C00435,General Service,Pending,5,3246
SV002464,2026-05-14 00:00:00,D010,V012,C03644,Warranty,Completed,5,2001
SV002465,2025-04-09 00:00:00,D049,V004,C01119,Periodic Maintenance,Completed,3,1913
SV002466,2026-12-31 00:00:00,D034,V012,C05633,Warranty,Pending,4,1448
SV002467,2026-01-21 00:00:00,D059,V010,C00171,Periodic Maintenance,Cancelled,4,1514
SV002468,2025-08-25 00:00:00,D049,V017,C00677,Oil Change,Completed,5,9029
SV002469,2026-07-08 00:00:00,D044,V007,C01255,General Service,Completed,4,2590
SV002470,2025-06-02 00:00:00,D039,V017,C04663,Periodic Maintenance,Completed,3,6897
SV002471,2026-12-28 00:00:00,D042,V019,C02505,Oil Change,Cancelled,4,4649
SV002472,2026-05-21 00:00:00,D025,V001,C03346,Periodic Maintenance,Completed,4,2213
SV002473,2025-09-26 00:00:00,D057,V019,C05057,Repair,Completed,5,3411
SV002474,2026-12-10 00:00:00,D045,V011,C00614,Warranty,Completed,5,4778
SV002475,2025-05-22 00:00:00,D046,V016,C02198,Warranty,Completed,4,3140
SV002476,2026-06-01 00:00:00,D038,V019,C02484,Oil Change,Completed,4,2351
SV002477,2026-04-09 00:00:00,D034,V015,C04549,Oil Change,Pending,2,2149
SV002478,2026-05-23 00:00:00,D007,V001,C02394,Warranty,Completed,3,1490
SV002479,2025-11-24 00:00:00,D019,V017,C02496,General Service,Completed,2,1598
SV002480,2026-02-18 00:00:00,D027,V013,C03873,Warranty,Completed,5,5127
SV002481,2026-11-16 00:00:00,D044,V002,C04781,Repair,Completed,5,8276
SV002482,2026-11-12 00:00:00,D007,V018,C03167,Repair,Completed,4,2776
SV002483,2026-02-16 00:00:00,D051,V018,C01842,Periodic Maintenance,Completed,3,3405
SV002484,2025-10-02 00:00:00,D043,V001,C04647,Periodic Maintenance,Completed,5,3074
SV002485,2025-01-09 00:00:00,D005,V017,C01263,Oil Change,Completed,4,4561
SV002486,2025-08-17 00:00:00,D059,V003,C03366,Oil Change,Completed,5,1278
SV002487,2026-08-21 00:00:00,D025,V019,C02347,General Service,Completed,3,1735
SV002488,2026-05-16 00:00:00,D053,V016,C03173,Repair,Completed,5,2157
SV002489,2026-09-11 00:00:00,D052,V014,C01913,General Service,Completed,4,972
SV002490,2025-01-06 00:00:00,D048,V015,C05420,Oil Change,Completed,5,1746
SV002491,2026-02-24 00:00:00,D009,V013,C02032,Oil Change,Cancelled,4,3180
SV002492,2026-04-23 00:00:00,D007,V009,C05810,General Service,Completed,4,1614
SV002493,2026-04-16 00:00:00,D057,V003,C03078,Periodic Maintenance,Completed,3,2040
SV002494,2025-03-28 00:00:00,D022,V017,C04951,Oil Change,Completed,3,3444
SV002495,2025-01-03 00:00:00,D050,V016,C00279,Oil Change,Cancelled,4,2281
SV002496,2025-10-08 00:00:00,D008,V011,C00217,Repair,Completed,5,1401
SV002497,2026-07-08 00:00:00,D056,V014,C03108,Warranty,Cancelled,3,1025
SV002498,2025-12-10 00:00:00,D016,V006,C00808,General Service,Completed,3,6816
SV002499,2026-10-03 00:00:00,D005,V012,C05444,General Service,Completed,3,1770
SV002500,2026-12-14 00:00:00,D006,V017,C02899,Periodic Maintenance,Pending,4,5774
SV002501,2026-04-23 00:00:00,D030,V003,C01266,Repair,Completed,5,3833
SV002502,2026-09-29 00:00:00,D008,V013,C02300,Oil Change,Completed,3,3614
SV002503,2026-05-01 00:00:00,D046,V003,C00738,Warranty,Completed,4,749
SV002504,2026-10-08 00:00:00,D027,V009,C05136,Repair,Completed,5,1954
SV002505,2025-08-23 00:00:00,D041,V001,C04544,Oil Change,Completed,2,3395
SV002506,2025-01-19 00:00:00,D003,V008,C00245,Repair,Completed,4,1941
SV002507,2025-06-11 00:00:00,D037,V011,C01673,General Service,Completed,2,2695
SV002508,2025-08-09 00:00:00,D055,V009,C02242,Warranty,Completed,5,2210
SV002509,2025-02-01 00:00:00,D018,V015,C00633,Oil Change,Completed,5,1364
SV002510,2025-03-10 00:00:00,D036,V019,C05763,Warranty,Completed,2,1508
SV002511,2025-01-31 00:00:00,D020,V004,C02161,Repair,Completed,5,3210
SV002512,2025-10-31 00:00:00,D017,V005,C01163,Oil Change,Pending,3,1764
SV002513,2025-06-29 00:00:00,D052,V006,C05529,Periodic Maintenance,Completed,5,2369
SV002514,2025-11-15 00:00:00,D060,V003,C04559,Warranty,Completed,1,2958
SV002515,2025-05-17 00:00:00,D046,V020,C04407,Oil Change,Completed,4,3442
SV002516,2026-04-09 00:00:00,D024,V018,C03851,Repair,Completed,5,2895
SV002517,2025-04-30 00:00:00,D056,V009,C04790,Warranty,Completed,5,4061
SV002518,2026-03-28 00:00:00,D035,V012,C03945,Periodic Maintenance,Completed,4,1297
SV002519,2026-09-05 00:00:00,D008,V002,C00358,Oil Change,Completed,4,6400
SV002520,2026-08-02 00:00:00,D005,V009,C02022,Periodic Maintenance,Completed,3,5288
SV002521,2026-10-05 00:00:00,D004,V017,C01517,General Service,Completed,3,1829
SV002522,2025-03-29 00:00:00,D036,V003,C01384,General Service,Completed,5,2651
SV002523,2025-01-05 00:00:00,D053,V001,C05834,General Service,Completed,4,2472
SV002524,2025-03-04 00:00:00,D023,V007,C02524,Periodic Maintenance,Completed,4,1534
SV002525,2025-08-31 00:00:00,D001,V019,C01096,General Service,Completed,3,1836
SV002526,2026-06-24 00:00:00,D051,V002,C05655,Oil Change,Completed,5,2418
SV002527,2026-09-24 00:00:00,D007,V002,C01247,Repair,Completed,4,1805
SV002528,2025-07-11 00:00:00,D017,V003,C04285,General Service,Completed,5,2913
SV002529,2026-01-27 00:00:00,D028,V019,C01308,Periodic Maintenance,Completed,4,2646
SV002530,2025-04-26 00:00:00,D007,V016,C02868,General Service,Completed,3,2419
SV002531,2025-04-11 00:00:00,D054,V011,C01987,Warranty,Completed,5,1624
SV002532,2025-12-19 00:00:00,D044,V018,C00552,Repair,Completed,4,6608
SV002533,2025-04-28 00:00:00,D017,V008,C03081,Periodic Maintenance,Completed,2,4077
SV002534,2026-09-11 00:00:00,D035,V018,C02731,Periodic Maintenance,Completed,2,1442
SV002535,2025-05-27 00:00:00,D032,V002,C02051,Oil Change,Cancelled,5,1865
SV002536,2026-04-28 00:00:00,D025,V004,C00067,Periodic Maintenance,Completed,4,2926
SV002537,2025-02-04 00:00:00,D017,V009,C03671,Oil Change,Completed,5,5987
SV002538,2026-01-18 00:00:00,D033,V013,C03440,Warranty,Completed,5,4383
SV002539,2025-10-28 00:00:00,D028,V012,C05733,General Service,Completed,3,1365
SV002540,2026-08-16 00:00:00,D034,V005,C03556,General Service,Completed,4,4041
SV002541,2025-07-11 00:00:00,D040,V013,C05788,General Service,Completed,5,2074
SV002542,2026-05-02 00:00:00,D011,V002,C04614,Oil Change,Completed,5,2283
SV002543,2026-03-04 00:00:00,D040,V014,C01640,Repair,Completed,5,1396
SV002544,2025-01-24 00:00:00,D010,V017,C05763,Periodic Maintenance,Completed,4,4068
SV002545,2026-11-23 00:00:00,D033,V004,C05756,Oil Change,Completed,4,1725
SV002546,2026-06-26 00:00:00,D005,V006,C05928,General Service,Completed,5,1356
SV002547,2025-03-25 00:00:00,D038,V014,C02337,Oil Change,Completed,3,1764
SV002548,2026-11-12 00:00:00,D023,V011,C01689,Warranty,Completed,5,1214
SV002549,2025-10-25 00:00:00,D052,V017,C05532,General Service,Completed,5,2918
SV002550,2026-01-16 00:00:00,D045,V012,C03648,Periodic Maintenance,Completed,4,1001
SV002551,2025-05-18 00:00:00,D022,V009,C04427,Periodic Maintenance,Completed,4,1346
SV002552,2025-10-10 00:00:00,D005,V002,C04483,Oil Change,Completed,5,1317
SV002553,2026-05-04 00:00:00,D025,V004,C04096,Oil Change,Completed,4,3599
SV002554,2025-01-11 00:00:00,D033,V010,C01429,Repair,Pending,5,4477
SV002555,2026-11-08 00:00:00,D037,V008,C03535,General Service,Completed,5,1049
SV002556,2025-05-25 00:00:00,D005,V004,C04228,Repair,Completed,5,865
SV002557,2026-12-09 00:00:00,D007,V020,C04061,General Service,Completed,5,2320
SV002558,2025-04-08 00:00:00,D002,V018,C01727,Repair,Pending,5,6813
SV002559,2026-02-01 00:00:00,D012,V002,C00209,Periodic Maintenance,Cancelled,4,2147
SV002560,2025-01-09 00:00:00,D046,V017,C01313,General Service,Cancelled,2,5033
SV002561,2025-03-30 00:00:00,D046,V013,C04779,Oil Change,Completed,4,2545
SV002562,2026-06-18 00:00:00,D017,V010,C04229,Warranty,Cancelled,5,3548
SV002563,2025-03-17 00:00:00,D015,V015,C03540,Oil Change,Completed,4,6987
SV002564,2026-01-08 00:00:00,D055,V019,C00098,Oil Change,Pending,5,1918
SV002565,2026-02-12 00:00:00,D051,V006,C03154,Repair,Completed,4,2367
SV002566,2026-10-04 00:00:00,D034,V008,C00636,Repair,Completed,1,1166
SV002567,2025-09-29 00:00:00,D027,V012,C03706,Oil Change,Completed,4,3687
SV002568,2026-11-09 00:00:00,D056,V011,C05487,Oil Change,Pending,5,1115
SV002569,2026-07-23 00:00:00,D004,V010,C02342,Repair,Completed,4,3933
SV002570,2026-02-05 00:00:00,D005,V001,C01339,Periodic Maintenance,Pending,5,3058
SV002571,2025-09-03 00:00:00,D019,V001,C01025,Periodic Maintenance,Pending,3,1851
SV002572,2025-09-25 00:00:00,D044,V007,C05231,General Service,Completed,5,3389
SV002573,2026-07-05 00:00:00,D057,V007,C04798,Repair,Cancelled,5,6410
SV002574,2026-04-16 00:00:00,D060,V020,C04883,General Service,Completed,5,2455
SV002575,2025-02-02 00:00:00,D012,V008,C01041,Repair,Completed,4,655
SV002576,2026-02-19 00:00:00,D023,V006,C03415,Warranty,Completed,2,1481
SV002577,2026-05-12 00:00:00,D020,V019,C05470,Periodic Maintenance,Completed,5,2182
SV002578,2025-12-18 00:00:00,D001,V002,C05269,Oil Change,Completed,3,2641
SV002579,2025-08-03 00:00:00,D015,V008,C02615,Oil Change,Completed,5,1380
SV002580,2026-07-28 00:00:00,D021,V018,C04901,General Service,Completed,4,2396
SV002581,2026-05-19 00:00:00,D010,V008,C01434,General Service,Completed,5,1971
SV002582,2025-01-05 00:00:00,D037,V001,C05890,General Service,Completed,4,3092
SV002583,2026-03-05 00:00:00,D001,V017,C03699,Periodic Maintenance,Completed,4,3637
SV002584,2026-05-03 00:00:00,D025,V018,C04055,Oil Change,Completed,4,3862
SV002585,2025-02-17 00:00:00,D010,V006,C01798,General Service,Completed,4,5395
SV002586,2026-01-25 00:00:00,D020,V008,C01840,Periodic Maintenance,Completed,5,2170
SV002587,2025-03-23 00:00:00,D058,V006,C00182,Repair,Completed,5,7433
SV002588,2026-04-13 00:00:00,D043,V002,C00191,Repair,Pending,2,1839
SV002589,2026-02-10 00:00:00,D012,V004,C00378,Warranty,Pending,4,2342
SV002590,2026-11-20 00:00:00,D043,V018,C04869,Repair,Completed,4,5324
SV002591,2026-03-14 00:00:00,D027,V008,C05718,Periodic Maintenance,Completed,4,4106
SV002592,2026-05-03 00:00:00,D036,V005,C04574,Oil Change,Completed,5,1976
SV002593,2025-11-18 00:00:00,D012,V015,C04484,Repair,Completed,4,1803
SV002594,2025-11-21 00:00:00,D009,V020,C03914,Repair,Completed,5,2260
SV002595,2026-12-15 00:00:00,D015,V003,C05322,Repair,Completed,4,1587
SV002596,2025-10-29 00:00:00,D039,V003,C00640,General Service,Completed,5,3846
SV002597,2025-05-23 00:00:00,D033,V018,C00251,Warranty,Completed,5,2086
SV002598,2025-08-04 00:00:00,D052,V008,C04968,Repair,Completed,5,7197
SV002599,2025-07-19 00:00:00,D045,V013,C05393,Repair,Completed,4,6011
SV002600,2026-04-28 00:00:00,D005,V017,C02909,Repair,Completed,3,1411
SV002601,2026-11-08 00:00:00,D041,V007,C02650,Repair,Completed,5,5302
SV002602,2025-07-06 00:00:00,D003,V013,C04481,General Service,Pending,4,2433
SV002603,2025-11-06 00:00:00,D047,V009,C05157,Oil Change,Completed,4,1712
SV002604,2025-06-22 00:00:00,D009,V007,C02952,Repair,Completed,3,1816
SV002605,2026-11-27 00:00:00,D038,V018,C03374,Periodic Maintenance,Completed,5,1198
SV002606,2025-11-20 00:00:00,D046,V007,C00889,General Service,Completed,5,1171
SV002607,2026-05-18 00:00:00,D025,V005,C03791,Periodic Maintenance,Completed,1,2637
SV002608,2026-01-16 00:00:00,D032,V005,C05750,Periodic Maintenance,Completed,5,7687
SV002609,2026-05-19 00:00:00,D052,V001,C02131,Oil Change,Completed,4,912
SV002610,2025-01-28 00:00:00,D046,V010,C02537,Periodic Maintenance,Completed,5,3755
SV002611,2026-03-20 00:00:00,D015,V011,C04575,Warranty,Completed,1,3779
SV002612,2025-07-31 00:00:00,D017,V015,C02828,Periodic Maintenance,Cancelled,4,3545
SV002613,2025-08-27 00:00:00,D052,V010,C05438,Periodic Maintenance,Completed,3,2061
SV002614,2026-11-22 00:00:00,D040,V001,C01941,Oil Change,Completed,5,1571
SV002615,2026-06-13 00:00:00,D058,V006,C05453,Periodic Maintenance,Completed,5,3768
SV002616,2025-06-01 00:00:00,D039,V015,C04543,Warranty,Completed,5,1956
SV002617,2026-07-29 00:00:00,D049,V015,C03688,Periodic Maintenance,Completed,4,2779
SV002618,2026-08-23 00:00:00,D023,V017,C03359,Repair,Completed,4,2799
SV002619,2025-04-16 00:00:00,D016,V003,C05704,Warranty,Completed,5,7346
SV002620,2026-08-04 00:00:00,D035,V013,C04663,General Service,Completed,4,1720
SV002621,2026-08-05 00:00:00,D018,V001,C03568,General Service,Completed,5,2545
SV002622,2025-08-09 00:00:00,D051,V011,C02513,Warranty,Completed,4,1515
SV002623,2025-07-13 00:00:00,D019,V001,C00538,Repair,Completed,5,1557
SV002624,2025-12-15 00:00:00,D042,V001,C04343,Warranty,Completed,3,4145
SV002625,2026-05-08 00:00:00,D032,V009,C05643,General Service,Completed,4,4963
SV002626,2025-09-04 00:00:00,D014,V003,C00042,Oil Change,Completed,5,1587
SV002627,2026-05-31 00:00:00,D014,V011,C01288,Repair,Completed,4,1869
SV002628,2025-06-03 00:00:00,D025,V014,C04319,Warranty,Completed,1,1906
SV002629,2025-03-25 00:00:00,D040,V020,C00380,Repair,Completed,5,1719
SV002630,2025-12-14 00:00:00,D045,V017,C02924,General Service,Completed,4,1208
SV002631,2025-07-13 00:00:00,D022,V003,C01540,General Service,Completed,2,2937
SV002632,2025-12-04 00:00:00,D007,V005,C01012,Warranty,Completed,5,3417
SV002633,2026-05-09 00:00:00,D011,V003,C04160,General Service,Completed,5,2754
SV002634,2025-02-21 00:00:00,D052,V015,C04088,General Service,Completed,4,2709
SV002635,2026-12-27 00:00:00,D037,V011,C03833,Repair,Completed,3,4817
SV002636,2026-08-24 00:00:00,D049,V006,C00215,Warranty,Completed,5,1968
SV002637,2025-08-16 00:00:00,D019,V010,C00583,Periodic Maintenance,Completed,4,4881
SV002638,2026-03-27 00:00:00,D004,V012,C05505,Oil Change,Completed,5,2698
SV002639,2026-07-09 00:00:00,D010,V013,C02565,Periodic Maintenance,Completed,5,4620
SV002640,2025-03-04 00:00:00,D054,V012,C04078,Oil Change,Completed,4,2912
SV002641,2025-02-19 00:00:00,D004,V003,C03543,Oil Change,Completed,5,2423
SV002642,2026-03-27 00:00:00,D023,V015,C05488,Periodic Maintenance,Completed,4,2694
SV002643,2026-08-26 00:00:00,D030,V005,C01991,Repair,Completed,4,1206
SV002644,2025-02-26 00:00:00,D054,V015,C01270,General Service,Completed,5,1323
SV002645,2026-05-24 00:00:00,D047,V011,C01835,General Service,Completed,4,4512
SV002646,2025-02-22 00:00:00,D038,V017,C01122,Periodic Maintenance,Completed,5,2967
SV002647,2026-01-21 00:00:00,D049,V018,C04871,Warranty,Completed,4,2374
SV002648,2026-07-20 00:00:00,D012,V012,C02936,Periodic Maintenance,Completed,5,2084
SV002649,2026-10-02 00:00:00,D006,V003,C05445,Periodic Maintenance,Completed,5,977
SV002650,2026-06-20 00:00:00,D018,V018,C05774,Oil Change,Completed,5,1344
SV002651,2025-12-25 00:00:00,D033,V018,C03140,Periodic Maintenance,Completed,5,2434
SV002652,2025-03-23 00:00:00,D014,V017,C05825,General Service,Completed,2,4418
SV002653,2025-09-02 00:00:00,D004,V011,C00946,General Service,Completed,3,2886
SV002654,2026-06-26 00:00:00,D013,V012,C04422,General Service,Completed,3,2467
SV002655,2026-01-17 00:00:00,D016,V006,C03213,General Service,Completed,5,1384
SV002656,2026-01-24 00:00:00,D052,V009,C03852,Oil Change,Completed,4,1502
SV002657,2026-08-03 00:00:00,D031,V008,C03688,General Service,Completed,4,1778
SV002658,2026-07-28 00:00:00,D023,V019,C00876,Warranty,Completed,4,4390
SV002659,2025-05-09 00:00:00,D021,V011,C01315,General Service,Completed,4,7274
SV002660,2025-08-23 00:00:00,D026,V002,C00962,Periodic Maintenance,Completed,5,3831
SV002661,2026-12-21 00:00:00,D042,V013,C00423,General Service,Completed,4,1202
SV002662,2025-04-02 00:00:00,D035,V017,C01593,Repair,Completed,4,4127
SV002663,2026-01-02 00:00:00,D052,V006,C04136,General Service,Completed,3,4504
SV002664,2026-11-14 00:00:00,D042,V007,C04857,Periodic Maintenance,Completed,4,2715
SV002665,2026-10-06 00:00:00,D017,V010,C01213,General Service,Completed,5,2266
SV002666,2025-03-09 00:00:00,D029,V017,C03014,Periodic Maintenance,Completed,5,1848
SV002667,2025-07-31 00:00:00,D054,V009,C05893,Warranty,Pending,3,6647
SV002668,2026-03-05 00:00:00,D047,V014,C02941,Oil Change,Completed,5,2830
SV002669,2026-05-12 00:00:00,D060,V013,C03240,General Service,Completed,3,3750
SV002670,2025-01-29 00:00:00,D038,V002,C04807,Oil Change,Completed,4,1807
SV002671,2025-09-19 00:00:00,D037,V006,C04253,Periodic Maintenance,Completed,4,1671
SV002672,2026-06-01 00:00:00,D050,V006,C02408,General Service,Completed,2,2889
SV002673,2025-03-07 00:00:00,D037,V019,C04656,Periodic Maintenance,Completed,5,5085
SV002674,2025-12-24 00:00:00,D055,V006,C04933,Repair,Completed,4,4518
SV002675,2025-10-30 00:00:00,D037,V002,C01636,General Service,Completed,5,4207
SV002676,2025-04-15 00:00:00,D029,V014,C00775,Periodic Maintenance,Completed,3,5944
SV002677,2025-01-29 00:00:00,D031,V017,C04770,General Service,Completed,5,1850
SV002678,2026-11-15 00:00:00,D005,V018,C00069,General Service,Completed,5,5507
SV002679,2026-12-19 00:00:00,D027,V010,C00661,General Service,Completed,3,2933
SV002680,2026-05-27 00:00:00,D036,V019,C02667,Periodic Maintenance,Completed,5,2223
SV002681,2026-04-13 00:00:00,D017,V011,C05113,Periodic Maintenance,Completed,3,1082
SV002682,2025-01-21 00:00:00,D009,V005,C02004,Warranty,Completed,5,2840
SV002683,2025-10-24 00:00:00,D012,V013,C00740,Warranty,Completed,4,4690
SV002684,2025-12-26 00:00:00,D048,V010,C00705,Oil Change,Pending,3,2312
SV002685,2026-03-14 00:00:00,D015,V015,C02905,Periodic Maintenance,Completed,4,3110
SV002686,2025-07-01 00:00:00,D023,V014,C00392,Oil Change,Completed,4,1994
SV002687,2025-05-19 00:00:00,D034,V020,C04334,General Service,Completed,4,3094
SV002688,2025-06-09 00:00:00,D021,V009,C03469,General Service,Pending,4,1811
SV002689,2025-03-22 00:00:00,D009,V002,C05046,General Service,Cancelled,5,2676
SV002690,2025-06-02 00:00:00,D002,V016,C04715,Periodic Maintenance,Completed,5,4160
SV002691,2025-09-22 00:00:00,D042,V006,C04069,General Service,Completed,3,2872
SV002692,2026-02-11 00:00:00,D010,V020,C02972,Oil Change,Completed,4,2081
SV002693,2026-06-12 00:00:00,D008,V013,C01133,General Service,Completed,4,1966
SV002694,2026-04-04 00:00:00,D012,V013,C00757,Repair,Completed,5,2909
SV002695,2026-01-06 00:00:00,D043,V019,C01690,Oil Change,Completed,5,1446
SV002696,2025-03-15 00:00:00,D056,V006,C01185,General Service,Completed,5,1960
SV002697,2025-02-19 00:00:00,D060,V019,C04428,Oil Change,Completed,4,1911
SV002698,2025-08-28 00:00:00,D038,V018,C02376,Periodic Maintenance,Completed,4,2459
SV002699,2025-04-14 00:00:00,D009,V007,C03143,Periodic Maintenance,Completed,4,2625
SV002700,2026-07-18 00:00:00,D055,V008,C01249,General Service,Completed,4,6235
SV002701,2025-04-29 00:00:00,D035,V016,C01702,General Service,Completed,5,2305
SV002702,2025-11-06 00:00:00,D039,V007,C03193,Oil Change,Completed,5,6155
SV002703,2026-01-01 00:00:00,D053,V013,C02979,Repair,Completed,4,5256
SV002704,2025-09-20 00:00:00,D008,V001,C01449,Repair,Completed,3,3722
SV002705,2025-10-22 00:00:00,D023,V011,C02515,General Service,Completed,4,1507
SV002706,2026-11-07 00:00:00,D044,V002,C00148,General Service,Completed,3,3889
SV002707,2026-12-20 00:00:00,D005,V013,C05529,Periodic Maintenance,Completed,5,2142
SV002708,2026-02-15 00:00:00,D056,V006,C01815,General Service,Completed,3,3537
SV002709,2026-02-09 00:00:00,D014,V001,C03082,Oil Change,Completed,3,1767
SV002710,2026-07-29 00:00:00,D049,V001,C01744,Repair,Completed,4,2178
SV002711,2025-11-13 00:00:00,D017,V004,C00124,Warranty,Completed,5,3185
SV002712,2026-05-09 00:00:00,D022,V015,C03423,Periodic Maintenance,Completed,3,4014
SV002713,2025-12-29 00:00:00,D030,V013,C03814,Periodic Maintenance,Completed,4,4420
SV002714,2025-12-17 00:00:00,D005,V004,C02885,General Service,Completed,4,1923
SV002715,2026-09-22 00:00:00,D043,V013,C00664,General Service,Completed,5,2798
SV002716,2025-08-31 00:00:00,D024,V009,C00484,Oil Change,Completed,4,4541
SV002717,2025-07-19 00:00:00,D029,V010,C01856,Warranty,Completed,4,2747
SV002718,2025-12-28 00:00:00,D033,V010,C05498,Periodic Maintenance,Cancelled,5,1769
SV002719,2025-01-23 00:00:00,D019,V009,C03528,Oil Change,Completed,4,3422
SV002720,2026-09-26 00:00:00,D041,V008,C04107,General Service,Completed,4,3566
SV002721,2026-03-02 00:00:00,D010,V020,C03549,General Service,Completed,3,1802
SV002722,2026-03-11 00:00:00,D049,V019,C04028,Warranty,Completed,4,6015
SV002723,2025-08-17 00:00:00,D015,V008,C02169,Repair,Completed,5,1722
SV002724,2026-04-11 00:00:00,D021,V018,C01129,Warranty,Completed,5,1246
SV002725,2026-05-14 00:00:00,D042,V013,C01238,Periodic Maintenance,Completed,4,2002
SV002726,2026-05-19 00:00:00,D025,V011,C04638,Oil Change,Completed,5,3505
SV002727,2025-11-17 00:00:00,D021,V004,C01364,Oil Change,Pending,5,20198
SV002728,2025-08-18 00:00:00,D001,V017,C04046,Warranty,Completed,4,3629
SV002729,2025-12-12 00:00:00,D046,V011,C03509,General Service,Completed,5,2434
SV002730,2026-04-06 00:00:00,D023,V002,C04122,Repair,Completed,4,1501
SV002731,2026-11-07 00:00:00,D046,V009,C03202,General Service,Completed,5,3918
SV002732,2026-11-13 00:00:00,D017,V002,C00171,Repair,Completed,3,3208
SV002733,2025-02-06 00:00:00,D014,V003,C05537,Oil Change,Completed,5,2861
SV002734,2026-07-26 00:00:00,D036,V011,C02354,Repair,Completed,3,1582
SV002735,2025-10-20 00:00:00,D034,V008,C02012,Periodic Maintenance,Completed,5,2379
SV002736,2025-05-31 00:00:00,D021,V008,C00355,Repair,Completed,4,2578
SV002737,2025-03-16 00:00:00,D016,V011,C03987,General Service,Completed,5,2867
SV002738,2026-04-12 00:00:00,D019,V012,C04169,Warranty,Completed,4,2480
SV002739,2025-07-15 00:00:00,D001,V014,C00612,Periodic Maintenance,Completed,5,5964
SV002740,2026-07-27 00:00:00,D012,V006,C04809,General Service,Completed,5,1697
SV002741,2026-09-14 00:00:00,D042,V018,C04752,Repair,Completed,2,6223
SV002742,2026-02-08 00:00:00,D028,V017,C04965,Warranty,Completed,5,1389
SV002743,2025-04-27 00:00:00,D058,V011,C02868,Warranty,Completed,4,1560
SV002744,2026-01-30 00:00:00,D042,V011,C04037,General Service,Completed,4,1049
SV002745,2025-01-17 00:00:00,D044,V015,C00368,Periodic Maintenance,Completed,5,1403
SV002746,2025-08-17 00:00:00,D028,V003,C03306,General Service,Completed,4,769
SV002747,2025-06-28 00:00:00,D054,V005,C04953,Periodic Maintenance,Completed,5,6222
SV002748,2025-04-14 00:00:00,D029,V002,C05680,General Service,Completed,3,2293
SV002749,2026-12-04 00:00:00,D025,V003,C00333,General Service,Completed,5,1560
SV002750,2025-09-26 00:00:00,D035,V014,C00101,Oil Change,Completed,5,2284
SV002751,2026-05-23 00:00:00,D045,V009,C00879,Oil Change,Completed,5,1289
SV002752,2026-11-29 00:00:00,D053,V018,C00962,General Service,Completed,5,4030
SV002753,2026-12-06 00:00:00,D056,V016,C04546,Oil Change,Completed,4,1661
SV002754,2025-11-24 00:00:00,D028,V003,C00802,Periodic Maintenance,Completed,5,2488
SV002755,2026-05-19 00:00:00,D047,V002,C02858,Periodic Maintenance,Completed,5,4084
SV002756,2025-08-19 00:00:00,D026,V020,C05573,Periodic Maintenance,Completed,5,2835
SV002757,2026-07-03 00:00:00,D034,V006,C03114,Warranty,Cancelled,5,2586
SV002758,2026-09-17 00:00:00,D056,V016,C02489,Oil Change,Completed,4,1259
SV002759,2025-04-20 00:00:00,D023,V004,C01674,Repair,Completed,5,2155
SV002760,2026-08-19 00:00:00,D035,V004,C01715,Oil Change,Completed,4,3904
SV002761,2025-06-18 00:00:00,D014,V012,C03897,General Service,Completed,5,4453
SV002762,2025-11-05 00:00:00,D047,V012,C05744,Oil Change,Completed,4,2484
SV002763,2026-06-14 00:00:00,D001,V009,C02840,General Service,Completed,5,2963
SV002764,2026-09-10 00:00:00,D054,V011,C04502,General Service,Completed,5,2660
SV002765,2025-10-24 00:00:00,D021,V011,C04454,Periodic Maintenance,Pending,3,1759
SV002766,2026-08-31 00:00:00,D035,V018,C03549,Oil Change,Completed,5,556
SV002767,2026-07-26 00:00:00,D026,V012,C03636,Repair,Completed,4,2008
SV002768,2025-09-10 00:00:00,D040,V013,C04920,General Service,Completed,5,3622
SV002769,2025-01-31 00:00:00,D022,V011,C05376,Periodic Maintenance,Completed,2,1755
SV002770,2026-10-31 00:00:00,D053,V002,C05724,General Service,Completed,3,949
SV002771,2025-05-29 00:00:00,D044,V018,C02924,Oil Change,Completed,4,1564
SV002772,2026-10-17 00:00:00,D013,V014,C04948,General Service,Completed,4,3196
SV002773,2025-08-17 00:00:00,D022,V005,C01664,General Service,Completed,4,1219
SV002774,2025-02-22 00:00:00,D032,V016,C00510,General Service,Completed,2,3220
SV002775,2026-02-14 00:00:00,D048,V009,C00424,Oil Change,Completed,3,1403
SV002776,2025-10-21 00:00:00,D041,V004,C00350,Periodic Maintenance,Completed,4,5814
SV002777,2026-11-06 00:00:00,D043,V017,C00952,Repair,Completed,5,1451
SV002778,2025-09-10 00:00:00,D041,V008,C01250,Repair,Completed,3,5219
SV002779,2025-10-02 00:00:00,D012,V013,C02845,General Service,Completed,5,1580
SV002780,2025-11-10 00:00:00,D049,V009,C02218,Warranty,Completed,5,1033
SV002781,2025-02-18 00:00:00,D057,V017,C05322,Periodic Maintenance,Completed,4,1569
SV002782,2026-03-08 00:00:00,D016,V019,C04190,General Service,Completed,4,1857
SV002783,2025-11-25 00:00:00,D040,V005,C02342,General Service,Completed,5,3109
SV002784,2025-01-24 00:00:00,D052,V012,C01611,Periodic Maintenance,Completed,4,4477
SV002785,2026-07-28 00:00:00,D046,V003,C00842,Periodic Maintenance,Pending,2,1669
SV002786,2025-10-27 00:00:00,D015,V011,C02842,Oil Change,Completed,5,1926
SV002787,2026-05-23 00:00:00,D056,V019,C05609,Repair,Completed,3,3708
SV002788,2025-04-24 00:00:00,D054,V007,C00421,Periodic Maintenance,Completed,5,1633
SV002789,2026-04-19 00:00:00,D029,V018,C01693,Oil Change,Completed,1,3544
SV002790,2026-04-25 00:00:00,D008,V005,C03524,Periodic Maintenance,Completed,2,1673
SV002791,2026-10-21 00:00:00,D024,V006,C03769,General Service,Completed,5,2999
SV002792,2026-10-01 00:00:00,D015,V016,C01768,General Service,Completed,5,992
SV002793,2025-05-29 00:00:00,D014,V019,C04386,Repair,Completed,5,3785
SV002794,2025-03-09 00:00:00,D043,V014,C03954,General Service,Completed,5,1815
SV002795,2025-06-25 00:00:00,D002,V007,C00350,Periodic Maintenance,Completed,5,2329
SV002796,2025-07-25 00:00:00,D024,V012,C05459,General Service,Completed,4,4169
SV002797,2025-06-16 00:00:00,D032,V001,C05973,General Service,Completed,4,1694
SV002798,2026-01-09 00:00:00,D032,V016,C02520,Warranty,Completed,5,5497
SV002799,2026-10-03 00:00:00,D016,V013,C04494,Repair,Completed,4,3526
SV002800,2026-04-28 00:00:00,D056,V007,C03210,General Service,Completed,5,4885
SV002801,2025-08-02 00:00:00,D051,V003,C04657,Oil Change,Completed,4,4103
SV002802,2026-06-13 00:00:00,D021,V005,C01294,General Service,Completed,4,2406
SV002803,2025-09-09 00:00:00,D003,V005,C01219,Oil Change,Completed,4,4277
SV002804,2025-03-02 00:00:00,D040,V014,C01254,Repair,Completed,5,1582
SV002805,2025-06-14 00:00:00,D050,V014,C00616,General Service,Completed,5,4088
SV002806,2026-07-28 00:00:00,D049,V011,C03020,Oil Change,Completed,4,3511
SV002807,2025-03-16 00:00:00,D052,V012,C05810,General Service,Completed,4,1971
SV002808,2026-05-12 00:00:00,D004,V005,C04872,Oil Change,Cancelled,1,1614
SV002809,2025-02-16 00:00:00,D010,V009,C01932,General Service,Pending,4,2126
SV002810,2026-05-25 00:00:00,D059,V014,C01443,Repair,Completed,5,1089
SV002811,2025-12-28 00:00:00,D044,V010,C04379,General Service,Cancelled,5,7716
SV002812,2026-03-14 00:00:00,D001,V008,C04626,Periodic Maintenance,Completed,5,5669
SV002813,2026-01-20 00:00:00,D003,V011,C04746,Warranty,Completed,5,2531
SV002814,2026-04-26 00:00:00,D041,V007,C01971,General Service,Completed,5,5330
SV002815,2025-08-14 00:00:00,D007,V003,C03795,Warranty,Completed,4,4355
SV002816,2025-09-20 00:00:00,D026,V002,C00627,General Service,Completed,4,3076
SV002817,2025-11-17 00:00:00,D059,V019,C04447,General Service,Completed,4,5294
SV002818,2025-10-03 00:00:00,D044,V007,C03574,Periodic Maintenance,Completed,5,2604
SV002819,2026-03-16 00:00:00,D026,V002,C02815,Warranty,Completed,4,1549
SV002820,2026-09-27 00:00:00,D014,V013,C05070,Oil Change,Completed,5,3558
SV002821,2025-11-21 00:00:00,D006,V017,C01731,General Service,Completed,5,3048
SV002822,2026-03-16 00:00:00,D048,V005,C00877,Periodic Maintenance,Completed,5,3926
SV002823,2025-07-06 00:00:00,D015,V018,C01836,Repair,Completed,1,4029
SV002824,2025-04-02 00:00:00,D035,V017,C04533,Periodic Maintenance,Completed,5,1137
SV002825,2025-10-01 00:00:00,D010,V004,C01314,Repair,Completed,5,1026
SV002826,2025-07-28 00:00:00,D055,V016,C04416,General Service,Pending,5,5053
SV002827,2025-03-07 00:00:00,D011,V009,C04221,General Service,Completed,5,930
SV002828,2025-02-02 00:00:00,D057,V008,C03200,Oil Change,Completed,3,2093
SV002829,2025-09-18 00:00:00,D032,V003,C02184,Repair,Completed,4,4083
SV002830,2026-05-04 00:00:00,D056,V002,C04610,Periodic Maintenance,Cancelled,5,1906
SV002831,2025-01-31 00:00:00,D060,V020,C00154,Periodic Maintenance,Pending,4,2007
SV002832,2025-11-26 00:00:00,D028,V014,C00519,Periodic Maintenance,Completed,3,2357
SV002833,2026-04-06 00:00:00,D058,V014,C03222,General Service,Completed,2,3174
SV002834,2026-08-03 00:00:00,D005,V001,C01528,General Service,Cancelled,4,2503
SV002835,2025-03-31 00:00:00,D025,V013,C01312,General Service,Completed,3,1460
SV002836,2025-01-04 00:00:00,D056,V006,C01977,Oil Change,Completed,5,3949
SV002837,2025-10-04 00:00:00,D041,V013,C01634,General Service,Completed,5,1638
SV002838,2026-09-20 00:00:00,D027,V005,C03554,Periodic Maintenance,Completed,5,4295
SV002839,2026-10-27 00:00:00,D048,V005,C04777,Periodic Maintenance,Completed,2,1678
SV002840,2025-03-22 00:00:00,D013,V017,C01906,Oil Change,Completed,4,5927
SV002841,2026-09-07 00:00:00,D038,V001,C01523,General Service,Completed,2,2293
SV002842,2026-11-15 00:00:00,D045,V007,C02968,Oil Change,Completed,4,1876
SV002843,2025-05-08 00:00:00,D021,V001,C02746,Periodic Maintenance,Completed,5,3559
SV002844,2025-04-28 00:00:00,D041,V014,C03705,Periodic Maintenance,Completed,5,1939
SV002845,2026-10-17 00:00:00,D011,V009,C01359,Warranty,Completed,4,2169
SV002846,2026-06-29 00:00:00,D055,V013,C03867,Repair,Completed,4,1501
SV002847,2026-09-13 00:00:00,D024,V014,C01178,Warranty,Completed,5,1724
SV002848,2026-08-01 00:00:00,D042,V017,C00930,General Service,Pending,5,2646
SV002849,2025-06-07 00:00:00,D026,V013,C04618,Warranty,Completed,4,2039
SV002850,2025-07-17 00:00:00,D008,V005,C02630,Oil Change,Cancelled,2,838
SV002851,2026-10-18 00:00:00,D004,V011,C05567,General Service,Completed,4,5361
SV002852,2026-08-20 00:00:00,D013,V001,C05701,Periodic Maintenance,Completed,5,6531
SV002853,2025-12-28 00:00:00,D039,V005,C04204,Repair,Completed,4,3128
SV002854,2026-09-27 00:00:00,D031,V004,C01541,General Service,Completed,5,5303
SV002855,2025-04-17 00:00:00,D055,V009,C01800,General Service,Completed,3,3699
SV002856,2025-07-14 00:00:00,D046,V019,C04823,General Service,Completed,5,1366
SV002857,2025-10-22 00:00:00,D057,V015,C01798,Periodic Maintenance,Completed,4,4034
SV002858,2025-11-21 00:00:00,D029,V011,C01060,Periodic Maintenance,Completed,3,3044
SV002859,2025-01-10 00:00:00,D044,V018,C05147,Periodic Maintenance,Completed,5,2611
SV002860,2025-12-14 00:00:00,D060,V018,C01566,General Service,Completed,1,1048
SV002861,2026-08-12 00:00:00,D059,V001,C02061,Repair,Completed,5,2302
SV002862,2025-09-07 00:00:00,D005,V004,C01417,Oil Change,Pending,5,1756
SV002863,2025-05-31 00:00:00,D038,V003,C00937,General Service,Completed,1,3470
SV002864,2026-08-01 00:00:00,D054,V001,C01202,Periodic Maintenance,Completed,5,1967
SV002865,2025-02-22 00:00:00,D012,V009,C04166,Periodic Maintenance,Completed,2,1381
SV002866,2025-09-09 00:00:00,D047,V012,C05811,Oil Change,Completed,5,2031
SV002867,2026-04-24 00:00:00,D006,V014,C03324,Periodic Maintenance,Completed,5,2040
SV002868,2025-05-24 00:00:00,D013,V003,C03920,Repair,Completed,5,2747
SV002869,2025-03-06 00:00:00,D017,V014,C05478,Periodic Maintenance,Completed,4,1398
SV002870,2026-12-24 00:00:00,D025,V005,C05203,General Service,Completed,4,5035
SV002871,2025-04-23 00:00:00,D008,V001,C05581,General Service,Completed,4,1555
SV002872,2025-11-25 00:00:00,D044,V010,C01741,Oil Change,Completed,5,1157
SV002873,2026-05-30 00:00:00,D037,V015,C03414,General Service,Completed,4,2673
SV002874,2026-07-26 00:00:00,D004,V002,C05437,Repair,Completed,5,1133
SV002875,2025-01-26 00:00:00,D007,V004,C02393,General Service,Completed,5,1993
SV002876,2025-08-27 00:00:00,D033,V001,C02547,General Service,Completed,4,2597
SV002877,2025-03-22 00:00:00,D058,V008,C02171,General Service,Completed,5,1490
SV002878,2026-12-09 00:00:00,D049,V010,C04143,Periodic Maintenance,Completed,5,4189
SV002879,2025-02-06 00:00:00,D057,V008,C03366,General Service,Completed,4,2347
SV002880,2025-08-12 00:00:00,D060,V005,C03051,General Service,Completed,4,2514
SV002881,2025-08-12 00:00:00,D060,V016,C04273,Oil Change,Completed,5,6892
SV002882,2025-07-12 00:00:00,D012,V015,C05038,General Service,Completed,4,3267
SV002883,2025-01-28 00:00:00,D037,V011,C02128,General Service,Completed,5,2787
SV002884,2025-01-22 00:00:00,D058,V011,C00465,Repair,Pending,4,1768
SV002885,2026-11-25 00:00:00,D008,V005,C01004,General Service,Completed,1,1474
SV002886,2026-02-03 00:00:00,D012,V005,C05195,Warranty,Completed,4,1488
SV002887,2026-07-08 00:00:00,D057,V003,C04005,Oil Change,Completed,4,4687
SV002888,2025-04-04 00:00:00,D060,V017,C05876,Oil Change,Completed,5,1373
SV002889,2026-01-29 00:00:00,D025,V006,C02214,Oil Change,Pending,5,2116
SV002890,2025-12-27 00:00:00,D057,V012,C05075,Warranty,Completed,5,1687
SV002891,2025-04-04 00:00:00,D021,V019,C00378,General Service,Completed,3,1220
SV002892,2025-01-05 00:00:00,D032,V001,C00836,General Service,Completed,5,1714
SV002893,2025-04-18 00:00:00,D028,V003,C00867,Oil Change,Pending,4,9481
SV002894,2026-04-11 00:00:00,D013,V020,C04192,Repair,Completed,2,1072
SV002895,2025-09-13 00:00:00,D028,V008,C03443,General Service,Completed,5,2195
SV002896,2026-10-14 00:00:00,D020,V007,C04002,Repair,Pending,4,3229
SV002897,2025-07-10 00:00:00,D044,V017,C02031,Oil Change,Completed,4,927
SV002898,2025-03-07 00:00:00,D015,V016,C00945,Repair,Cancelled,5,3867
SV002899,2026-08-05 00:00:00,D014,V016,C00495,General Service,Completed,2,1618
SV002900,2025-01-09 00:00:00,D008,V007,C04475,Periodic Maintenance,Completed,5,2482
SV002901,2026-11-18 00:00:00,D026,V002,C03649,General Service,Completed,5,500
SV002902,2025-10-05 00:00:00,D010,V016,C02806,General Service,Completed,4,4708
SV002903,2026-05-16 00:00:00,D031,V018,C05184,Periodic Maintenance,Completed,4,1007
SV002904,2025-07-23 00:00:00,D057,V006,C03792,General Service,Completed,3,3573
SV002905,2025-09-07 00:00:00,D009,V002,C01079,Periodic Maintenance,Completed,5,4609
SV002906,2026-03-10 00:00:00,D006,V005,C00814,General Service,Completed,4,2517
SV002907,2025-04-19 00:00:00,D008,V012,C02223,Repair,Pending,5,1614
SV002908,2026-03-07 00:00:00,D058,V001,C04519,Warranty,Completed,5,1531
SV002909,2025-09-21 00:00:00,D045,V017,C02399,General Service,Completed,5,2425
SV002910,2025-03-29 00:00:00,D040,V020,C04465,Repair,Completed,5,2730
SV002911,2025-04-17 00:00:00,D051,V020,C04709,Periodic Maintenance,Completed,5,6195
SV002912,2026-08-06 00:00:00,D034,V016,C03522,Periodic Maintenance,Completed,5,1383
SV002913,2025-10-02 00:00:00,D007,V009,C05274,Periodic Maintenance,Cancelled,5,545
SV002914,2026-02-12 00:00:00,D018,V001,C01530,Oil Change,Completed,5,1861
SV002915,2025-12-01 00:00:00,D019,V019,C05598,Periodic Maintenance,Completed,4,7061
SV002916,2025-02-06 00:00:00,D031,V001,C05151,Periodic Maintenance,Completed,4,2002
SV002917,2026-12-25 00:00:00,D016,V007,C05725,General Service,Completed,5,2258
SV002918,2026-01-02 00:00:00,D052,V019,C01814,Repair,Completed,4,2682
SV002919,2026-01-31 00:00:00,D029,V007,C04256,Periodic Maintenance,Cancelled,4,1810
SV002920,2026-07-21 00:00:00,D022,V008,C02994,Warranty,Completed,3,2175
SV002921,2026-12-31 00:00:00,D022,V008,C04402,General Service,Completed,4,7406
SV002922,2025-11-20 00:00:00,D042,V013,C04291,Warranty,Completed,3,3050
SV002923,2025-04-09 00:00:00,D041,V004,C02662,General Service,Completed,4,2660
SV002924,2026-09-01 00:00:00,D012,V019,C03678,General Service,Completed,5,2383
SV002925,2026-05-06 00:00:00,D016,V009,C01927,Oil Change,Completed,2,4455
SV002926,2025-05-05 00:00:00,D042,V017,C02301,General Service,Pending,5,3154
SV002927,2025-08-25 00:00:00,D012,V010,C02096,General Service,Completed,3,3708
SV002928,2026-05-14 00:00:00,D023,V009,C03999,Oil Change,Completed,4,1271
SV002929,2026-10-12 00:00:00,D017,V012,C01249,Warranty,Completed,5,1845
SV002930,2026-08-08 00:00:00,D032,V007,C01080,Oil Change,Pending,5,2693
SV002931,2025-01-17 00:00:00,D009,V003,C00172,Repair,Cancelled,5,5818
SV002932,2025-02-27 00:00:00,D022,V018,C00569,General Service,Completed,5,4587
SV002933,2026-06-08 00:00:00,D048,V015,C02692,General Service,Completed,5,1660
SV002934,2026-11-19 00:00:00,D020,V007,C00555,Periodic Maintenance,Completed,5,2386
SV002935,2026-10-30 00:00:00,D003,V009,C01716,Repair,Completed,3,2864
SV002936,2025-03-05 00:00:00,D019,V013,C00232,Periodic Maintenance,Completed,1,3288
SV002937,2026-08-01 00:00:00,D052,V008,C00319,Periodic Maintenance,Completed,5,2926
SV002938,2025-12-17 00:00:00,D004,V015,C02623,Warranty,Completed,5,1675
SV002939,2026-05-11 00:00:00,D028,V005,C00363,General Service,Completed,3,1706
SV002940,2026-11-02 00:00:00,D011,V009,C02991,Repair,Completed,5,4073
SV002941,2026-12-24 00:00:00,D007,V011,C02045,Periodic Maintenance,Pending,4,4773
SV002942,2025-11-18 00:00:00,D047,V004,C03276,Periodic Maintenance,Completed,1,1524
SV002943,2026-05-17 00:00:00,D031,V003,C02228,Periodic Maintenance,Completed,4,1892
SV002944,2025-07-26 00:00:00,D058,V004,C00803,General Service,Completed,4,1992
SV002945,2025-09-12 00:00:00,D020,V005,C01556,Periodic Maintenance,Completed,5,1812
SV002946,2026-12-04 00:00:00,D041,V005,C02238,Repair,Pending,5,1730
SV002947,2026-02-06 00:00:00,D026,V010,C01181,Periodic Maintenance,Cancelled,5,3077
SV002948,2025-01-03 00:00:00,D010,V005,C04688,Repair,Completed,5,3318
SV002949,2025-07-24 00:00:00,D038,V012,C00615,Oil Change,Completed,4,1309
SV002950,2026-10-08 00:00:00,D017,V004,C05265,Warranty,Completed,5,1830
SV002951,2026-07-31 00:00:00,D035,V005,C04491,General Service,Pending,5,1236
SV002952,2025-01-30 00:00:00,D010,V016,C04539,Periodic Maintenance,Pending,4,1941
SV002953,2025-10-25 00:00:00,D056,V015,C04295,Oil Change,Completed,5,3250
SV002954,2025-11-10 00:00:00,D022,V017,C02058,General Service,Completed,5,2615
SV002955,2025-11-18 00:00:00,D049,V006,C02000,Warranty,Completed,5,2268
SV002956,2026-10-01 00:00:00,D021,V015,C01131,Periodic Maintenance,Completed,4,4726
SV002957,2025-06-05 00:00:00,D031,V008,C02015,General Service,Completed,4,2794
SV002958,2025-07-15 00:00:00,D018,V004,C02087,General Service,Completed,4,2202
SV002959,2026-02-25 00:00:00,D013,V005,C01103,General Service,Completed,5,1805
SV002960,2026-07-13 00:00:00,D013,V003,C01342,Oil Change,Completed,2,1912
SV002961,2026-12-09 00:00:00,D001,V011,C02827,General Service,Completed,5,2143
SV002962,2025-10-12 00:00:00,D024,V019,C01229,Periodic Maintenance,Completed,5,2005
SV002963,2026-08-03 00:00:00,D010,V017,C01128,General Service,Completed,5,4424
SV002964,2026-07-14 00:00:00,D035,V002,C04484,Warranty,Completed,5,2275
SV002965,2026-11-05 00:00:00,D059,V013,C00609,Warranty,Completed,3,562
SV002966,2026-02-04 00:00:00,D002,V014,C05959,Oil Change,Completed,5,1615
SV002967,2026-06-01 00:00:00,D044,V011,C01834,Warranty,Completed,4,3918
SV002968,2026-07-28 00:00:00,D046,V011,C03353,Oil Change,Cancelled,5,746
SV002969,2026-08-22 00:00:00,D058,V013,C02093,General Service,Completed,5,2307
SV002970,2025-02-24 00:00:00,D008,V011,C01728,General Service,Cancelled,4,4668
SV002971,2026-06-28 00:00:00,D002,V011,C02691,Periodic Maintenance,Completed,2,1484
SV002972,2025-12-26 00:00:00,D048,V002,C05610,Periodic Maintenance,Completed,4,542
SV002973,2026-10-26 00:00:00,D050,V007,C04753,Oil Change,Completed,5,920
SV002974,2025-10-08 00:00:00,D037,V002,C03794,Oil Change,Completed,5,2194
SV002975,2026-03-07 00:00:00,D010,V007,C03498,General Service,Completed,4,3329
SV002976,2026-12-25 00:00:00,D026,V011,C04786,General Service,Completed,4,4007
SV002977,2025-12-03 00:00:00,D058,V016,C04085,General Service,Completed,5,3623
SV002978,2025-11-01 00:00:00,D009,V009,C02951,Oil Change,Completed,5,2687
SV002979,2026-03-31 00:00:00,D036,V006,C05917,Repair,Completed,5,2489
SV002980,2025-01-19 00:00:00,D014,V006,C05672,Repair,Completed,3,2192
SV002981,2025-10-03 00:00:00,D004,V018,C02282,General Service,Completed,5,2469
SV002982,2026-07-13 00:00:00,D057,V004,C00134,Warranty,Completed,5,2111
SV002983,2026-11-27 00:00:00,D024,V002,C02210,Repair,Completed,4,2561
SV002984,2025-12-18 00:00:00,D022,V008,C02029,Oil Change,Completed,4,2064
SV002985,2026-03-03 00:00:00,D059,V015,C00966,Periodic Maintenance,Completed,3,1882
SV002986,2026-11-27 00:00:00,D059,V020,C04003,Repair,Completed,3,4257
SV002987,2026-12-31 00:00:00,D053,V005,C05014,General Service,Completed,3,2153
SV002988,2026-08-11 00:00:00,D053,V017,C00063,Periodic Maintenance,Pending,4,2075
SV002989,2025-08-10 00:00:00,D032,V002,C02276,Oil Change,Completed,5,1741
SV002990,2025-10-30 00:00:00,D049,V004,C00761,Oil Change,Completed,5,2260
SV002991,2026-03-02 00:00:00,D037,V012,C00512,Periodic Maintenance,Completed,5,2792
SV002992,2026-09-23 00:00:00,D006,V005,C03767,Warranty,Completed,4,1369
SV002993,2025-12-24 00:00:00,D012,V006,C04310,General Service,Completed,5,1383
SV002994,2026-08-08 00:00:00,D027,V010,C00244,General Service,Completed,4,3166
SV002995,2026-08-13 00:00:00,D060,V011,C03268,General Service,Pending,4,2438
SV002996,2025-04-11 00:00:00,D035,V004,C05821,Oil Change,Completed,4,2073
SV002997,2026-01-31 00:00:00,D042,V018,C01865,Oil Change,Completed,4,2826
SV002998,2025-01-18 00:00:00,D058,V003,C05623,Repair,Completed,5,1222
SV002999,2025-06-12 00:00:00,D029,V016,C05419,Repair,Completed,5,2640
SV003000,2025-02-02 00:00:00,D040,V008,C03849,General Service,Completed,5,2281
SV003001,2026-06-29 00:00:00,D008,V018,C05191,Oil Change,Completed,5,4417
SV003002,2025-12-19 00:00:00,D002,V007,C02433,Warranty,Completed,5,2527
SV003003,2025-02-23 00:00:00,D052,V009,C03461,Oil Change,Pending,5,1991
SV003004,2025-07-16 00:00:00,D005,V015,C02418,Repair,Completed,4,3487
SV003005,2026-12-11 00:00:00,D045,V018,C05290,General Service,Completed,5,2541
SV003006,2026-10-30 00:00:00,D051,V017,C04824,Periodic Maintenance,Completed,5,2367
SV003007,2025-01-11 00:00:00,D001,V014,C05839,Oil Change,Completed,3,1119
SV003008,2026-09-27 00:00:00,D057,V013,C03648,Periodic Maintenance,Completed,5,3727
SV003009,2026-10-16 00:00:00,D045,V012,C03714,Oil Change,Completed,5,777
SV003010,2026-09-01 00:00:00,D010,V004,C02862,Repair,Completed,5,3002
SV003011,2025-08-10 00:00:00,D030,V018,C04313,General Service,Completed,5,5349
SV003012,2025-03-23 00:00:00,D056,V004,C05116,Repair,Pending,5,2945
SV003013,2026-11-24 00:00:00,D037,V006,C00266,Oil Change,Completed,3,1101
SV003014,2025-04-27 00:00:00,D018,V007,C03025,General Service,Cancelled,4,1432
SV003015,2026-05-22 00:00:00,D031,V011,C04164,Periodic Maintenance,Pending,4,8703
SV003016,2026-06-02 00:00:00,D044,V012,C02540,Oil Change,Completed,5,5869
SV003017,2025-02-26 00:00:00,D003,V006,C01473,Periodic Maintenance,Completed,4,1134
SV003018,2026-12-11 00:00:00,D050,V017,C01034,Periodic Maintenance,Completed,3,1771
SV003019,2025-09-21 00:00:00,D007,V016,C04458,Warranty,Completed,4,1231
SV003020,2025-05-08 00:00:00,D035,V007,C02768,Warranty,Pending,5,2336
SV003021,2026-08-21 00:00:00,D020,V002,C01059,Oil Change,Completed,5,6145
SV003022,2026-03-24 00:00:00,D056,V002,C02211,Oil Change,Completed,3,9228
SV003023,2025-12-19 00:00:00,D040,V003,C01461,Periodic Maintenance,Completed,5,1408
SV003024,2025-01-08 00:00:00,D059,V009,C05148,General Service,Completed,1,2783
SV003025,2026-05-02 00:00:00,D006,V004,C02020,Repair,Cancelled,4,1775
SV003026,2026-03-30 00:00:00,D054,V001,C01122,Warranty,Completed,3,1371
SV003027,2025-01-03 00:00:00,D023,V010,C01038,General Service,Completed,5,3338
SV003028,2025-05-31 00:00:00,D058,V007,C04614,Oil Change,Completed,5,714
SV003029,2025-08-28 00:00:00,D049,V006,C00544,General Service,Completed,4,4866
SV003030,2026-01-20 00:00:00,D024,V019,C03985,Repair,Completed,5,1657
SV003031,2025-06-27 00:00:00,D053,V003,C00784,Repair,Completed,4,1870
SV003032,2026-10-31 00:00:00,D043,V012,C04989,General Service,Completed,5,2989
SV003033,2025-12-23 00:00:00,D050,V005,C00494,Repair,Completed,5,1962
SV003034,2026-07-09 00:00:00,D041,V012,C01443,General Service,Pending,5,2963
SV003035,2025-08-25 00:00:00,D060,V019,C02044,Periodic Maintenance,Completed,5,1273
SV003036,2025-03-16 00:00:00,D018,V014,C00618,Periodic Maintenance,Completed,5,1199
SV003037,2026-05-14 00:00:00,D005,V014,C00192,Periodic Maintenance,Completed,4,2382
SV003038,2026-06-06 00:00:00,D030,V011,C01519,Repair,Completed,5,5891
SV003039,2025-07-11 00:00:00,D041,V004,C01612,Periodic Maintenance,Completed,2,6255
SV003040,2025-09-07 00:00:00,D026,V003,C02442,Repair,Completed,3,1121
SV003041,2025-03-10 00:00:00,D002,V018,C05769,Periodic Maintenance,Completed,3,2155
SV003042,2026-08-08 00:00:00,D005,V015,C00238,Oil Change,Completed,4,1840
SV003043,2026-09-25 00:00:00,D021,V014,C01920,Periodic Maintenance,Completed,5,1444
SV003044,2025-11-13 00:00:00,D047,V005,C04393,Periodic Maintenance,Completed,5,1504
SV003045,2026-08-20 00:00:00,D022,V009,C05725,Periodic Maintenance,Completed,5,2537
SV003046,2025-08-05 00:00:00,D059,V017,C01948,Repair,Completed,3,2329
SV003047,2025-05-29 00:00:00,D046,V009,C03128,Warranty,Completed,5,3806
SV003048,2026-09-30 00:00:00,D057,V018,C01209,General Service,Completed,4,1861
SV003049,2025-04-24 00:00:00,D033,V001,C00614,Periodic Maintenance,Completed,4,2638
SV003050,2026-04-06 00:00:00,D055,V002,C01058,Repair,Completed,5,1562
SV003051,2026-10-22 00:00:00,D059,V006,C04427,Oil Change,Pending,4,1256
SV003052,2026-06-14 00:00:00,D002,V019,C05411,Periodic Maintenance,Completed,4,2262
SV003053,2025-05-29 00:00:00,D039,V008,C03492,General Service,Completed,5,589
SV003054,2025-04-14 00:00:00,D028,V005,C00618,Periodic Maintenance,Completed,5,998
SV003055,2025-01-06 00:00:00,D053,V012,C03493,General Service,Completed,1,1180
SV003056,2026-08-10 00:00:00,D039,V019,C00466,Periodic Maintenance,Completed,4,2064
SV003057,2026-04-14 00:00:00,D056,V003,C00524,Periodic Maintenance,Completed,4,3751
SV003058,2025-01-04 00:00:00,D026,V006,C05098,Oil Change,Completed,4,1042
SV003059,2026-07-03 00:00:00,D049,V017,C01945,Periodic Maintenance,Completed,5,1733
SV003060,2026-01-15 00:00:00,D008,V013,C00671,Periodic Maintenance,Pending,5,1740
SV003061,2025-12-06 00:00:00,D041,V003,C02905,Periodic Maintenance,Completed,4,2274
SV003062,2025-05-04 00:00:00,D012,V010,C00131,Oil Change,Completed,5,763
SV003063,2026-04-14 00:00:00,D024,V006,C02274,Warranty,Cancelled,5,1453
SV003064,2025-09-28 00:00:00,D043,V011,C02490,Periodic Maintenance,Cancelled,4,2612
SV003065,2025-05-07 00:00:00,D017,V008,C04538,General Service,Completed,5,3540
SV003066,2026-11-15 00:00:00,D058,V009,C05435,Oil Change,Completed,4,588
SV003067,2025-05-17 00:00:00,D039,V020,C00573,Oil Change,Pending,5,1024
SV003068,2026-12-04 00:00:00,D060,V018,C01209,Repair,Completed,3,2901
SV003069,2025-06-15 00:00:00,D044,V016,C02508,Periodic Maintenance,Completed,5,2102
SV003070,2026-10-07 00:00:00,D014,V008,C03953,General Service,Completed,4,6792
SV003071,2026-12-27 00:00:00,D045,V013,C04329,Periodic Maintenance,Completed,5,552
SV003072,2025-07-29 00:00:00,D054,V012,C02638,Repair,Completed,1,6703
SV003073,2026-09-13 00:00:00,D033,V017,C03476,Oil Change,Pending,5,1616
SV003074,2026-12-28 00:00:00,D005,V018,C05915,Periodic Maintenance,Completed,5,2879
SV003075,2025-07-08 00:00:00,D037,V004,C02342,Periodic Maintenance,Completed,4,1520
SV003076,2026-01-03 00:00:00,D010,V012,C00100,Warranty,Completed,5,1570
SV003077,2025-03-30 00:00:00,D041,V004,C02676,General Service,Completed,1,1651
SV003078,2026-05-04 00:00:00,D026,V011,C01451,Periodic Maintenance,Completed,5,5263
SV003079,2026-03-23 00:00:00,D025,V016,C00802,Periodic Maintenance,Completed,5,2774
SV003080,2026-11-24 00:00:00,D023,V020,C04541,General Service,Completed,4,1670
SV003081,2025-06-14 00:00:00,D021,V009,C04844,Repair,Completed,2,5152
SV003082,2026-06-09 00:00:00,D026,V014,C01569,Periodic Maintenance,Completed,4,2870
SV003083,2026-09-16 00:00:00,D043,V020,C02979,General Service,Completed,5,6140
SV003084,2026-02-27 00:00:00,D012,V010,C00320,Oil Change,Completed,4,1574
SV003085,2025-07-30 00:00:00,D020,V013,C03399,General Service,Completed,5,6819
SV003086,2026-02-17 00:00:00,D043,V009,C01550,Oil Change,Completed,1,5251
SV003087,2025-12-01 00:00:00,D011,V004,C03366,Oil Change,Completed,5,2514
SV003088,2026-07-20 00:00:00,D059,V013,C04272,Periodic Maintenance,Completed,5,1074
SV003089,2026-12-02 00:00:00,D034,V010,C01093,General Service,Completed,5,4940
SV003090,2026-01-01 00:00:00,D017,V012,C04578,Repair,Completed,4,3876
SV003091,2025-02-17 00:00:00,D008,V011,C05310,General Service,Cancelled,2,2772
SV003092,2026-04-17 00:00:00,D035,V014,C04617,Repair,Pending,3,4278
SV003093,2025-10-11 00:00:00,D032,V019,C02172,General Service,Cancelled,5,4996
SV003094,2025-06-26 00:00:00,D040,V009,C03971,Oil Change,Completed,5,2478
SV003095,2025-03-29 00:00:00,D019,V001,C02134,Periodic Maintenance,Cancelled,3,2211
SV003096,2025-05-21 00:00:00,D008,V010,C04098,General Service,Completed,4,6718
SV003097,2026-07-16 00:00:00,D020,V017,C03800,Repair,Completed,5,2386
SV003098,2025-03-11 00:00:00,D054,V001,C02041,Oil Change,Completed,4,2239
SV003099,2026-11-27 00:00:00,D040,V006,C02053,Oil Change,Completed,5,2003
SV003100,2026-12-15 00:00:00,D016,V008,C00879,Oil Change,Completed,2,1415
SV003101,2025-05-24 00:00:00,D019,V007,C04994,General Service,Completed,5,3542
SV003102,2026-04-30 00:00:00,D054,V001,C01080,General Service,Completed,3,3668
SV003103,2025-01-15 00:00:00,D003,V019,C02672,General Service,Completed,5,4661
SV003104,2026-01-29 00:00:00,D020,V016,C04694,Periodic Maintenance,Completed,3,2613
SV003105,2025-05-19 00:00:00,D019,V016,C00724,Periodic Maintenance,Completed,4,2294
SV003106,2025-09-07 00:00:00,D048,V014,C02273,General Service,Cancelled,4,2494
SV003107,2025-02-06 00:00:00,D010,V008,C00543,General Service,Completed,5,3898
SV003108,2026-12-15 00:00:00,D025,V019,C04086,Periodic Maintenance,Completed,5,4649
SV003109,2026-03-16 00:00:00,D018,V001,C05386,General Service,Completed,5,1178
SV003110,2026-06-19 00:00:00,D028,V017,C05402,Oil Change,Completed,3,1804
SV003111,2025-01-14 00:00:00,D019,V009,C03435,General Service,Completed,4,2054
SV003112,2025-02-23 00:00:00,D053,V014,C00617,General Service,Completed,4,2910
SV003113,2025-05-18 00:00:00,D036,V003,C05758,Repair,Completed,5,4482
SV003114,2026-04-29 00:00:00,D039,V008,C05155,Periodic Maintenance,Completed,3,736
SV003115,2026-10-10 00:00:00,D045,V009,C00191,General Service,Completed,5,1805
SV003116,2025-01-02 00:00:00,D002,V011,C03276,Repair,Completed,5,2117
SV003117,2025-10-15 00:00:00,D059,V003,C03849,Warranty,Cancelled,3,5788
SV003118,2025-12-25 00:00:00,D028,V013,C05539,Periodic Maintenance,Completed,5,665
SV003119,2026-12-28 00:00:00,D039,V011,C02484,Periodic Maintenance,Completed,5,1340
SV003120,2025-05-05 00:00:00,D015,V014,C04502,Oil Change,Completed,5,1044
SV003121,2025-04-13 00:00:00,D043,V013,C00157,General Service,Completed,5,3099
SV003122,2026-08-23 00:00:00,D038,V020,C00578,Repair,Completed,5,4070
SV003123,2026-11-06 00:00:00,D052,V004,C00326,General Service,Completed,4,3069
SV003124,2026-03-10 00:00:00,D017,V003,C01916,Oil Change,Cancelled,5,1853
SV003125,2025-03-08 00:00:00,D037,V009,C05301,Repair,Completed,5,3141
SV003126,2025-03-31 00:00:00,D022,V013,C04340,General Service,Completed,4,3427
SV003127,2026-07-07 00:00:00,D015,V004,C00546,Oil Change,Completed,3,2234
SV003128,2025-07-03 00:00:00,D041,V019,C03644,General Service,Completed,5,4179
SV003129,2025-03-19 00:00:00,D055,V005,C05315,General Service,Completed,3,1687
SV003130,2026-10-06 00:00:00,D012,V016,C02800,General Service,Completed,5,5005
SV003131,2025-10-02 00:00:00,D001,V006,C03957,Oil Change,Completed,5,1947
SV003132,2026-06-13 00:00:00,D026,V001,C05853,General Service,Completed,5,1509
SV003133,2025-05-17 00:00:00,D060,V011,C02203,Warranty,Completed,5,2768
SV003134,2026-06-01 00:00:00,D025,V004,C00297,General Service,Completed,4,1111
SV003135,2026-11-01 00:00:00,D032,V015,C01366,General Service,Completed,5,2184
SV003136,2025-09-08 00:00:00,D003,V001,C04638,Oil Change,Completed,4,2540
SV003137,2025-12-14 00:00:00,D059,V013,C05313,Periodic Maintenance,Completed,5,3141
SV003138,2025-11-08 00:00:00,D044,V003,C02724,Repair,Completed,5,3830
SV003139,2025-04-07 00:00:00,D055,V014,C00924,Warranty,Pending,4,1134
SV003140,2025-12-12 00:00:00,D039,V015,C03147,Oil Change,Completed,5,1985
SV003141,2025-03-07 00:00:00,D027,V007,C00209,Oil Change,Completed,4,1274
SV003142,2025-03-21 00:00:00,D049,V017,C04140,Warranty,Completed,5,6061
SV003143,2025-06-13 00:00:00,D059,V005,C03072,Oil Change,Pending,4,2798
SV003144,2026-03-03 00:00:00,D040,V003,C00697,Repair,Completed,4,1108
SV003145,2026-03-27 00:00:00,D058,V012,C00896,Repair,Completed,3,1191
SV003146,2025-08-19 00:00:00,D032,V001,C05835,Periodic Maintenance,Completed,4,3147
SV003147,2025-05-25 00:00:00,D055,V012,C01089,General Service,Completed,5,3654
SV003148,2025-12-01 00:00:00,D050,V003,C04409,General Service,Completed,3,1537
SV003149,2025-01-14 00:00:00,D033,V013,C00063,Repair,Completed,4,2289
SV003150,2026-07-18 00:00:00,D050,V012,C05554,General Service,Pending,3,3060
SV003151,2025-05-03 00:00:00,D031,V011,C03136,Periodic Maintenance,Completed,5,2216
SV003152,2025-06-13 00:00:00,D038,V018,C03055,Warranty,Completed,1,1522
SV003153,2026-10-13 00:00:00,D007,V005,C02039,General Service,Completed,3,1480
SV003154,2025-04-26 00:00:00,D033,V005,C01204,Repair,Completed,5,1289
SV003155,2026-12-29 00:00:00,D040,V011,C02385,General Service,Completed,3,2433
SV003156,2025-11-05 00:00:00,D033,V018,C01592,Periodic Maintenance,Completed,5,3988
SV003157,2026-08-18 00:00:00,D028,V002,C04407,Oil Change,Completed,3,3833
SV003158,2025-05-25 00:00:00,D032,V010,C00732,Periodic Maintenance,Completed,5,1677
SV003159,2026-03-31 00:00:00,D052,V008,C03985,Oil Change,Pending,5,3961
SV003160,2026-01-21 00:00:00,D009,V020,C00720,General Service,Completed,2,7032
SV003161,2025-05-18 00:00:00,D018,V003,C05225,Oil Change,Cancelled,5,2423
SV003162,2026-03-25 00:00:00,D016,V013,C01493,Warranty,Completed,3,990
SV003163,2026-02-07 00:00:00,D039,V018,C04112,Repair,Completed,4,2434
SV003164,2026-10-02 00:00:00,D037,V012,C02747,Periodic Maintenance,Completed,5,2386
SV003165,2025-04-03 00:00:00,D053,V017,C05409,Warranty,Completed,3,1634
SV003166,2025-07-07 00:00:00,D025,V012,C00233,Repair,Completed,5,2700
SV003167,2026-07-22 00:00:00,D033,V004,C05592,General Service,Completed,4,5290
SV003168,2025-05-10 00:00:00,D021,V015,C05329,Repair,Completed,5,4672
SV003169,2025-02-10 00:00:00,D058,V002,C05235,Periodic Maintenance,Completed,5,1460
SV003170,2025-02-19 00:00:00,D011,V009,C03423,Warranty,Completed,5,2126
SV003171,2025-12-22 00:00:00,D023,V009,C00107,General Service,Completed,5,2379
SV003172,2025-12-23 00:00:00,D021,V014,C03114,Oil Change,Completed,4,2203
SV003173,2025-07-02 00:00:00,D039,V001,C00135,Periodic Maintenance,Completed,5,2987
SV003174,2025-01-20 00:00:00,D011,V016,C00499,General Service,Completed,4,9993
SV003175,2025-10-21 00:00:00,D033,V019,C04260,General Service,Completed,4,1000
SV003176,2026-04-18 00:00:00,D052,V001,C02140,General Service,Completed,3,7731
SV003177,2026-07-21 00:00:00,D050,V003,C05748,General Service,Completed,4,2009
SV003178,2026-06-12 00:00:00,D032,V011,C00017,Repair,Completed,5,1960
SV003179,2026-02-15 00:00:00,D041,V012,C03661,Repair,Completed,4,2961
SV003180,2025-12-27 00:00:00,D013,V019,C05912,Oil Change,Completed,4,3510
SV003181,2025-05-16 00:00:00,D040,V001,C02007,General Service,Completed,5,1998
SV003182,2026-08-07 00:00:00,D031,V016,C00995,General Service,Completed,4,6582
SV003183,2025-05-05 00:00:00,D045,V010,C02203,General Service,Completed,4,2855
SV003184,2025-08-24 00:00:00,D029,V004,C05705,Repair,Completed,5,1659
SV003185,2026-06-19 00:00:00,D020,V009,C05570,Repair,Completed,5,3234
SV003186,2025-12-14 00:00:00,D032,V008,C00020,General Service,Completed,5,5766
SV003187,2025-07-24 00:00:00,D060,V012,C05514,Oil Change,Completed,4,2513
SV003188,2025-10-24 00:00:00,D032,V012,C01736,Repair,Completed,2,3631
SV003189,2025-01-18 00:00:00,D021,V003,C05860,General Service,Completed,5,4125
SV003190,2025-06-06 00:00:00,D059,V009,C00801,General Service,Completed,5,2325
SV003191,2025-01-30 00:00:00,D002,V012,C03647,Periodic Maintenance,Completed,5,2340
SV003192,2025-10-06 00:00:00,D001,V015,C03280,General Service,Completed,5,2192
SV003193,2026-02-04 00:00:00,D040,V017,C03632,Oil Change,Completed,5,2650
SV003194,2026-01-03 00:00:00,D010,V003,C02541,Periodic Maintenance,Completed,4,3236
SV003195,2025-02-02 00:00:00,D005,V019,C02840,Oil Change,Completed,5,2480
SV003196,2026-05-30 00:00:00,D014,V012,C02719,Oil Change,Completed,5,4952
SV003197,2026-12-22 00:00:00,D027,V011,C03207,Oil Change,Completed,4,3086
SV003198,2026-01-05 00:00:00,D010,V001,C05391,General Service,Completed,4,2483
SV003199,2025-02-20 00:00:00,D031,V010,C03841,Repair,Completed,5,2189
SV003200,2025-09-23 00:00:00,D039,V020,C02057,Warranty,Cancelled,5,1260
SV003201,2025-10-14 00:00:00,D029,V002,C02286,General Service,Completed,5,3976
SV003202,2025-01-03 00:00:00,D013,V014,C04034,Repair,Completed,4,2009
SV003203,2026-01-15 00:00:00,D047,V009,C01246,Warranty,Completed,5,2141
SV003204,2026-02-23 00:00:00,D034,V019,C01851,Repair,Completed,4,1717
SV003205,2026-06-29 00:00:00,D008,V014,C02262,Periodic Maintenance,Completed,3,2291
SV003206,2025-11-04 00:00:00,D043,V004,C03030,Repair,Completed,2,923
SV003207,2026-03-15 00:00:00,D012,V003,C02888,General Service,Completed,5,2533
SV003208,2026-05-25 00:00:00,D033,V006,C00348,Periodic Maintenance,Completed,5,6184
SV003209,2025-10-23 00:00:00,D016,V013,C03756,Warranty,Completed,3,1301
SV003210,2026-07-01 00:00:00,D006,V005,C02103,Periodic Maintenance,Completed,3,3883
SV003211,2026-07-02 00:00:00,D026,V007,C00339,Repair,Completed,5,4067
SV003212,2025-05-08 00:00:00,D058,V002,C05397,General Service,Completed,5,831
SV003213,2026-08-23 00:00:00,D048,V015,C02415,Periodic Maintenance,Completed,4,3257
SV003214,2026-02-18 00:00:00,D041,V019,C05222,Periodic Maintenance,Completed,3,3369
SV003215,2025-04-16 00:00:00,D011,V003,C03812,General Service,Completed,4,1596
SV003216,2026-10-16 00:00:00,D025,V009,C05033,Oil Change,Completed,4,1221
SV003217,2025-02-12 00:00:00,D012,V019,C05287,Periodic Maintenance,Pending,5,2517
SV003218,2026-05-22 00:00:00,D022,V012,C05209,Repair,Completed,5,5553
SV003219,2026-11-22 00:00:00,D009,V002,C00156,General Service,Completed,4,5902
SV003220,2025-11-08 00:00:00,D039,V009,C04862,General Service,Completed,5,4565
SV003221,2026-01-19 00:00:00,D011,V001,C02892,General Service,Completed,5,7371
SV003222,2026-04-14 00:00:00,D023,V011,C04768,General Service,Completed,3,2366
SV003223,2025-12-05 00:00:00,D058,V017,C00438,Repair,Completed,5,2337
SV003224,2025-07-30 00:00:00,D002,V020,C05004,Warranty,Completed,5,4945
SV003225,2025-02-06 00:00:00,D052,V005,C04486,Oil Change,Completed,5,757
SV003226,2025-01-11 00:00:00,D034,V010,C02969,Oil Change,Completed,3,2392
SV003227,2026-09-11 00:00:00,D024,V014,C01888,General Service,Completed,4,974
SV003228,2025-08-08 00:00:00,D050,V014,C01964,Oil Change,Completed,3,3216
SV003229,2025-05-23 00:00:00,D056,V019,C01850,Warranty,Completed,4,5515
SV003230,2025-03-04 00:00:00,D030,V020,C05872,Oil Change,Completed,5,1791
SV003231,2025-10-06 00:00:00,D001,V007,C00056,General Service,Completed,2,2774
SV003232,2026-12-26 00:00:00,D030,V007,C05698,Oil Change,Completed,3,959
SV003233,2026-03-01 00:00:00,D039,V004,C03822,General Service,Completed,5,2709
SV003234,2026-10-27 00:00:00,D020,V001,C00942,Oil Change,Completed,5,3367
SV003235,2025-12-30 00:00:00,D023,V016,C05750,Repair,Completed,5,1879
SV003236,2026-09-18 00:00:00,D050,V019,C01030,General Service,Completed,4,4087
SV003237,2025-06-24 00:00:00,D053,V020,C02335,Periodic Maintenance,Completed,3,2775
SV003238,2025-09-27 00:00:00,D039,V013,C00039,Oil Change,Completed,5,4431
SV003239,2026-02-19 00:00:00,D006,V001,C05093,General Service,Completed,5,1054
SV003240,2026-06-16 00:00:00,D049,V005,C02001,General Service,Completed,5,2080
SV003241,2025-08-17 00:00:00,D015,V011,C03642,Warranty,Completed,4,1878
SV003242,2025-11-10 00:00:00,D050,V007,C00454,Periodic Maintenance,Completed,5,2265
SV003243,2025-10-16 00:00:00,D023,V001,C01656,General Service,Completed,4,1531
SV003244,2026-04-07 00:00:00,D015,V012,C03957,General Service,Completed,4,2143
SV003245,2025-12-18 00:00:00,D005,V007,C03809,Warranty,Completed,4,1529
SV003246,2026-08-17 00:00:00,D031,V013,C04039,General Service,Completed,5,3265
SV003247,2026-01-31 00:00:00,D007,V009,C02406,Periodic Maintenance,Completed,5,1424
SV003248,2026-08-18 00:00:00,D055,V012,C02855,Warranty,Completed,5,2078
SV003249,2026-03-07 00:00:00,D031,V013,C05339,Oil Change,Completed,4,1517
SV003250,2026-11-11 00:00:00,D037,V013,C04020,General Service,Completed,5,2265
SV003251,2025-09-30 00:00:00,D027,V001,C04631,General Service,Completed,4,1921
SV003252,2026-05-07 00:00:00,D046,V015,C00426,General Service,Completed,5,2134
SV003253,2026-02-02 00:00:00,D044,V016,C00467,Periodic Maintenance,Completed,5,784
SV003254,2025-01-18 00:00:00,D026,V018,C02763,Periodic Maintenance,Completed,3,2402
SV003255,2026-02-10 00:00:00,D060,V020,C01993,General Service,Completed,4,2050
SV003256,2025-10-08 00:00:00,D039,V019,C05618,Periodic Maintenance,Completed,5,1065
SV003257,2026-01-28 00:00:00,D050,V013,C04504,Repair,Completed,5,2077
SV003258,2025-03-25 00:00:00,D048,V017,C05800,Repair,Completed,5,864
SV003259,2026-09-20 00:00:00,D036,V019,C02440,Warranty,Completed,5,5191
SV003260,2026-02-03 00:00:00,D037,V018,C03637,Periodic Maintenance,Completed,4,1816
SV003261,2025-06-13 00:00:00,D028,V009,C03172,Periodic Maintenance,Completed,5,1682
SV003262,2026-07-12 00:00:00,D035,V015,C04217,Warranty,Completed,5,2582
SV003263,2025-11-20 00:00:00,D003,V017,C04557,Repair,Completed,4,2387
SV003264,2025-05-12 00:00:00,D019,V010,C00641,General Service,Completed,5,2761
SV003265,2026-11-30 00:00:00,D018,V020,C03182,General Service,Completed,5,1287
SV003266,2025-12-19 00:00:00,D030,V004,C01448,Periodic Maintenance,Completed,5,3135
SV003267,2026-05-14 00:00:00,D027,V007,C02247,General Service,Completed,5,1587
SV003268,2026-05-08 00:00:00,D054,V001,C03573,Repair,Completed,4,2617
SV003269,2025-02-17 00:00:00,D017,V010,C03822,Periodic Maintenance,Pending,4,1826
SV003270,2025-05-01 00:00:00,D012,V005,C02886,Periodic Maintenance,Completed,4,819
SV003271,2025-08-28 00:00:00,D033,V006,C01005,Repair,Completed,5,3021
SV003272,2025-07-09 00:00:00,D032,V015,C01745,General Service,Completed,4,5649
SV003273,2026-01-31 00:00:00,D042,V017,C04905,Repair,Completed,5,5944
SV003274,2025-05-04 00:00:00,D049,V008,C02445,Oil Change,Completed,4,1727
SV003275,2025-02-06 00:00:00,D059,V006,C00178,General Service,Completed,5,895
SV003276,2026-08-09 00:00:00,D043,V009,C03098,Periodic Maintenance,Completed,4,2350
SV003277,2026-08-04 00:00:00,D015,V011,C05022,General Service,Completed,3,5399
SV003278,2025-05-09 00:00:00,D003,V004,C02144,Repair,Completed,4,6143
SV003279,2025-01-25 00:00:00,D051,V017,C03054,Periodic Maintenance,Completed,5,1240
SV003280,2026-12-14 00:00:00,D050,V018,C03284,Repair,Completed,4,1382
SV003281,2025-05-21 00:00:00,D027,V010,C03855,General Service,Completed,4,827
SV003282,2026-01-13 00:00:00,D058,V004,C02365,General Service,Completed,5,2645
SV003283,2025-09-24 00:00:00,D053,V003,C04816,Periodic Maintenance,Completed,4,1296
SV003284,2025-08-17 00:00:00,D009,V011,C02350,Oil Change,Cancelled,2,1704
SV003285,2025-03-04 00:00:00,D039,V003,C02530,General Service,Completed,3,1691
SV003286,2026-01-06 00:00:00,D009,V013,C02235,Repair,Completed,4,1143
SV003287,2025-01-29 00:00:00,D059,V007,C04085,General Service,Pending,5,1085
SV003288,2025-10-12 00:00:00,D007,V005,C05095,General Service,Completed,4,4900
SV003289,2025-05-16 00:00:00,D058,V012,C05812,Warranty,Completed,2,6516
SV003290,2025-01-09 00:00:00,D056,V019,C05757,Periodic Maintenance,Completed,4,3765
SV003291,2025-10-22 00:00:00,D037,V003,C00046,General Service,Completed,3,2319
SV003292,2026-09-03 00:00:00,D006,V014,C00713,General Service,Completed,5,3420
SV003293,2025-10-24 00:00:00,D044,V013,C00409,Oil Change,Completed,4,4565
SV003294,2026-11-25 00:00:00,D003,V008,C01229,Warranty,Completed,4,3555
SV003295,2025-06-02 00:00:00,D041,V013,C00267,Periodic Maintenance,Completed,5,3208
SV003296,2025-04-02 00:00:00,D031,V015,C03375,Warranty,Completed,5,4997
SV003297,2025-04-24 00:00:00,D013,V011,C00396,General Service,Completed,4,4283
SV003298,2025-07-02 00:00:00,D018,V010,C00504,Oil Change,Completed,2,1810
SV003299,2026-06-15 00:00:00,D002,V019,C01815,General Service,Completed,2,3247
SV003300,2025-07-12 00:00:00,D028,V014,C00227,Warranty,Completed,3,5663
SV003301,2025-10-15 00:00:00,D011,V010,C02391,Periodic Maintenance,Completed,5,3157
SV003302,2026-08-15 00:00:00,D045,V002,C00143,General Service,Completed,4,2369
SV003303,2026-10-27 00:00:00,D005,V017,C03589,General Service,Completed,5,4428
SV003304,2025-08-29 00:00:00,D017,V001,C02566,Repair,Completed,5,7805
SV003305,2026-11-22 00:00:00,D011,V007,C05374,General Service,Completed,5,2241
SV003306,2026-05-26 00:00:00,D037,V011,C05646,Oil Change,Completed,4,4598
SV003307,2026-01-18 00:00:00,D054,V006,C03404,Periodic Maintenance,Completed,3,2073
SV003308,2026-10-16 00:00:00,D038,V001,C05947,Oil Change,Completed,5,4612
SV003309,2025-06-14 00:00:00,D043,V005,C02001,General Service,Completed,4,2200
SV003310,2026-09-18 00:00:00,D009,V006,C03567,Oil Change,Completed,4,1418
SV003311,2025-04-12 00:00:00,D003,V009,C04906,Warranty,Pending,5,2593
SV003312,2026-12-09 00:00:00,D015,V001,C03527,General Service,Completed,5,3099
SV003313,2025-03-07 00:00:00,D057,V018,C05205,Repair,Completed,5,3128
SV003314,2026-10-12 00:00:00,D043,V019,C04973,Periodic Maintenance,Completed,3,6435
SV003315,2025-08-25 00:00:00,D022,V012,C02016,General Service,Completed,5,3604
SV003316,2025-05-07 00:00:00,D042,V001,C03081,Periodic Maintenance,Completed,2,904
SV003317,2025-08-10 00:00:00,D043,V020,C00063,Oil Change,Completed,5,3975
SV003318,2025-05-13 00:00:00,D015,V019,C05770,Warranty,Completed,5,7461
SV003319,2026-02-19 00:00:00,D003,V013,C05266,Periodic Maintenance,Completed,4,7695
SV003320,2025-04-21 00:00:00,D008,V016,C04700,Periodic Maintenance,Completed,4,7284
SV003321,2025-03-08 00:00:00,D053,V013,C03456,Oil Change,Completed,4,915
SV003322,2026-11-15 00:00:00,D014,V007,C02388,Periodic Maintenance,Cancelled,5,1776
SV003323,2025-11-16 00:00:00,D023,V013,C00684,Repair,Cancelled,5,2851
SV003324,2026-01-14 00:00:00,D006,V009,C03062,Warranty,Completed,2,3898
SV003325,2025-06-17 00:00:00,D016,V013,C00285,Oil Change,Cancelled,1,7750
SV003326,2025-07-13 00:00:00,D046,V005,C02510,Oil Change,Completed,4,5510
SV003327,2026-07-10 00:00:00,D018,V018,C02719,Warranty,Completed,4,2594
SV003328,2025-02-23 00:00:00,D041,V003,C00868,General Service,Completed,5,3876
SV003329,2025-08-23 00:00:00,D039,V017,C01840,Periodic Maintenance,Completed,5,7197
SV003330,2026-07-31 00:00:00,D041,V008,C00156,Periodic Maintenance,Completed,3,3766
SV003331,2026-12-02 00:00:00,D004,V004,C01244,Periodic Maintenance,Completed,2,2199
SV003332,2025-11-21 00:00:00,D055,V006,C02820,Oil Change,Cancelled,4,3648
SV003333,2025-09-24 00:00:00,D022,V003,C04491,General Service,Pending,4,7813
SV003334,2026-06-29 00:00:00,D028,V020,C01203,Oil Change,Completed,4,2452
SV003335,2026-11-08 00:00:00,D001,V019,C02767,Repair,Completed,4,5330
SV003336,2026-08-07 00:00:00,D014,V005,C02895,General Service,Completed,3,1736
SV003337,2026-08-01 00:00:00,D007,V016,C04797,Repair,Completed,5,1509
SV003338,2026-12-22 00:00:00,D026,V015,C02062,General Service,Pending,1,2170
SV003339,2025-08-27 00:00:00,D057,V010,C05441,Periodic Maintenance,Completed,3,8939
SV003340,2026-04-12 00:00:00,D022,V007,C05689,Oil Change,Completed,4,1749
SV003341,2025-08-28 00:00:00,D011,V011,C02498,General Service,Pending,4,5485
SV003342,2026-06-15 00:00:00,D006,V017,C05241,General Service,Completed,3,3946
SV003343,2025-04-26 00:00:00,D060,V020,C03421,Repair,Completed,4,2642
SV003344,2025-08-15 00:00:00,D036,V012,C03585,Oil Change,Completed,2,636
SV003345,2026-03-04 00:00:00,D014,V016,C04841,Periodic Maintenance,Completed,4,3686
SV003346,2026-10-24 00:00:00,D055,V004,C00398,Periodic Maintenance,Completed,5,2626
SV003347,2026-04-02 00:00:00,D043,V020,C01059,Repair,Pending,5,1751
SV003348,2026-06-08 00:00:00,D038,V008,C01411,General Service,Pending,5,4151
SV003349,2025-11-10 00:00:00,D052,V010,C05557,General Service,Completed,4,1671
SV003350,2026-07-21 00:00:00,D023,V003,C02783,General Service,Completed,5,2389
SV003351,2025-06-20 00:00:00,D030,V016,C04198,Oil Change,Completed,4,3655
SV003352,2025-06-26 00:00:00,D013,V006,C05406,Oil Change,Completed,4,4378
SV003353,2026-04-06 00:00:00,D030,V014,C02870,General Service,Completed,5,5005
SV003354,2026-09-04 00:00:00,D016,V010,C05593,General Service,Completed,4,3423
SV003355,2025-05-17 00:00:00,D042,V017,C03007,Warranty,Completed,3,1649
SV003356,2025-06-02 00:00:00,D040,V013,C05174,Repair,Completed,3,1563
SV003357,2025-11-09 00:00:00,D043,V006,C03207,Periodic Maintenance,Completed,4,1149
SV003358,2025-11-03 00:00:00,D019,V020,C02276,Periodic Maintenance,Completed,4,1550
SV003359,2026-09-11 00:00:00,D010,V010,C04585,General Service,Pending,2,1755
SV003360,2025-12-03 00:00:00,D031,V015,C03236,Repair,Completed,2,2219
SV003361,2025-01-15 00:00:00,D009,V020,C05794,Periodic Maintenance,Completed,3,3299
SV003362,2026-08-07 00:00:00,D006,V019,C01296,Warranty,Completed,5,2231
SV003363,2025-05-10 00:00:00,D017,V017,C03082,Repair,Completed,5,2608
SV003364,2026-06-01 00:00:00,D020,V013,C05289,Periodic Maintenance,Completed,5,1279
SV003365,2025-10-31 00:00:00,D039,V011,C03634,Repair,Completed,2,2495
SV003366,2025-01-02 00:00:00,D024,V001,C03376,Periodic Maintenance,Completed,3,4614
SV003367,2025-05-09 00:00:00,D028,V006,C00455,Warranty,Completed,2,4428
SV003368,2026-04-12 00:00:00,D020,V016,C03158,General Service,Cancelled,4,1383
SV003369,2025-11-29 00:00:00,D036,V019,C05503,General Service,Completed,5,2522
SV003370,2026-12-04 00:00:00,D051,V003,C04333,Periodic Maintenance,Completed,5,2233
SV003371,2025-08-23 00:00:00,D053,V010,C00883,Repair,Completed,4,1424
SV003372,2026-09-10 00:00:00,D009,V002,C00664,Warranty,Completed,5,2073
SV003373,2025-04-22 00:00:00,D024,V011,C05634,General Service,Cancelled,3,3123
SV003374,2025-03-19 00:00:00,D025,V016,C00587,General Service,Completed,2,1748
SV003375,2025-07-24 00:00:00,D013,V012,C05188,Periodic Maintenance,Completed,5,4318
SV003376,2026-05-26 00:00:00,D033,V004,C04203,General Service,Completed,2,3636
SV003377,2026-01-12 00:00:00,D024,V007,C03359,Periodic Maintenance,Completed,4,2624
SV003378,2025-10-16 00:00:00,D008,V005,C01818,General Service,Completed,4,2416
SV003379,2025-08-21 00:00:00,D049,V001,C02059,Warranty,Completed,4,4279
SV003380,2025-02-07 00:00:00,D059,V016,C04927,Periodic Maintenance,Pending,4,597
SV003381,2025-09-22 00:00:00,D041,V017,C01080,Repair,Completed,5,3606
SV003382,2026-04-19 00:00:00,D058,V007,C05151,Periodic Maintenance,Completed,3,2879
SV003383,2025-03-10 00:00:00,D041,V020,C04562,Oil Change,Completed,5,2754
SV003384,2025-06-11 00:00:00,D052,V006,C05485,General Service,Completed,4,1660
SV003385,2025-06-30 00:00:00,D056,V014,C05288,Warranty,Completed,5,4291
SV003386,2025-05-11 00:00:00,D040,V010,C04310,Repair,Completed,2,1782
SV003387,2025-09-06 00:00:00,D032,V008,C01425,Warranty,Completed,3,4154
SV003388,2025-11-16 00:00:00,D044,V011,C04611,Periodic Maintenance,Completed,4,2914
SV003389,2026-02-03 00:00:00,D042,V008,C01836,General Service,Completed,1,5026
SV003390,2026-04-07 00:00:00,D009,V007,C05744,General Service,Completed,5,4067
SV003391,2026-07-09 00:00:00,D004,V012,C01611,Oil Change,Completed,5,3842
SV003392,2025-03-09 00:00:00,D059,V006,C02554,Repair,Completed,5,1047
SV003393,2026-08-19 00:00:00,D044,V013,C02669,Periodic Maintenance,Completed,5,1648
SV003394,2025-05-31 00:00:00,D006,V004,C05568,Repair,Completed,4,1209
SV003395,2026-05-08 00:00:00,D028,V008,C02931,Periodic Maintenance,Completed,4,1772
SV003396,2025-03-05 00:00:00,D046,V006,C03379,Repair,Completed,4,3050
SV003397,2026-06-21 00:00:00,D013,V016,C00076,Warranty,Completed,4,1983
SV003398,2026-10-22 00:00:00,D011,V004,C04305,Periodic Maintenance,Cancelled,3,3214
SV003399,2025-03-19 00:00:00,D041,V013,C03932,Periodic Maintenance,Cancelled,3,1471
SV003400,2025-08-13 00:00:00,D043,V001,C02157,Warranty,Completed,5,2832
SV003401,2025-07-28 00:00:00,D019,V020,C00913,General Service,Completed,5,1294
SV003402,2026-11-17 00:00:00,D039,V010,C04271,Periodic Maintenance,Completed,5,1679
SV003403,2026-09-26 00:00:00,D031,V002,C01868,Repair,Completed,4,4253
SV003404,2026-02-11 00:00:00,D003,V006,C04437,General Service,Completed,5,6476
SV003405,2025-05-24 00:00:00,D010,V020,C02803,Repair,Completed,3,3767
SV003406,2026-08-29 00:00:00,D016,V006,C00007,Periodic Maintenance,Completed,4,1962
SV003407,2026-05-24 00:00:00,D029,V019,C02088,General Service,Completed,4,2599
SV003408,2025-02-06 00:00:00,D042,V013,C04532,Repair,Completed,3,3252
SV003409,2026-10-04 00:00:00,D051,V014,C01847,Periodic Maintenance,Completed,5,2694
SV003410,2026-08-03 00:00:00,D030,V004,C00627,Repair,Completed,5,2129
SV003411,2025-05-11 00:00:00,D011,V013,C04144,Periodic Maintenance,Completed,4,1836
SV003412,2025-11-08 00:00:00,D018,V006,C05107,Periodic Maintenance,Completed,4,1590
SV003413,2026-08-27 00:00:00,D057,V011,C04489,Oil Change,Completed,2,1185
SV003414,2026-01-09 00:00:00,D002,V002,C05805,General Service,Completed,1,1222
SV003415,2026-11-26 00:00:00,D060,V013,C01343,Warranty,Completed,5,5777
SV003416,2026-07-12 00:00:00,D052,V017,C01684,Warranty,Completed,4,1460
SV003417,2025-07-26 00:00:00,D033,V020,C05286,Periodic Maintenance,Completed,1,1956
SV003418,2026-02-17 00:00:00,D047,V005,C03177,General Service,Pending,3,1548
SV003419,2025-09-08 00:00:00,D013,V005,C00378,Periodic Maintenance,Completed,5,2015
SV003420,2025-06-14 00:00:00,D037,V020,C02244,General Service,Completed,5,2715
SV003421,2026-12-01 00:00:00,D045,V005,C03861,Repair,Pending,4,6287
SV003422,2026-01-07 00:00:00,D029,V019,C03062,General Service,Completed,5,5794
SV003423,2025-04-11 00:00:00,D014,V007,C03916,General Service,Completed,4,1627
SV003424,2025-03-03 00:00:00,D007,V020,C03916,General Service,Completed,4,2980
SV003425,2026-05-15 00:00:00,D004,V002,C05711,Periodic Maintenance,Completed,4,3105
SV003426,2025-01-22 00:00:00,D019,V007,C01551,Oil Change,Completed,4,2417
SV003427,2025-05-18 00:00:00,D027,V012,C00726,Oil Change,Completed,2,1832
SV003428,2026-08-23 00:00:00,D033,V012,C03991,Periodic Maintenance,Completed,5,3898
SV003429,2025-10-05 00:00:00,D050,V020,C02872,General Service,Completed,5,2616
SV003430,2025-06-08 00:00:00,D004,V008,C00735,Periodic Maintenance,Completed,4,4826
SV003431,2026-02-06 00:00:00,D029,V019,C02298,General Service,Completed,4,3030
SV003432,2025-04-30 00:00:00,D045,V020,C03830,Periodic Maintenance,Completed,4,3118
SV003433,2025-07-07 00:00:00,D028,V005,C03843,Oil Change,Completed,5,3218
SV003434,2026-12-18 00:00:00,D030,V020,C04846,General Service,Completed,5,6001
SV003435,2025-12-22 00:00:00,D025,V019,C01582,Periodic Maintenance,Completed,5,2887
SV003436,2025-04-29 00:00:00,D046,V019,C04559,Oil Change,Completed,5,1570
SV003437,2025-02-11 00:00:00,D042,V015,C03621,Warranty,Completed,3,2374
SV003438,2026-04-13 00:00:00,D019,V016,C03245,Oil Change,Pending,5,4400
SV003439,2025-09-20 00:00:00,D029,V004,C01076,Periodic Maintenance,Completed,2,3197
SV003440,2025-07-04 00:00:00,D007,V006,C02536,Periodic Maintenance,Completed,4,7487
SV003441,2026-10-10 00:00:00,D052,V013,C02276,General Service,Completed,4,6299
SV003442,2026-09-15 00:00:00,D046,V001,C00740,Oil Change,Cancelled,4,6253
SV003443,2025-12-22 00:00:00,D041,V006,C05538,Repair,Completed,4,7232
SV003444,2025-03-28 00:00:00,D015,V020,C02826,Periodic Maintenance,Completed,5,3086
SV003445,2026-02-20 00:00:00,D046,V008,C00592,Periodic Maintenance,Cancelled,4,1785
SV003446,2026-12-04 00:00:00,D038,V001,C02106,Oil Change,Completed,2,5147
SV003447,2025-09-30 00:00:00,D016,V009,C04027,Periodic Maintenance,Pending,5,2059
SV003448,2026-05-15 00:00:00,D019,V018,C03259,General Service,Completed,4,1278
SV003449,2026-09-09 00:00:00,D059,V016,C03234,Warranty,Completed,4,4000
SV003450,2025-08-07 00:00:00,D018,V019,C03834,Oil Change,Completed,5,3648
SV003451,2025-08-07 00:00:00,D019,V018,C04128,General Service,Completed,5,1362
SV003452,2026-04-16 00:00:00,D013,V016,C01869,Oil Change,Completed,5,3057
SV003453,2025-02-23 00:00:00,D039,V015,C02361,Periodic Maintenance,Completed,5,2748
SV003454,2025-06-11 00:00:00,D046,V014,C02146,Warranty,Completed,5,2862
SV003455,2026-09-13 00:00:00,D017,V019,C01095,General Service,Completed,5,3634
SV003456,2025-09-30 00:00:00,D008,V018,C03228,Oil Change,Completed,3,5407
SV003457,2025-10-05 00:00:00,D001,V003,C03554,Warranty,Completed,5,3800
SV003458,2025-09-03 00:00:00,D013,V002,C02933,Periodic Maintenance,Completed,5,1625
SV003459,2026-09-29 00:00:00,D047,V016,C02185,General Service,Completed,5,2026
SV003460,2026-10-21 00:00:00,D050,V014,C03881,Oil Change,Completed,5,2943
SV003461,2026-11-12 00:00:00,D028,V012,C04367,General Service,Pending,5,1403
SV003462,2026-05-06 00:00:00,D018,V012,C02485,Warranty,Completed,4,1921
SV003463,2025-04-09 00:00:00,D050,V012,C04999,General Service,Completed,5,2237
SV003464,2026-07-28 00:00:00,D059,V005,C03043,Warranty,Completed,4,1882
SV003465,2025-09-17 00:00:00,D046,V005,C05553,General Service,Completed,3,1606
SV003466,2025-10-27 00:00:00,D042,V004,C03242,Oil Change,Cancelled,4,959
SV003467,2025-11-28 00:00:00,D057,V008,C03157,General Service,Completed,2,1768
SV003468,2026-03-05 00:00:00,D040,V008,C04137,Periodic Maintenance,Completed,3,2554
SV003469,2026-12-05 00:00:00,D012,V009,C05610,Warranty,Completed,3,5956
SV003470,2025-03-29 00:00:00,D056,V015,C00987,General Service,Completed,5,2933
SV003471,2025-08-04 00:00:00,D058,V018,C03046,General Service,Completed,5,1941
SV003472,2026-07-31 00:00:00,D031,V003,C03041,Warranty,Completed,3,2708
SV003473,2026-05-12 00:00:00,D039,V008,C00397,General Service,Completed,4,1342
SV003474,2025-08-18 00:00:00,D024,V001,C03473,Oil Change,Completed,4,3684
SV003475,2026-10-13 00:00:00,D060,V002,C05833,General Service,Completed,5,4035
SV003476,2025-09-20 00:00:00,D016,V018,C04009,General Service,Completed,4,4043
SV003477,2025-08-09 00:00:00,D038,V012,C05026,Oil Change,Cancelled,4,1499
SV003478,2025-10-06 00:00:00,D003,V002,C05161,Periodic Maintenance,Completed,4,2306
SV003479,2026-12-22 00:00:00,D017,V011,C04964,Warranty,Completed,4,1843
SV003480,2025-12-23 00:00:00,D054,V015,C01651,General Service,Pending,5,2195
SV003481,2025-01-09 00:00:00,D031,V007,C02025,Oil Change,Cancelled,4,2121
SV003482,2026-10-03 00:00:00,D028,V010,C00703,General Service,Completed,5,2864
SV003483,2026-04-24 00:00:00,D047,V015,C00857,General Service,Completed,4,3282
SV003484,2025-07-14 00:00:00,D037,V004,C01897,Repair,Completed,4,1550
SV003485,2025-07-11 00:00:00,D046,V013,C05954,Repair,Completed,3,1228
SV003486,2026-09-09 00:00:00,D054,V007,C00240,Periodic Maintenance,Completed,4,2246
SV003487,2026-07-12 00:00:00,D002,V016,C00454,Periodic Maintenance,Cancelled,5,2900
SV003488,2025-05-26 00:00:00,D024,V013,C01969,General Service,Completed,4,1009
SV003489,2025-12-02 00:00:00,D049,V004,C00363,Repair,Cancelled,5,2971
SV003490,2025-04-17 00:00:00,D036,V019,C04305,Periodic Maintenance,Completed,5,720
SV003491,2025-07-16 00:00:00,D045,V008,C01385,Repair,Completed,4,5378
SV003492,2025-03-09 00:00:00,D031,V020,C00035,General Service,Completed,5,2422
SV003493,2025-09-11 00:00:00,D057,V006,C04725,Repair,Completed,5,1698
SV003494,2025-01-10 00:00:00,D044,V007,C04448,General Service,Completed,3,1704
SV003495,2025-06-12 00:00:00,D039,V012,C04607,General Service,Completed,5,1534
SV003496,2026-04-18 00:00:00,D052,V018,C00232,Periodic Maintenance,Completed,4,2015
SV003497,2026-08-11 00:00:00,D004,V007,C04660,Periodic Maintenance,Completed,5,2617
SV003498,2026-08-07 00:00:00,D029,V019,C05324,General Service,Completed,4,2074
SV003499,2025-12-20 00:00:00,D032,V001,C01049,General Service,Completed,4,2568
SV003500,2026-03-25 00:00:00,D017,V020,C03687,Oil Change,Completed,5,2030
SV003501,2026-04-10 00:00:00,D012,V018,C00544,Warranty,Completed,4,3022
SV003502,2026-10-19 00:00:00,D019,V016,C02573,Periodic Maintenance,Completed,5,4839
SV003503,2025-08-17 00:00:00,D002,V020,C00770,General Service,Completed,4,1526
SV003504,2025-09-17 00:00:00,D015,V017,C03901,Oil Change,Completed,5,4606
SV003505,2026-04-01 00:00:00,D053,V020,C02857,General Service,Completed,5,2741
SV003506,2026-01-29 00:00:00,D043,V012,C04466,General Service,Completed,4,4054
SV003507,2026-06-21 00:00:00,D058,V011,C00921,General Service,Completed,5,3330
SV003508,2026-07-03 00:00:00,D060,V014,C01596,Oil Change,Completed,4,7043
SV003509,2025-11-16 00:00:00,D021,V014,C04079,Oil Change,Completed,3,2234
SV003510,2026-04-05 00:00:00,D052,V013,C04174,General Service,Completed,2,3702
SV003511,2025-02-04 00:00:00,D035,V011,C04986,General Service,Completed,4,2836
SV003512,2026-11-08 00:00:00,D055,V005,C04022,Repair,Completed,5,4047
SV003513,2025-01-12 00:00:00,D007,V018,C00182,Repair,Completed,5,3202
SV003514,2026-07-01 00:00:00,D002,V001,C02495,Periodic Maintenance,Completed,5,3715
SV003515,2026-06-22 00:00:00,D025,V012,C02272,Warranty,Completed,2,1504
SV003516,2025-03-14 00:00:00,D043,V015,C05082,Warranty,Completed,5,2316
SV003517,2026-05-31 00:00:00,D039,V020,C02373,Periodic Maintenance,Completed,4,3301
SV003518,2025-06-30 00:00:00,D028,V001,C04864,General Service,Completed,5,2334
SV003519,2026-12-31 00:00:00,D040,V014,C00046,Warranty,Completed,2,2520
SV003520,2025-04-08 00:00:00,D026,V007,C03557,Periodic Maintenance,Completed,5,1212
SV003521,2025-10-17 00:00:00,D022,V007,C00901,General Service,Completed,3,3089
SV003522,2025-02-28 00:00:00,D028,V011,C04685,Oil Change,Completed,5,2631
SV003523,2025-01-31 00:00:00,D029,V013,C05403,Periodic Maintenance,Completed,5,1285
SV003524,2025-05-01 00:00:00,D022,V010,C05267,Periodic Maintenance,Completed,4,2487
SV003525,2025-09-29 00:00:00,D006,V020,C03130,General Service,Completed,5,3037
SV003526,2026-03-22 00:00:00,D020,V004,C04618,Periodic Maintenance,Completed,5,2173
SV003527,2026-09-16 00:00:00,D045,V002,C02788,General Service,Completed,4,2786
SV003528,2026-09-12 00:00:00,D017,V013,C00908,Oil Change,Completed,4,1139
SV003529,2025-08-13 00:00:00,D054,V005,C01296,Oil Change,Completed,5,6851
SV003530,2026-11-03 00:00:00,D028,V011,C02419,Repair,Completed,5,1875
SV003531,2025-06-22 00:00:00,D020,V018,C00260,Periodic Maintenance,Completed,5,10907
SV003532,2025-05-18 00:00:00,D020,V013,C01819,General Service,Pending,5,1891
SV003533,2025-12-15 00:00:00,D058,V014,C05573,Warranty,Completed,5,1201
SV003534,2026-01-21 00:00:00,D032,V004,C03212,Warranty,Completed,5,2797
SV003535,2026-04-17 00:00:00,D029,V002,C02173,Warranty,Completed,1,1953
SV003536,2026-06-05 00:00:00,D014,V019,C05027,Repair,Completed,5,1223
SV003537,2025-05-13 00:00:00,D041,V008,C02416,General Service,Completed,4,1833
SV003538,2025-03-16 00:00:00,D015,V018,C02040,General Service,Completed,5,1439
SV003539,2025-02-27 00:00:00,D025,V014,C00777,Periodic Maintenance,Completed,5,1660
SV003540,2025-11-14 00:00:00,D045,V018,C05720,General Service,Completed,3,3619
SV003541,2025-03-16 00:00:00,D058,V008,C03424,Repair,Pending,2,4261
SV003542,2025-10-28 00:00:00,D048,V017,C04205,General Service,Completed,4,1435
SV003543,2026-07-11 00:00:00,D001,V001,C01305,Warranty,Completed,4,2718
SV003544,2025-07-09 00:00:00,D058,V013,C04295,General Service,Completed,4,1428
SV003545,2025-04-15 00:00:00,D057,V019,C05120,Warranty,Completed,4,3222
SV003546,2026-06-29 00:00:00,D023,V015,C05445,General Service,Completed,2,3488
SV003547,2026-10-02 00:00:00,D043,V011,C03757,Repair,Completed,5,3635
SV003548,2025-08-15 00:00:00,D051,V019,C04466,Oil Change,Completed,5,2055
SV003549,2026-03-30 00:00:00,D002,V018,C02148,General Service,Completed,5,3942
SV003550,2025-09-15 00:00:00,D017,V008,C03007,Oil Change,Completed,2,2408
SV003551,2026-12-17 00:00:00,D018,V017,C00983,Warranty,Completed,4,4722
SV003552,2026-09-13 00:00:00,D036,V007,C00182,General Service,Completed,5,1121
SV003553,2025-11-11 00:00:00,D007,V014,C03374,Repair,Completed,5,1476
SV003554,2026-01-21 00:00:00,D001,V004,C05660,General Service,Completed,5,3537
SV003555,2025-01-28 00:00:00,D041,V001,C02684,Repair,Cancelled,3,685
SV003556,2025-06-21 00:00:00,D003,V003,C02155,Periodic Maintenance,Completed,4,731
SV003557,2025-07-16 00:00:00,D039,V017,C03799,Repair,Completed,4,7350
SV003558,2025-05-05 00:00:00,D039,V012,C00005,Oil Change,Completed,5,3323
SV003559,2025-05-17 00:00:00,D007,V014,C01902,Repair,Completed,5,2372
SV003560,2025-07-23 00:00:00,D004,V001,C05591,General Service,Completed,4,2488
SV003561,2025-02-23 00:00:00,D058,V016,C04468,General Service,Completed,5,5303
SV003562,2026-03-21 00:00:00,D047,V008,C04367,Warranty,Completed,4,1496
SV003563,2025-03-08 00:00:00,D027,V009,C05687,Periodic Maintenance,Completed,5,2608
SV003564,2026-06-01 00:00:00,D006,V013,C01880,Warranty,Completed,5,5480
SV003565,2025-07-24 00:00:00,D038,V003,C04015,Periodic Maintenance,Completed,5,4090
SV003566,2025-06-08 00:00:00,D023,V013,C01474,General Service,Pending,5,919
SV003567,2025-07-14 00:00:00,D022,V016,C04134,General Service,Completed,5,1388
SV003568,2025-03-23 00:00:00,D019,V004,C02982,Oil Change,Completed,4,8541
SV003569,2025-07-27 00:00:00,D014,V005,C05112,Repair,Cancelled,4,4687
SV003570,2025-07-13 00:00:00,D044,V018,C05829,Repair,Completed,5,2890
SV003571,2025-05-19 00:00:00,D031,V004,C05729,Oil Change,Completed,4,3343
SV003572,2025-04-03 00:00:00,D057,V002,C04572,Oil Change,Completed,5,1719
SV003573,2025-06-30 00:00:00,D014,V014,C04827,Oil Change,Completed,4,2470
SV003574,2025-02-15 00:00:00,D002,V016,C01575,General Service,Completed,5,1808
SV003575,2025-02-11 00:00:00,D028,V017,C01347,Repair,Completed,5,2230
SV003576,2025-05-01 00:00:00,D037,V014,C00441,General Service,Completed,5,7470
SV003577,2025-09-20 00:00:00,D009,V009,C05263,General Service,Completed,5,3002
SV003578,2026-11-19 00:00:00,D005,V008,C01457,Periodic Maintenance,Completed,5,2906
SV003579,2026-10-02 00:00:00,D003,V003,C02937,Repair,Completed,4,2063
SV003580,2026-10-19 00:00:00,D004,V019,C00094,Repair,Completed,4,4248
SV003581,2025-09-11 00:00:00,D006,V017,C03494,Oil Change,Completed,3,2473
SV003582,2025-11-19 00:00:00,D019,V019,C04847,Oil Change,Completed,4,1567
SV003583,2025-07-10 00:00:00,D037,V004,C01584,Periodic Maintenance,Completed,5,1409
SV003584,2025-10-17 00:00:00,D030,V016,C03806,Oil Change,Completed,5,2057
SV003585,2026-09-02 00:00:00,D051,V007,C04822,General Service,Completed,2,3285
SV003586,2026-07-19 00:00:00,D032,V005,C05200,Oil Change,Completed,5,1028
SV003587,2026-10-26 00:00:00,D005,V010,C03892,Oil Change,Pending,5,7000
SV003588,2025-02-24 00:00:00,D027,V004,C05231,Warranty,Completed,5,1732
SV003589,2025-12-07 00:00:00,D056,V005,C03039,Periodic Maintenance,Completed,5,2072
SV003590,2026-08-26 00:00:00,D030,V015,C01331,General Service,Completed,5,3165
SV003591,2025-12-08 00:00:00,D056,V011,C00453,Repair,Completed,5,1448
SV003592,2025-01-14 00:00:00,D037,V007,C01530,Oil Change,Completed,5,3274
SV003593,2026-10-16 00:00:00,D056,V007,C02287,Periodic Maintenance,Completed,4,2045
SV003594,2026-09-27 00:00:00,D055,V010,C04517,Oil Change,Completed,5,1833
SV003595,2025-10-28 00:00:00,D055,V019,C04121,General Service,Completed,3,2613
SV003596,2025-09-06 00:00:00,D006,V016,C01991,Oil Change,Completed,4,1564
SV003597,2026-09-19 00:00:00,D056,V001,C01405,General Service,Completed,5,1890
SV003598,2025-02-28 00:00:00,D060,V018,C04117,General Service,Cancelled,2,3542
SV003599,2025-10-26 00:00:00,D034,V005,C00586,Periodic Maintenance,Completed,4,2623
SV003600,2025-03-31 00:00:00,D032,V014,C01050,Repair,Completed,5,3362
SV003601,2025-08-07 00:00:00,D042,V005,C03828,Periodic Maintenance,Completed,4,4824
SV003602,2025-02-26 00:00:00,D018,V005,C01390,Oil Change,Completed,5,3045
SV003603,2026-10-22 00:00:00,D034,V011,C01157,Warranty,Completed,5,5694
SV003604,2025-09-16 00:00:00,D042,V002,C03127,Periodic Maintenance,Completed,3,6225
SV003605,2026-02-05 00:00:00,D049,V016,C05060,General Service,Completed,5,5404
SV003606,2026-08-10 00:00:00,D043,V016,C04045,Periodic Maintenance,Completed,4,1099
SV003607,2026-01-25 00:00:00,D004,V012,C00893,General Service,Completed,5,3853
SV003608,2025-02-24 00:00:00,D008,V006,C00485,General Service,Completed,4,2719
SV003609,2025-03-06 00:00:00,D025,V015,C03107,Periodic Maintenance,Completed,4,1668
SV003610,2026-12-17 00:00:00,D040,V012,C01188,General Service,Completed,3,2681
SV003611,2025-07-08 00:00:00,D003,V006,C00423,Oil Change,Completed,3,4096
SV003612,2025-09-12 00:00:00,D029,V020,C02422,General Service,Completed,5,859
SV003613,2025-02-07 00:00:00,D024,V002,C00717,Warranty,Completed,5,1072
SV003614,2025-01-08 00:00:00,D012,V019,C01363,Oil Change,Completed,5,1783
SV003615,2025-01-19 00:00:00,D045,V013,C03402,Repair,Completed,4,4498
SV003616,2026-08-21 00:00:00,D060,V007,C01741,Warranty,Completed,2,2701
SV003617,2025-08-25 00:00:00,D013,V011,C03651,Oil Change,Pending,4,2673
SV003618,2025-07-09 00:00:00,D004,V008,C04755,General Service,Completed,4,1935
SV003619,2025-12-19 00:00:00,D052,V014,C00225,Periodic Maintenance,Completed,5,1102
SV003620,2026-12-30 00:00:00,D006,V002,C02662,Oil Change,Completed,4,2261
SV003621,2025-10-03 00:00:00,D034,V005,C02708,Repair,Completed,4,3278
SV003622,2026-01-23 00:00:00,D051,V011,C04763,Periodic Maintenance,Completed,5,1425
SV003623,2025-09-22 00:00:00,D051,V006,C02401,General Service,Completed,4,3894
SV003624,2025-01-22 00:00:00,D025,V019,C01225,General Service,Completed,5,3093
SV003625,2026-10-21 00:00:00,D026,V001,C05538,Repair,Pending,4,2259
SV003626,2026-03-21 00:00:00,D025,V020,C01242,General Service,Completed,4,5063
SV003627,2025-07-09 00:00:00,D030,V011,C04724,Periodic Maintenance,Completed,5,2585
SV003628,2026-04-21 00:00:00,D031,V014,C04827,Periodic Maintenance,Cancelled,5,1858
SV003629,2026-01-10 00:00:00,D060,V014,C00867,General Service,Completed,4,3600
SV003630,2025-03-29 00:00:00,D024,V020,C02286,Periodic Maintenance,Completed,4,2994
SV003631,2025-10-19 00:00:00,D049,V002,C02511,Warranty,Completed,4,1728
SV003632,2025-03-28 00:00:00,D050,V016,C00304,General Service,Completed,5,1883
SV003633,2025-06-09 00:00:00,D040,V001,C03382,Periodic Maintenance,Completed,5,4237
SV003634,2025-12-31 00:00:00,D038,V019,C03122,General Service,Completed,3,1811
SV003635,2026-09-05 00:00:00,D018,V020,C04360,General Service,Completed,4,1522
SV003636,2025-05-27 00:00:00,D002,V009,C01473,General Service,Completed,5,2812
SV003637,2025-01-23 00:00:00,D037,V019,C00362,Repair,Cancelled,2,4766
SV003638,2026-02-09 00:00:00,D031,V016,C04539,Periodic Maintenance,Completed,3,2510
SV003639,2025-10-27 00:00:00,D047,V008,C02396,General Service,Completed,4,5351
SV003640,2025-05-11 00:00:00,D017,V018,C04936,Oil Change,Completed,4,3144
SV003641,2025-02-25 00:00:00,D002,V016,C01133,General Service,Completed,4,1808
SV003642,2026-07-05 00:00:00,D035,V012,C01312,Repair,Completed,5,3941
SV003643,2025-05-10 00:00:00,D023,V007,C02950,Warranty,Completed,4,8416
SV003644,2025-12-08 00:00:00,D052,V017,C03629,Oil Change,Completed,4,1503
SV003645,2025-03-13 00:00:00,D034,V010,C01682,General Service,Pending,5,2199
SV003646,2025-10-11 00:00:00,D026,V005,C01564,General Service,Completed,5,7248
SV003647,2026-08-05 00:00:00,D024,V019,C05647,Periodic Maintenance,Completed,5,2557
SV003648,2025-06-26 00:00:00,D051,V006,C04130,Periodic Maintenance,Completed,5,3331
SV003649,2025-04-17 00:00:00,D018,V017,C02897,Warranty,Completed,3,7375
SV003650,2026-04-18 00:00:00,D032,V014,C00402,Repair,Completed,5,2166
SV003651,2026-05-22 00:00:00,D003,V003,C05492,General Service,Completed,5,3593
SV003652,2025-05-17 00:00:00,D008,V004,C03305,Periodic Maintenance,Pending,3,2477
SV003653,2025-03-31 00:00:00,D052,V009,C05099,Repair,Completed,3,2288
SV003654,2026-12-03 00:00:00,D053,V002,C02992,Periodic Maintenance,Completed,5,1725
SV003655,2026-07-21 00:00:00,D033,V001,C02200,General Service,Completed,5,4690
SV003656,2025-03-13 00:00:00,D021,V010,C00686,Repair,Completed,5,1978
SV003657,2026-09-10 00:00:00,D003,V016,C05147,Warranty,Completed,5,3250
SV003658,2026-03-24 00:00:00,D014,V014,C01371,Repair,Completed,5,2125
SV003659,2025-08-15 00:00:00,D034,V002,C02032,General Service,Completed,4,1351
SV003660,2026-12-02 00:00:00,D047,V001,C02305,Oil Change,Completed,4,2233
SV003661,2025-04-23 00:00:00,D060,V019,C04792,Repair,Completed,5,6366
SV003662,2025-11-13 00:00:00,D004,V011,C00266,Repair,Completed,3,1913
SV003663,2026-01-10 00:00:00,D006,V010,C05165,Oil Change,Completed,5,2183
SV003664,2026-01-20 00:00:00,D022,V013,C05404,Periodic Maintenance,Completed,3,1769
SV003665,2026-02-12 00:00:00,D039,V003,C05901,Repair,Completed,4,2773
SV003666,2026-02-17 00:00:00,D052,V018,C04268,Periodic Maintenance,Completed,4,3369
SV003667,2025-09-29 00:00:00,D057,V016,C03067,Repair,Completed,4,2247
SV003668,2026-05-16 00:00:00,D025,V010,C00692,Repair,Completed,5,1630
SV003669,2026-03-29 00:00:00,D053,V020,C03494,Periodic Maintenance,Completed,5,2478
SV003670,2026-11-19 00:00:00,D059,V004,C02946,Periodic Maintenance,Cancelled,2,2628
SV003671,2026-03-21 00:00:00,D005,V002,C05076,Oil Change,Cancelled,5,1091
SV003672,2026-11-04 00:00:00,D023,V014,C02238,General Service,Completed,3,2698
SV003673,2026-12-04 00:00:00,D043,V010,C02315,Periodic Maintenance,Completed,4,4259
SV003674,2026-04-10 00:00:00,D025,V019,C05785,Warranty,Completed,2,1445
SV003675,2026-05-12 00:00:00,D014,V008,C02623,Periodic Maintenance,Completed,5,2285
SV003676,2026-05-28 00:00:00,D046,V002,C02690,Oil Change,Completed,5,2813
SV003677,2025-12-26 00:00:00,D033,V020,C02890,Repair,Completed,3,1495
SV003678,2026-11-20 00:00:00,D057,V004,C04221,Repair,Completed,4,1253
SV003679,2026-02-01 00:00:00,D025,V005,C00523,Oil Change,Completed,5,1873
SV003680,2025-03-13 00:00:00,D016,V010,C02003,Repair,Completed,4,1833
SV003681,2025-05-20 00:00:00,D034,V017,C02151,Oil Change,Completed,5,3737
SV003682,2025-09-29 00:00:00,D030,V002,C05794,General Service,Completed,5,870
SV003683,2025-12-24 00:00:00,D015,V012,C04182,Repair,Completed,5,3916
SV003684,2026-01-03 00:00:00,D026,V009,C02997,General Service,Completed,5,1533
SV003685,2026-02-21 00:00:00,D027,V009,C04323,Repair,Completed,5,3210
SV003686,2026-06-06 00:00:00,D021,V015,C05668,Warranty,Completed,4,5082
SV003687,2026-06-16 00:00:00,D010,V009,C00559,General Service,Completed,2,8984
SV003688,2026-12-18 00:00:00,D007,V007,C00478,General Service,Cancelled,5,2044
SV003689,2026-10-01 00:00:00,D008,V018,C02951,General Service,Completed,4,2610
SV003690,2025-09-27 00:00:00,D052,V011,C00431,General Service,Completed,1,1659
SV003691,2025-07-04 00:00:00,D039,V020,C04266,Periodic Maintenance,Pending,4,2716
SV003692,2025-01-14 00:00:00,D032,V007,C03922,Oil Change,Completed,3,3684
SV003693,2026-11-07 00:00:00,D058,V020,C04624,Oil Change,Pending,4,955
SV003694,2025-12-27 00:00:00,D024,V004,C03459,Periodic Maintenance,Completed,5,4862
SV003695,2025-11-16 00:00:00,D022,V006,C04568,Warranty,Completed,4,2431
SV003696,2026-06-21 00:00:00,D003,V010,C00215,General Service,Completed,3,1135
SV003697,2026-08-02 00:00:00,D050,V006,C00249,General Service,Completed,1,4061
SV003698,2025-05-09 00:00:00,D053,V002,C01110,General Service,Completed,5,6097
SV003699,2025-03-27 00:00:00,D020,V014,C04203,General Service,Completed,4,4270
SV003700,2025-12-08 00:00:00,D032,V020,C05227,Repair,Completed,5,4196
SV003701,2026-06-28 00:00:00,D036,V019,C00456,Periodic Maintenance,Completed,4,1229
SV003702,2026-07-15 00:00:00,D030,V017,C04731,Warranty,Completed,5,3300
SV003703,2026-03-01 00:00:00,D052,V017,C00802,Oil Change,Completed,5,2188
SV003704,2026-09-13 00:00:00,D054,V006,C01053,Periodic Maintenance,Completed,5,2031
SV003705,2026-03-14 00:00:00,D005,V012,C02244,General Service,Pending,4,3491
SV003706,2025-12-27 00:00:00,D004,V013,C01600,Repair,Completed,4,1953
SV003707,2025-10-02 00:00:00,D028,V018,C03730,Periodic Maintenance,Pending,5,2419
SV003708,2025-04-05 00:00:00,D009,V013,C05423,Periodic Maintenance,Pending,5,4221
SV003709,2025-12-17 00:00:00,D033,V009,C02177,Periodic Maintenance,Pending,4,6057
SV003710,2025-05-06 00:00:00,D004,V016,C01535,General Service,Completed,3,2494
SV003711,2026-08-31 00:00:00,D039,V019,C03812,Periodic Maintenance,Completed,5,2932
SV003712,2025-11-30 00:00:00,D034,V012,C00469,General Service,Pending,5,1479
SV003713,2026-11-07 00:00:00,D034,V012,C02009,General Service,Completed,5,2229
SV003714,2025-05-25 00:00:00,D056,V011,C00899,Periodic Maintenance,Completed,4,10322
SV003715,2026-05-30 00:00:00,D057,V016,C04047,Periodic Maintenance,Completed,5,2760
SV003716,2026-05-05 00:00:00,D016,V016,C04711,General Service,Completed,5,3753
SV003717,2025-07-10 00:00:00,D032,V007,C03347,General Service,Completed,5,1771
SV003718,2026-02-06 00:00:00,D051,V016,C01553,Warranty,Completed,5,8981
SV003719,2026-12-05 00:00:00,D043,V020,C02355,Periodic Maintenance,Completed,3,1720
SV003720,2026-08-05 00:00:00,D060,V011,C01710,Warranty,Completed,5,1600
SV003721,2026-01-19 00:00:00,D048,V016,C03120,General Service,Completed,4,1681
SV003722,2026-05-10 00:00:00,D022,V009,C05974,Repair,Completed,5,3365
SV003723,2025-11-21 00:00:00,D002,V004,C02142,General Service,Completed,4,977
SV003724,2026-12-31 00:00:00,D008,V009,C03179,General Service,Completed,4,3107
SV003725,2025-02-12 00:00:00,D024,V009,C00231,Periodic Maintenance,Completed,3,2814
SV003726,2026-10-03 00:00:00,D014,V010,C04037,General Service,Completed,4,1417
SV003727,2026-02-21 00:00:00,D028,V006,C03058,Oil Change,Completed,5,1577
SV003728,2026-08-28 00:00:00,D004,V005,C02241,Repair,Completed,4,1711
SV003729,2026-09-02 00:00:00,D034,V014,C05909,General Service,Completed,5,4518
SV003730,2026-10-21 00:00:00,D027,V018,C05957,General Service,Completed,5,11342
SV003731,2025-10-11 00:00:00,D034,V020,C00968,Oil Change,Completed,5,2247
SV003732,2025-09-07 00:00:00,D005,V019,C05915,General Service,Completed,4,4366
SV003733,2025-09-06 00:00:00,D058,V009,C03700,Oil Change,Completed,5,3404
SV003734,2025-04-18 00:00:00,D039,V004,C02534,General Service,Completed,5,1299
SV003735,2025-03-14 00:00:00,D013,V006,C00436,Repair,Completed,4,1862
SV003736,2025-06-25 00:00:00,D002,V018,C05607,General Service,Completed,4,3246
SV003737,2025-08-10 00:00:00,D038,V004,C02934,Warranty,Completed,5,5143
SV003738,2026-01-14 00:00:00,D041,V016,C04440,Oil Change,Completed,4,2677
SV003739,2026-01-15 00:00:00,D051,V015,C05252,Oil Change,Completed,3,3436
SV003740,2026-10-30 00:00:00,D017,V003,C05486,Oil Change,Completed,5,3764
SV003741,2025-01-01 00:00:00,D023,V002,C00254,General Service,Completed,4,1171
SV003742,2025-08-12 00:00:00,D030,V013,C05131,General Service,Completed,5,598
SV003743,2026-09-03 00:00:00,D028,V004,C03666,General Service,Completed,5,3460
SV003744,2025-06-17 00:00:00,D059,V014,C03004,Repair,Completed,5,4094
SV003745,2026-06-02 00:00:00,D040,V012,C05368,General Service,Completed,4,1242
SV003746,2026-07-11 00:00:00,D042,V017,C00945,Repair,Pending,5,8276
SV003747,2025-12-03 00:00:00,D015,V007,C00469,General Service,Completed,5,2221
SV003748,2025-02-17 00:00:00,D024,V010,C04187,Warranty,Completed,5,3457
SV003749,2026-05-02 00:00:00,D032,V001,C05266,General Service,Completed,5,2641
SV003750,2026-05-05 00:00:00,D002,V004,C02458,Periodic Maintenance,Cancelled,5,4483
SV003751,2025-11-12 00:00:00,D049,V016,C00243,Repair,Completed,3,2132
SV003752,2026-11-12 00:00:00,D014,V017,C03987,Oil Change,Completed,4,3255
SV003753,2025-06-22 00:00:00,D029,V010,C03796,Periodic Maintenance,Completed,5,1231
SV003754,2026-11-14 00:00:00,D007,V019,C02603,General Service,Completed,5,2618
SV003755,2026-03-24 00:00:00,D029,V010,C00990,Periodic Maintenance,Pending,4,1537
SV003756,2026-12-12 00:00:00,D059,V001,C00052,General Service,Completed,2,5768
SV003757,2026-06-20 00:00:00,D006,V019,C00160,Repair,Completed,5,5546
SV003758,2025-03-23 00:00:00,D036,V007,C02467,Periodic Maintenance,Completed,2,1822
SV003759,2026-06-21 00:00:00,D047,V017,C05871,Warranty,Completed,2,3864
SV003760,2026-01-31 00:00:00,D016,V015,C05275,Warranty,Completed,3,1843
SV003761,2026-06-16 00:00:00,D029,V010,C05224,General Service,Pending,1,2264
SV003762,2025-07-31 00:00:00,D059,V020,C01322,General Service,Completed,5,1209
SV003763,2026-03-17 00:00:00,D028,V018,C04070,General Service,Completed,5,775
SV003764,2026-09-07 00:00:00,D051,V011,C01055,General Service,Completed,2,3114
SV003765,2026-06-09 00:00:00,D015,V017,C03926,Warranty,Completed,3,2113
SV003766,2026-06-29 00:00:00,D007,V010,C00357,General Service,Completed,4,1895
SV003767,2026-11-13 00:00:00,D018,V007,C00204,Periodic Maintenance,Completed,3,2143
SV003768,2026-06-19 00:00:00,D030,V009,C04886,Repair,Completed,5,1702
SV003769,2025-03-20 00:00:00,D054,V001,C05571,Repair,Completed,4,2644
SV003770,2026-12-19 00:00:00,D022,V008,C04370,General Service,Completed,5,1166
SV003771,2025-09-02 00:00:00,D016,V001,C04068,General Service,Completed,5,2533
SV003772,2026-07-15 00:00:00,D052,V020,C05379,Oil Change,Completed,5,2690
SV003773,2026-07-22 00:00:00,D035,V019,C04338,General Service,Completed,3,2588
SV003774,2026-09-24 00:00:00,D027,V001,C04636,General Service,Completed,5,1708
SV003775,2025-09-09 00:00:00,D002,V004,C04966,General Service,Completed,5,2437
SV003776,2026-10-21 00:00:00,D031,V018,C01266,Warranty,Completed,5,2597
SV003777,2026-09-14 00:00:00,D041,V002,C02067,Warranty,Completed,4,2863
SV003778,2025-07-27 00:00:00,D028,V006,C02634,General Service,Completed,2,3347
SV003779,2026-08-14 00:00:00,D042,V002,C00941,General Service,Completed,4,1055
SV003780,2025-03-05 00:00:00,D030,V012,C05991,Warranty,Completed,4,2947
SV003781,2026-01-20 00:00:00,D048,V003,C01807,Repair,Completed,3,1655
SV003782,2026-02-02 00:00:00,D037,V006,C01373,Oil Change,Completed,4,2866
SV003783,2025-10-21 00:00:00,D049,V002,C01162,Periodic Maintenance,Completed,5,2928
SV003784,2026-10-06 00:00:00,D050,V002,C05427,Oil Change,Completed,4,2253
SV003785,2026-05-28 00:00:00,D042,V018,C02655,Repair,Cancelled,4,1741
SV003786,2026-11-10 00:00:00,D030,V003,C00653,Warranty,Completed,4,1253
SV003787,2026-07-02 00:00:00,D046,V012,C01567,Oil Change,Completed,5,1881
SV003788,2026-09-05 00:00:00,D028,V011,C01026,General Service,Pending,4,1307
SV003789,2025-02-11 00:00:00,D027,V013,C03037,General Service,Completed,4,1747
SV003790,2026-05-19 00:00:00,D058,V018,C05564,Periodic Maintenance,Completed,5,901
SV003791,2026-12-23 00:00:00,D002,V010,C00115,Periodic Maintenance,Completed,3,1720
SV003792,2025-07-16 00:00:00,D053,V004,C00970,General Service,Completed,5,1838
SV003793,2025-06-17 00:00:00,D041,V020,C03777,Repair,Completed,5,1716
SV003794,2025-02-09 00:00:00,D060,V002,C04042,Oil Change,Completed,5,1532
SV003795,2025-02-24 00:00:00,D059,V018,C05221,General Service,Completed,5,5229
SV003796,2025-11-24 00:00:00,D055,V016,C01107,Oil Change,Completed,3,3946
SV003797,2025-07-25 00:00:00,D007,V015,C05226,Periodic Maintenance,Completed,4,1392
SV003798,2026-07-20 00:00:00,D007,V015,C03214,Oil Change,Completed,4,1973
SV003799,2025-06-20 00:00:00,D053,V016,C04864,Repair,Completed,4,7067
SV003800,2026-12-07 00:00:00,D044,V004,C02000,Periodic Maintenance,Completed,5,1276
SV003801,2025-10-20 00:00:00,D019,V014,C03128,General Service,Completed,3,3531
SV003802,2025-07-05 00:00:00,D041,V013,C04986,Oil Change,Pending,5,2068
SV003803,2025-01-02 00:00:00,D033,V006,C04368,General Service,Completed,4,2001
SV003804,2026-12-05 00:00:00,D054,V008,C00225,Periodic Maintenance,Pending,4,1835
SV003805,2025-05-27 00:00:00,D034,V010,C02726,General Service,Completed,5,4634
SV003806,2026-04-11 00:00:00,D051,V015,C00771,Periodic Maintenance,Completed,4,1720
SV003807,2026-11-13 00:00:00,D044,V001,C05184,Oil Change,Completed,5,5217
SV003808,2026-09-12 00:00:00,D025,V019,C00188,Periodic Maintenance,Completed,3,3697
SV003809,2025-10-12 00:00:00,D031,V013,C00631,Oil Change,Cancelled,4,1387
SV003810,2026-10-25 00:00:00,D039,V008,C04678,Repair,Completed,4,1756
SV003811,2025-07-24 00:00:00,D040,V005,C01330,Repair,Completed,4,2477
SV003812,2025-04-04 00:00:00,D058,V017,C01077,General Service,Completed,4,1547
SV003813,2025-09-19 00:00:00,D009,V018,C00803,Periodic Maintenance,Completed,5,4181
SV003814,2026-02-25 00:00:00,D038,V014,C03812,Repair,Completed,5,2993
SV003815,2026-11-13 00:00:00,D023,V007,C04995,General Service,Completed,4,2201
SV003816,2026-10-28 00:00:00,D056,V009,C00304,Oil Change,Completed,4,5348
SV003817,2026-02-12 00:00:00,D012,V018,C01853,General Service,Completed,3,2063
SV003818,2025-12-23 00:00:00,D058,V017,C03243,General Service,Completed,5,4147
SV003819,2026-10-01 00:00:00,D030,V004,C03374,Oil Change,Completed,5,1688
SV003820,2025-09-25 00:00:00,D006,V004,C02962,General Service,Completed,5,1807
SV003821,2025-11-28 00:00:00,D056,V015,C05442,General Service,Completed,4,3428
SV003822,2026-03-14 00:00:00,D060,V008,C04773,Repair,Completed,5,1820
SV003823,2025-01-25 00:00:00,D048,V015,C04505,Repair,Completed,2,1950
SV003824,2026-01-29 00:00:00,D014,V008,C02560,Periodic Maintenance,Completed,5,3528
SV003825,2026-01-24 00:00:00,D032,V012,C02034,Repair,Completed,4,3531
SV003826,2026-06-29 00:00:00,D005,V009,C03580,Repair,Completed,5,2513
SV003827,2026-04-21 00:00:00,D011,V014,C05334,General Service,Completed,4,1149
SV003828,2026-09-27 00:00:00,D008,V009,C02588,Periodic Maintenance,Completed,3,4393
SV003829,2025-02-13 00:00:00,D028,V004,C03719,Periodic Maintenance,Completed,5,1153
SV003830,2026-09-23 00:00:00,D050,V003,C03203,Oil Change,Completed,4,7433
SV003831,2025-06-12 00:00:00,D012,V004,C03581,General Service,Cancelled,4,5460
SV003832,2025-09-11 00:00:00,D024,V019,C05299,General Service,Completed,3,5976
SV003833,2025-12-05 00:00:00,D037,V005,C04181,General Service,Completed,5,2230
SV003834,2026-05-23 00:00:00,D050,V005,C00222,General Service,Completed,4,4326
SV003835,2026-11-15 00:00:00,D020,V015,C04987,General Service,Pending,4,7394
SV003836,2025-11-14 00:00:00,D048,V013,C02856,Repair,Completed,4,3711
SV003837,2026-05-22 00:00:00,D017,V016,C02846,Periodic Maintenance,Completed,3,2542
SV003838,2025-03-13 00:00:00,D016,V014,C03718,Periodic Maintenance,Completed,4,2519
SV003839,2026-04-20 00:00:00,D057,V004,C05026,General Service,Completed,3,3485
SV003840,2026-01-13 00:00:00,D028,V006,C01147,Repair,Completed,3,1580
SV003841,2026-03-18 00:00:00,D042,V003,C00838,Warranty,Cancelled,4,2745
SV003842,2025-06-10 00:00:00,D036,V018,C04971,Warranty,Completed,4,1251
SV003843,2026-02-22 00:00:00,D010,V001,C00725,General Service,Completed,3,969
SV003844,2025-12-16 00:00:00,D031,V016,C02807,General Service,Completed,4,2167
SV003845,2025-02-12 00:00:00,D044,V006,C04233,Oil Change,Completed,5,2213
SV003846,2026-11-15 00:00:00,D016,V017,C04087,General Service,Completed,5,3304
SV003847,2025-07-01 00:00:00,D039,V012,C03778,Warranty,Completed,3,2217
SV003848,2025-12-16 00:00:00,D022,V019,C03127,General Service,Pending,3,1707
SV003849,2026-12-15 00:00:00,D054,V004,C05549,Periodic Maintenance,Completed,4,2351
SV003850,2025-01-22 00:00:00,D029,V001,C03421,Periodic Maintenance,Cancelled,4,3383
SV003851,2025-03-10 00:00:00,D026,V010,C02040,Repair,Completed,4,2609
SV003852,2025-04-07 00:00:00,D052,V015,C04373,Periodic Maintenance,Completed,5,1310
SV003853,2026-12-16 00:00:00,D023,V003,C03934,Oil Change,Cancelled,4,2016
SV003854,2025-01-02 00:00:00,D011,V009,C04385,General Service,Completed,4,2324
SV003855,2026-10-26 00:00:00,D048,V004,C01236,General Service,Completed,3,3551
SV003856,2025-12-10 00:00:00,D010,V017,C05534,General Service,Completed,5,3291
SV003857,2026-03-24 00:00:00,D035,V018,C05376,Periodic Maintenance,Pending,2,2225
SV003858,2025-12-09 00:00:00,D046,V004,C03989,Warranty,Completed,4,3265
SV003859,2026-03-24 00:00:00,D055,V002,C00524,General Service,Completed,5,5087
SV003860,2025-11-01 00:00:00,D058,V018,C02465,Periodic Maintenance,Completed,5,4599
SV003861,2026-05-11 00:00:00,D052,V017,C03539,General Service,Completed,2,1542
SV003862,2026-05-29 00:00:00,D037,V007,C01565,Periodic Maintenance,Completed,4,1409
SV003863,2026-07-06 00:00:00,D053,V015,C03557,General Service,Completed,5,1750
SV003864,2025-02-10 00:00:00,D025,V016,C00701,General Service,Pending,4,1118
SV003865,2025-09-27 00:00:00,D060,V010,C03906,Periodic Maintenance,Pending,5,2197
SV003866,2025-12-16 00:00:00,D040,V020,C05150,Oil Change,Completed,5,2317
SV003867,2025-03-27 00:00:00,D043,V008,C02483,General Service,Completed,5,2334
SV003868,2026-04-07 00:00:00,D028,V011,C04065,Repair,Completed,1,1165
SV003869,2025-01-15 00:00:00,D013,V018,C05347,Repair,Pending,4,1639
SV003870,2026-11-30 00:00:00,D051,V007,C01599,Warranty,Completed,3,4454
SV003871,2025-05-14 00:00:00,D039,V006,C04730,Oil Change,Completed,5,2311
SV003872,2025-05-23 00:00:00,D036,V018,C05526,Warranty,Pending,5,2050
SV003873,2025-12-03 00:00:00,D015,V006,C04873,Warranty,Completed,3,2354
SV003874,2026-11-01 00:00:00,D055,V010,C04630,General Service,Completed,2,2878
SV003875,2025-07-17 00:00:00,D049,V008,C05868,Oil Change,Completed,5,1422
SV003876,2026-01-21 00:00:00,D002,V007,C01033,Oil Change,Completed,4,1318
SV003877,2025-12-29 00:00:00,D057,V020,C03166,Periodic Maintenance,Completed,5,2194
SV003878,2026-01-08 00:00:00,D031,V012,C00135,General Service,Completed,4,665
SV003879,2026-10-28 00:00:00,D016,V006,C03738,General Service,Completed,4,852
SV003880,2025-12-11 00:00:00,D058,V016,C04013,General Service,Completed,1,2147
SV003881,2026-04-18 00:00:00,D028,V020,C05810,General Service,Completed,5,3270
SV003882,2025-03-22 00:00:00,D035,V001,C04779,Repair,Completed,5,3626
SV003883,2025-10-14 00:00:00,D009,V008,C03618,Warranty,Completed,4,4144
SV003884,2026-02-24 00:00:00,D031,V020,C01473,Oil Change,Completed,4,1541
SV003885,2025-07-26 00:00:00,D031,V018,C01746,Periodic Maintenance,Completed,4,827
SV003886,2026-05-17 00:00:00,D046,V015,C03943,General Service,Completed,4,1171
SV003887,2026-05-05 00:00:00,D055,V016,C01954,Oil Change,Completed,5,5806
SV003888,2025-08-23 00:00:00,D005,V009,C04397,Periodic Maintenance,Cancelled,5,4345
SV003889,2025-04-22 00:00:00,D058,V004,C01161,Periodic Maintenance,Completed,4,5207
SV003890,2026-03-02 00:00:00,D043,V013,C04472,Repair,Completed,4,2604
SV003891,2025-07-21 00:00:00,D041,V005,C02956,Periodic Maintenance,Completed,3,2481
SV003892,2026-04-15 00:00:00,D052,V015,C01219,General Service,Completed,5,3818
SV003893,2025-11-05 00:00:00,D040,V017,C01222,Periodic Maintenance,Pending,3,2861
SV003894,2025-12-09 00:00:00,D046,V006,C03554,Periodic Maintenance,Completed,5,1600
SV003895,2025-10-19 00:00:00,D045,V003,C05858,Repair,Pending,5,1802
SV003896,2026-05-05 00:00:00,D028,V014,C03974,Warranty,Completed,3,938
SV003897,2025-09-20 00:00:00,D002,V005,C01378,Repair,Completed,4,2323
SV003898,2026-03-10 00:00:00,D045,V015,C04557,General Service,Cancelled,4,2237
SV003899,2025-05-27 00:00:00,D030,V012,C00031,Repair,Cancelled,4,500
SV003900,2025-07-02 00:00:00,D055,V015,C01741,Oil Change,Pending,4,4113
SV003901,2025-02-09 00:00:00,D015,V006,C04076,Warranty,Completed,5,3234
SV003902,2026-11-20 00:00:00,D009,V001,C05197,Periodic Maintenance,Completed,5,6481
SV003903,2026-05-01 00:00:00,D008,V015,C01092,Repair,Completed,4,1409
SV003904,2025-10-09 00:00:00,D011,V020,C04615,Oil Change,Completed,2,3286
SV003905,2026-04-14 00:00:00,D031,V006,C01376,Warranty,Completed,3,1261
SV003906,2025-12-05 00:00:00,D003,V017,C01536,General Service,Completed,5,1596
SV003907,2025-09-04 00:00:00,D032,V015,C00703,Repair,Completed,4,3262
SV003908,2025-05-10 00:00:00,D023,V008,C04448,General Service,Completed,3,4212
SV003909,2025-06-09 00:00:00,D001,V008,C03890,Warranty,Completed,5,1919
SV003910,2026-08-19 00:00:00,D016,V013,C05584,General Service,Completed,3,1744
SV003911,2025-02-26 00:00:00,D028,V015,C05233,Repair,Cancelled,5,1583
SV003912,2026-06-19 00:00:00,D058,V019,C03008,Periodic Maintenance,Completed,5,6583
SV003913,2026-05-16 00:00:00,D002,V018,C00846,General Service,Completed,2,2808
SV003914,2025-06-27 00:00:00,D060,V019,C04179,Periodic Maintenance,Cancelled,5,4448
SV003915,2025-01-18 00:00:00,D053,V018,C04101,Warranty,Completed,4,2633
SV003916,2026-07-22 00:00:00,D034,V018,C05712,Oil Change,Completed,4,1252
SV003917,2025-06-21 00:00:00,D026,V017,C01600,Repair,Completed,3,2015
SV003918,2026-03-16 00:00:00,D043,V019,C02586,Oil Change,Completed,5,3625
SV003919,2025-09-18 00:00:00,D035,V020,C00023,Repair,Completed,4,4814
SV003920,2025-09-19 00:00:00,D009,V014,C02742,Oil Change,Completed,2,1962
SV003921,2025-04-21 00:00:00,D002,V011,C04524,Oil Change,Completed,5,2358
SV003922,2025-04-03 00:00:00,D001,V010,C01779,Periodic Maintenance,Completed,4,1633
SV003923,2025-01-05 00:00:00,D029,V004,C04959,General Service,Completed,4,2436
SV003924,2025-06-12 00:00:00,D018,V017,C01963,Oil Change,Completed,4,1423
SV003925,2026-06-22 00:00:00,D016,V002,C04894,Warranty,Completed,5,1633
SV003926,2025-07-08 00:00:00,D034,V015,C04862,General Service,Completed,5,5546
SV003927,2025-01-11 00:00:00,D052,V003,C03129,Warranty,Completed,5,2789
SV003928,2025-10-13 00:00:00,D027,V003,C03317,Warranty,Cancelled,4,4872
SV003929,2026-02-05 00:00:00,D054,V012,C01509,Warranty,Completed,4,2459
SV003930,2025-12-22 00:00:00,D038,V001,C03546,Repair,Completed,4,2502
SV003931,2025-07-10 00:00:00,D004,V010,C02739,Periodic Maintenance,Pending,5,2970
SV003932,2025-10-30 00:00:00,D009,V001,C00166,Warranty,Completed,4,1445
SV003933,2025-02-16 00:00:00,D060,V004,C05119,Periodic Maintenance,Completed,3,3093
SV003934,2025-03-13 00:00:00,D006,V007,C00930,General Service,Completed,5,4072
SV003935,2025-02-16 00:00:00,D058,V006,C02961,Warranty,Pending,5,2707
SV003936,2025-12-05 00:00:00,D016,V008,C01175,General Service,Completed,4,7332
SV003937,2025-05-12 00:00:00,D006,V013,C03373,Periodic Maintenance,Completed,2,3527
SV003938,2025-05-14 00:00:00,D009,V014,C04191,Periodic Maintenance,Completed,5,5265
SV003939,2025-11-21 00:00:00,D023,V018,C01271,General Service,Completed,5,3725
SV003940,2026-12-27 00:00:00,D050,V002,C02357,General Service,Completed,4,991
SV003941,2025-02-16 00:00:00,D055,V002,C01126,General Service,Completed,5,1288
SV003942,2026-03-02 00:00:00,D052,V011,C04295,Repair,Pending,3,2519
SV003943,2025-06-11 00:00:00,D047,V017,C00308,Periodic Maintenance,Completed,4,4648
SV003944,2026-04-06 00:00:00,D004,V004,C05001,Oil Change,Cancelled,5,2353
SV003945,2026-07-30 00:00:00,D048,V010,C04704,Repair,Completed,5,1045
SV003946,2026-05-23 00:00:00,D021,V020,C00315,Repair,Completed,2,1622
SV003947,2025-06-25 00:00:00,D025,V018,C04536,General Service,Completed,5,4194
SV003948,2025-02-15 00:00:00,D019,V002,C02469,General Service,Completed,4,617
SV003949,2026-10-22 00:00:00,D033,V012,C01188,Periodic Maintenance,Completed,3,1481
SV003950,2026-09-13 00:00:00,D032,V015,C05591,General Service,Completed,4,2250
SV003951,2025-12-12 00:00:00,D058,V018,C04272,Warranty,Completed,4,2803
SV003952,2025-10-21 00:00:00,D033,V016,C01389,Periodic Maintenance,Completed,3,1764
SV003953,2026-09-19 00:00:00,D018,V011,C04580,Oil Change,Completed,4,6022
SV003954,2026-11-26 00:00:00,D058,V009,C01759,Oil Change,Pending,5,2591
SV003955,2025-06-18 00:00:00,D033,V001,C05164,Periodic Maintenance,Completed,5,978
SV003956,2026-06-26 00:00:00,D024,V007,C05129,Repair,Completed,5,3491
SV003957,2025-12-04 00:00:00,D014,V020,C01729,General Service,Completed,4,2123
SV003958,2026-06-28 00:00:00,D044,V005,C03166,General Service,Completed,4,1802
SV003959,2025-06-02 00:00:00,D039,V009,C04894,General Service,Completed,3,1714
SV003960,2025-10-22 00:00:00,D023,V017,C05255,General Service,Completed,5,1765
SV003961,2026-03-23 00:00:00,D022,V017,C05202,Oil Change,Completed,4,5225
SV003962,2026-08-09 00:00:00,D055,V001,C00185,Periodic Maintenance,Completed,3,2138
SV003963,2025-09-13 00:00:00,D006,V013,C01205,Warranty,Completed,4,2181
SV003964,2026-01-13 00:00:00,D054,V019,C02772,Warranty,Completed,5,1182
SV003965,2025-02-05 00:00:00,D040,V005,C02986,Periodic Maintenance,Completed,4,5738
SV003966,2025-07-11 00:00:00,D017,V019,C01385,Repair,Completed,4,6372
SV003967,2025-04-11 00:00:00,D008,V007,C01880,Repair,Completed,3,1583
SV003968,2025-05-12 00:00:00,D022,V020,C04717,Repair,Completed,3,3058
SV003969,2026-03-22 00:00:00,D016,V004,C04168,General Service,Completed,4,2924
SV003970,2026-12-13 00:00:00,D016,V003,C01907,Periodic Maintenance,Completed,4,2708
SV003971,2025-04-09 00:00:00,D040,V013,C00923,Periodic Maintenance,Completed,4,2178
SV003972,2025-12-04 00:00:00,D023,V002,C05426,Periodic Maintenance,Completed,5,2262
SV003973,2026-05-04 00:00:00,D013,V013,C00748,General Service,Completed,5,2754
SV003974,2026-10-15 00:00:00,D044,V020,C05910,Oil Change,Pending,4,3349
SV003975,2025-07-01 00:00:00,D032,V009,C02523,Oil Change,Completed,4,1996
SV003976,2025-10-20 00:00:00,D055,V013,C05115,Oil Change,Completed,5,5450
SV003977,2025-05-13 00:00:00,D040,V015,C03950,General Service,Completed,4,6094
SV003978,2026-01-28 00:00:00,D059,V007,C02194,Oil Change,Completed,3,3809
SV003979,2026-03-08 00:00:00,D027,V004,C05590,Oil Change,Completed,4,1681
SV003980,2025-04-24 00:00:00,D057,V017,C04521,Warranty,Completed,4,4329
SV003981,2025-06-18 00:00:00,D021,V018,C05945,Oil Change,Completed,3,2082
SV003982,2026-04-23 00:00:00,D057,V017,C00499,Oil Change,Completed,4,917
SV003983,2025-04-05 00:00:00,D003,V018,C01760,Periodic Maintenance,Completed,5,3552
SV003984,2025-09-26 00:00:00,D021,V004,C05192,Periodic Maintenance,Completed,4,5268
SV003985,2026-04-10 00:00:00,D027,V009,C05584,General Service,Completed,5,1357
SV003986,2026-12-30 00:00:00,D015,V004,C04335,Periodic Maintenance,Completed,3,1587
SV003987,2026-10-15 00:00:00,D056,V015,C04399,Repair,Completed,5,4706
SV003988,2025-09-05 00:00:00,D048,V019,C05509,Oil Change,Completed,5,1805
SV003989,2025-03-18 00:00:00,D035,V004,C04107,Repair,Completed,5,5022
SV003990,2025-08-29 00:00:00,D041,V017,C05467,Repair,Completed,4,1572
SV003991,2025-11-23 00:00:00,D059,V001,C03332,General Service,Completed,5,1852
SV003992,2025-01-05 00:00:00,D038,V002,C04866,Periodic Maintenance,Completed,5,3723
SV003993,2026-05-06 00:00:00,D024,V005,C02866,General Service,Completed,2,1085
SV003994,2025-10-02 00:00:00,D015,V007,C04420,Oil Change,Completed,5,4205
SV003995,2025-11-29 00:00:00,D058,V011,C03647,Oil Change,Completed,2,2943
SV003996,2025-08-30 00:00:00,D011,V002,C04702,General Service,Completed,5,5046
SV003997,2026-02-16 00:00:00,D044,V007,C05266,General Service,Completed,4,1030
SV003998,2025-08-23 00:00:00,D035,V011,C04619,General Service,Completed,4,5876
SV003999,2025-09-27 00:00:00,D045,V005,C03552,Repair,Completed,4,4537
SV004000,2026-12-12 00:00:00,D039,V013,C01703,Periodic Maintenance,Completed,2,2364
SV004001,2025-01-11 00:00:00,D028,V013,C04746,General Service,Completed,3,5429
SV004002,2025-07-29 00:00:00,D045,V020,C05631,General Service,Completed,3,924
SV004003,2026-06-27 00:00:00,D060,V009,C02416,Oil Change,Completed,5,2036
SV004004,2026-12-03 00:00:00,D055,V006,C02413,General Service,Completed,5,1325
SV004005,2026-08-20 00:00:00,D004,V006,C04383,Oil Change,Completed,5,4238
SV004006,2026-01-20 00:00:00,D040,V019,C00797,General Service,Pending,4,1220
SV004007,2025-12-11 00:00:00,D027,V009,C02911,Periodic Maintenance,Completed,4,4677
SV004008,2025-05-17 00:00:00,D013,V018,C04199,General Service,Completed,5,5548
SV004009,2025-02-23 00:00:00,D012,V004,C01555,Warranty,Completed,4,1939
SV004010,2025-10-26 00:00:00,D058,V004,C04937,Repair,Completed,5,4469
SV004011,2026-08-13 00:00:00,D052,V010,C05508,General Service,Completed,4,2506
SV004012,2025-06-23 00:00:00,D015,V005,C05853,Periodic Maintenance,Pending,4,2585
SV004013,2025-10-05 00:00:00,D015,V004,C00691,Repair,Completed,4,2968
SV004014,2026-10-17 00:00:00,D031,V005,C02055,Periodic Maintenance,Completed,5,2471
SV004015,2025-12-11 00:00:00,D034,V013,C01468,General Service,Completed,3,3415
SV004016,2026-11-20 00:00:00,D004,V002,C01167,Oil Change,Completed,4,2171
SV004017,2026-06-25 00:00:00,D038,V014,C05706,Repair,Completed,5,3430
SV004018,2025-12-21 00:00:00,D050,V009,C03413,Warranty,Completed,5,1904
SV004019,2026-03-21 00:00:00,D023,V017,C01280,General Service,Pending,5,2033
SV004020,2026-06-26 00:00:00,D027,V013,C04094,Periodic Maintenance,Completed,5,4634
SV004021,2026-06-03 00:00:00,D008,V013,C00886,Warranty,Completed,2,7172
SV004022,2026-01-07 00:00:00,D042,V011,C03262,Periodic Maintenance,Completed,4,3634
SV004023,2026-09-15 00:00:00,D033,V007,C02943,General Service,Completed,1,2155
SV004024,2025-10-06 00:00:00,D020,V012,C00798,Repair,Completed,4,2525
SV004025,2026-03-27 00:00:00,D012,V020,C05052,Repair,Completed,1,3003
SV004026,2025-05-24 00:00:00,D002,V017,C01792,General Service,Completed,4,3796
SV004027,2025-09-23 00:00:00,D018,V018,C04619,Oil Change,Completed,3,3603
SV004028,2026-04-15 00:00:00,D059,V010,C04514,Periodic Maintenance,Completed,3,2069
SV004029,2026-07-11 00:00:00,D036,V014,C05097,Warranty,Pending,4,5612
SV004030,2025-11-29 00:00:00,D004,V002,C04499,General Service,Completed,5,3313
SV004031,2025-07-11 00:00:00,D046,V018,C02261,General Service,Completed,5,7120
SV004032,2026-02-12 00:00:00,D029,V009,C03228,General Service,Completed,5,2737
SV004033,2025-09-08 00:00:00,D026,V003,C05659,General Service,Completed,5,3361
SV004034,2025-01-15 00:00:00,D002,V003,C03654,General Service,Completed,3,1674
SV004035,2026-04-20 00:00:00,D023,V012,C05142,Repair,Completed,3,1766
SV004036,2025-04-27 00:00:00,D037,V016,C00778,General Service,Pending,4,2272
SV004037,2026-02-05 00:00:00,D055,V008,C05612,Warranty,Completed,4,3852
SV004038,2026-07-29 00:00:00,D051,V007,C05725,Periodic Maintenance,Completed,2,1909
SV004039,2026-08-01 00:00:00,D048,V011,C02197,Oil Change,Completed,5,4905
SV004040,2026-04-30 00:00:00,D030,V015,C05450,Warranty,Completed,5,2319
SV004041,2025-12-14 00:00:00,D005,V019,C04718,General Service,Completed,4,2794
SV004042,2025-01-25 00:00:00,D050,V005,C05967,General Service,Pending,5,1909
SV004043,2025-08-10 00:00:00,D059,V019,C03372,Repair,Completed,5,4332
SV004044,2025-03-15 00:00:00,D026,V020,C00264,Oil Change,Completed,4,2705
SV004045,2026-03-30 00:00:00,D044,V016,C00767,Periodic Maintenance,Completed,3,2298
SV004046,2025-04-27 00:00:00,D009,V012,C05758,Warranty,Completed,4,1504
SV004047,2026-07-08 00:00:00,D052,V006,C03214,Warranty,Completed,3,2094
SV004048,2026-04-25 00:00:00,D015,V007,C00569,Oil Change,Completed,5,1810
SV004049,2025-12-28 00:00:00,D029,V010,C02813,Periodic Maintenance,Completed,5,4064
SV004050,2025-06-29 00:00:00,D059,V015,C04270,General Service,Completed,4,1991
SV004051,2025-07-20 00:00:00,D052,V001,C04413,Oil Change,Completed,5,6101
SV004052,2025-05-25 00:00:00,D043,V002,C00272,Repair,Completed,3,3047
SV004053,2025-11-09 00:00:00,D011,V002,C04988,Repair,Completed,5,2638
SV004054,2026-03-03 00:00:00,D047,V010,C05289,Repair,Completed,3,2040
SV004055,2025-12-28 00:00:00,D039,V020,C05806,General Service,Completed,4,1842
SV004056,2026-12-11 00:00:00,D029,V002,C02896,General Service,Completed,5,2665
SV004057,2025-01-27 00:00:00,D013,V019,C02949,Warranty,Completed,4,4193
SV004058,2026-09-25 00:00:00,D041,V017,C00010,Repair,Completed,4,2167
SV004059,2026-10-08 00:00:00,D029,V018,C04411,Warranty,Pending,5,4456
SV004060,2026-10-02 00:00:00,D045,V004,C05841,Repair,Completed,5,1613
SV004061,2026-04-15 00:00:00,D029,V012,C00694,Repair,Completed,5,2269
SV004062,2025-12-15 00:00:00,D019,V019,C03825,Warranty,Pending,3,2806
SV004063,2025-12-01 00:00:00,D041,V001,C03181,General Service,Completed,4,7230
SV004064,2026-03-07 00:00:00,D056,V019,C05564,Repair,Completed,5,1491
SV004065,2026-01-06 00:00:00,D005,V007,C00131,Periodic Maintenance,Completed,4,4724
SV004066,2025-07-13 00:00:00,D022,V017,C01252,Periodic Maintenance,Completed,4,2829
SV004067,2025-01-18 00:00:00,D041,V006,C04172,General Service,Completed,4,1134
SV004068,2025-07-08 00:00:00,D033,V006,C05836,Oil Change,Completed,2,3065
SV004069,2026-05-27 00:00:00,D042,V019,C03092,Periodic Maintenance,Completed,4,2033
SV004070,2025-11-26 00:00:00,D048,V004,C03884,Periodic Maintenance,Completed,5,4699
SV004071,2025-05-21 00:00:00,D057,V004,C01128,General Service,Completed,3,3485
SV004072,2026-04-06 00:00:00,D031,V009,C00333,General Service,Completed,4,3054
SV004073,2026-01-14 00:00:00,D044,V015,C01429,Repair,Completed,4,7096
SV004074,2026-10-25 00:00:00,D036,V006,C03160,Oil Change,Completed,5,2869
SV004075,2025-06-10 00:00:00,D024,V011,C05289,General Service,Completed,5,2203
SV004076,2026-11-06 00:00:00,D057,V003,C04037,Oil Change,Completed,5,6624
SV004077,2025-10-20 00:00:00,D036,V009,C02092,General Service,Completed,4,5076
SV004078,2026-02-06 00:00:00,D042,V008,C05940,Oil Change,Completed,4,2251
SV004079,2026-07-06 00:00:00,D019,V014,C03340,Warranty,Completed,4,2201
SV004080,2025-02-19 00:00:00,D043,V012,C00496,Oil Change,Completed,5,2885
SV004081,2025-03-05 00:00:00,D021,V004,C03765,General Service,Completed,5,2917
SV004082,2025-12-10 00:00:00,D019,V010,C02766,Repair,Completed,2,2439
SV004083,2025-05-13 00:00:00,D013,V005,C03500,Warranty,Completed,4,1535
SV004084,2026-12-29 00:00:00,D021,V008,C02630,Periodic Maintenance,Completed,3,1893
SV004085,2025-08-24 00:00:00,D045,V008,C03369,Oil Change,Completed,5,1513
SV004086,2026-10-07 00:00:00,D007,V011,C02971,General Service,Pending,4,2113
SV004087,2026-10-08 00:00:00,D055,V009,C01186,Oil Change,Completed,4,5192
SV004088,2026-07-13 00:00:00,D050,V013,C05930,Periodic Maintenance,Completed,5,2431
SV004089,2026-10-23 00:00:00,D008,V011,C03270,Oil Change,Completed,4,616
SV004090,2026-11-19 00:00:00,D009,V008,C00891,Warranty,Completed,5,1053
SV004091,2026-05-26 00:00:00,D058,V012,C03103,Periodic Maintenance,Completed,5,2060
SV004092,2026-06-03 00:00:00,D032,V007,C04863,General Service,Completed,4,1026
SV004093,2026-08-14 00:00:00,D060,V011,C01279,General Service,Completed,4,4164
SV004094,2026-04-14 00:00:00,D008,V006,C01527,General Service,Completed,5,5342
SV004095,2025-03-26 00:00:00,D010,V008,C05431,General Service,Completed,4,3600
SV004096,2025-01-10 00:00:00,D001,V009,C00311,General Service,Pending,4,2427
SV004097,2026-01-07 00:00:00,D041,V018,C00718,Oil Change,Completed,4,2346
SV004098,2025-01-27 00:00:00,D038,V009,C03991,Periodic Maintenance,Cancelled,4,2089
SV004099,2026-03-04 00:00:00,D041,V001,C05437,Oil Change,Pending,2,2716
SV004100,2025-09-06 00:00:00,D031,V017,C02582,Periodic Maintenance,Completed,4,7141
SV004101,2025-08-21 00:00:00,D053,V013,C04164,Oil Change,Pending,5,3598
SV004102,2025-07-12 00:00:00,D030,V012,C00701,Oil Change,Completed,4,1465
SV004103,2026-09-25 00:00:00,D052,V007,C00587,Periodic Maintenance,Completed,3,4120
SV004104,2025-04-05 00:00:00,D015,V002,C00341,Warranty,Pending,3,4760
SV004105,2025-06-16 00:00:00,D011,V011,C03499,Periodic Maintenance,Completed,4,2958
SV004106,2026-12-15 00:00:00,D021,V005,C04201,Periodic Maintenance,Completed,5,2549
SV004107,2026-07-16 00:00:00,D016,V010,C05399,Periodic Maintenance,Completed,5,2730
SV004108,2026-08-22 00:00:00,D052,V010,C04395,General Service,Completed,5,3826
SV004109,2026-04-24 00:00:00,D026,V018,C00897,Periodic Maintenance,Completed,4,2162
SV004110,2025-03-03 00:00:00,D007,V007,C01077,Oil Change,Completed,5,1105
SV004111,2025-07-11 00:00:00,D011,V002,C05244,Repair,Pending,4,2672
SV004112,2026-04-13 00:00:00,D030,V012,C05719,General Service,Completed,5,2272
SV004113,2025-05-14 00:00:00,D034,V012,C05175,Repair,Completed,5,3022
SV004114,2026-05-03 00:00:00,D043,V013,C04145,General Service,Completed,4,2082
SV004115,2026-04-18 00:00:00,D044,V008,C02942,Periodic Maintenance,Completed,5,9337
SV004116,2025-10-29 00:00:00,D032,V014,C05988,General Service,Completed,5,3238
SV004117,2026-11-25 00:00:00,D018,V008,C02472,General Service,Completed,4,1048
SV004118,2025-06-25 00:00:00,D031,V008,C04944,Periodic Maintenance,Completed,5,2995
SV004119,2025-09-02 00:00:00,D027,V014,C00703,Warranty,Cancelled,4,3828
SV004120,2026-12-08 00:00:00,D030,V002,C05338,Repair,Completed,4,3762
SV004121,2026-04-07 00:00:00,D040,V019,C03683,Warranty,Completed,3,2241
SV004122,2026-11-28 00:00:00,D011,V014,C01638,Periodic Maintenance,Completed,4,3814
SV004123,2025-12-15 00:00:00,D054,V010,C01151,Oil Change,Cancelled,4,4243
SV004124,2026-12-16 00:00:00,D008,V007,C03683,Repair,Completed,3,6997
SV004125,2025-09-30 00:00:00,D014,V014,C02162,General Service,Completed,4,7379
SV004126,2026-03-07 00:00:00,D054,V001,C03969,Periodic Maintenance,Completed,5,4242
SV004127,2026-04-07 00:00:00,D032,V012,C02186,Repair,Completed,5,4074
SV004128,2025-04-12 00:00:00,D018,V015,C05854,General Service,Pending,3,4303
SV004129,2025-05-27 00:00:00,D033,V004,C02309,General Service,Completed,5,1467
SV004130,2026-10-25 00:00:00,D054,V017,C03933,Repair,Pending,5,2413
SV004131,2026-10-11 00:00:00,D025,V009,C04685,Repair,Cancelled,1,6504
SV004132,2025-12-02 00:00:00,D029,V011,C02383,Oil Change,Cancelled,5,1897
SV004133,2025-04-22 00:00:00,D034,V018,C01888,Periodic Maintenance,Completed,5,2417
SV004134,2025-08-18 00:00:00,D023,V016,C04684,General Service,Pending,5,4038
SV004135,2026-02-18 00:00:00,D029,V001,C05161,General Service,Completed,3,4806
SV004136,2025-02-26 00:00:00,D023,V017,C01689,Repair,Cancelled,4,1184
SV004137,2025-02-02 00:00:00,D035,V016,C04708,Oil Change,Completed,1,2319
SV004138,2026-12-28 00:00:00,D001,V017,C00707,General Service,Completed,5,1345
SV004139,2025-10-08 00:00:00,D023,V009,C04460,Periodic Maintenance,Completed,5,1656
SV004140,2026-08-13 00:00:00,D036,V005,C04325,Repair,Completed,5,1646
SV004141,2026-06-07 00:00:00,D001,V007,C05461,Warranty,Completed,4,3830
SV004142,2025-01-26 00:00:00,D003,V003,C05954,Repair,Completed,4,553
SV004143,2026-06-16 00:00:00,D012,V008,C04382,Periodic Maintenance,Completed,4,2397
SV004144,2025-11-29 00:00:00,D018,V004,C00635,General Service,Completed,1,4604
SV004145,2026-01-18 00:00:00,D049,V011,C03583,Repair,Completed,4,3401
SV004146,2026-10-23 00:00:00,D034,V011,C01064,Oil Change,Completed,3,4376
SV004147,2026-08-27 00:00:00,D024,V013,C03837,Oil Change,Completed,5,3380
SV004148,2025-09-10 00:00:00,D019,V003,C01930,Periodic Maintenance,Completed,5,2806
SV004149,2025-06-28 00:00:00,D060,V016,C00959,Periodic Maintenance,Completed,4,1681
SV004150,2025-01-19 00:00:00,D002,V015,C00158,General Service,Completed,5,3394
SV004151,2026-05-09 00:00:00,D052,V003,C03676,Periodic Maintenance,Completed,5,1319
SV004152,2026-08-28 00:00:00,D033,V019,C02468,Warranty,Completed,4,6062
SV004153,2025-10-06 00:00:00,D022,V014,C02187,General Service,Cancelled,3,2710
SV004154,2025-10-24 00:00:00,D056,V014,C02753,Repair,Pending,5,2221
SV004155,2026-06-27 00:00:00,D002,V010,C01621,Warranty,Pending,4,970
SV004156,2025-05-25 00:00:00,D044,V005,C01740,Repair,Completed,5,2763
SV004157,2025-01-26 00:00:00,D006,V011,C01383,Oil Change,Completed,4,1571
SV004158,2026-05-26 00:00:00,D042,V004,C01657,General Service,Completed,5,4154
SV004159,2025-06-21 00:00:00,D020,V013,C05645,General Service,Completed,3,4776
SV004160,2026-11-17 00:00:00,D024,V020,C03932,Repair,Completed,5,2852
SV004161,2025-05-16 00:00:00,D016,V004,C05045,General Service,Completed,5,2504
SV004162,2025-05-07 00:00:00,D032,V018,C03156,Warranty,Completed,5,1394
SV004163,2026-05-20 00:00:00,D002,V004,C04931,Warranty,Completed,5,1898
SV004164,2026-07-08 00:00:00,D059,V011,C00256,Oil Change,Pending,3,2231
SV004165,2025-11-22 00:00:00,D049,V016,C02886,Periodic Maintenance,Completed,4,1120
SV004166,2025-03-31 00:00:00,D029,V013,C01096,Warranty,Completed,5,4080
SV004167,2026-03-08 00:00:00,D033,V017,C04151,Oil Change,Completed,3,4472
SV004168,2025-07-18 00:00:00,D019,V012,C03901,Warranty,Completed,3,1735
SV004169,2025-08-30 00:00:00,D010,V006,C02675,Periodic Maintenance,Completed,4,9440
SV004170,2026-08-28 00:00:00,D039,V007,C04807,General Service,Completed,5,3605
SV004171,2026-08-26 00:00:00,D028,V019,C03213,Warranty,Completed,4,3513
SV004172,2026-03-16 00:00:00,D005,V016,C02796,General Service,Completed,5,1901
SV004173,2025-04-27 00:00:00,D022,V003,C04660,General Service,Completed,4,1733
SV004174,2025-05-02 00:00:00,D044,V012,C05368,Warranty,Completed,5,3879
SV004175,2025-11-01 00:00:00,D019,V013,C04768,Periodic Maintenance,Completed,4,7393
SV004176,2025-12-26 00:00:00,D004,V008,C05829,General Service,Cancelled,4,2269
SV004177,2025-11-10 00:00:00,D044,V005,C02027,General Service,Completed,3,7552
SV004178,2026-01-31 00:00:00,D054,V020,C05340,General Service,Completed,5,1229
SV004179,2026-04-16 00:00:00,D020,V017,C04972,Repair,Completed,4,3680
SV004180,2026-03-22 00:00:00,D040,V011,C05685,Repair,Completed,3,2594
SV004181,2026-06-26 00:00:00,D009,V018,C03645,Oil Change,Completed,4,2158
SV004182,2026-02-18 00:00:00,D020,V020,C03536,Oil Change,Completed,4,4594
SV004183,2025-09-18 00:00:00,D060,V009,C04472,General Service,Completed,4,4011
SV004184,2025-12-14 00:00:00,D018,V003,C01655,General Service,Completed,4,4929
SV004185,2026-08-04 00:00:00,D051,V001,C00225,Oil Change,Completed,5,2291
SV004186,2025-11-21 00:00:00,D058,V007,C00889,Periodic Maintenance,Cancelled,5,2886
SV004187,2025-02-19 00:00:00,D030,V001,C00039,Repair,Completed,5,2024
SV004188,2026-08-01 00:00:00,D027,V012,C00995,Warranty,Completed,5,4237
SV004189,2025-09-04 00:00:00,D055,V002,C05099,Repair,Completed,4,819
SV004190,2025-08-14 00:00:00,D045,V017,C01317,Oil Change,Completed,5,1655
SV004191,2025-01-04 00:00:00,D027,V007,C00911,General Service,Pending,5,2428
SV004192,2025-10-29 00:00:00,D051,V015,C01284,Oil Change,Completed,5,4956
SV004193,2025-02-11 00:00:00,D014,V017,C05055,General Service,Completed,4,2112
SV004194,2026-04-16 00:00:00,D025,V008,C02183,Warranty,Cancelled,5,1744
SV004195,2026-04-27 00:00:00,D023,V017,C00543,Oil Change,Completed,4,1879
SV004196,2026-12-23 00:00:00,D053,V002,C03803,General Service,Completed,3,1234
SV004197,2025-09-25 00:00:00,D035,V014,C02768,General Service,Completed,3,5408
SV004198,2026-09-11 00:00:00,D045,V007,C03293,Periodic Maintenance,Completed,4,2254
SV004199,2025-09-24 00:00:00,D059,V018,C02623,General Service,Completed,5,2994
SV004200,2026-09-08 00:00:00,D006,V004,C03209,General Service,Completed,5,2753
SV004201,2025-01-26 00:00:00,D041,V020,C03376,General Service,Completed,4,832
SV004202,2026-05-09 00:00:00,D042,V003,C04986,Warranty,Completed,5,3624
SV004203,2026-06-03 00:00:00,D051,V018,C01922,Periodic Maintenance,Completed,5,1212
SV004204,2025-05-05 00:00:00,D010,V016,C04117,General Service,Cancelled,1,651
SV004205,2025-02-14 00:00:00,D001,V008,C02409,Repair,Completed,3,2294
SV004206,2026-01-20 00:00:00,D020,V002,C01090,Oil Change,Completed,5,2642
SV004207,2026-06-26 00:00:00,D003,V011,C01321,Periodic Maintenance,Completed,5,1202
SV004208,2025-12-23 00:00:00,D025,V011,C02064,Periodic Maintenance,Completed,4,6025
SV004209,2026-05-23 00:00:00,D039,V009,C05292,Repair,Completed,5,4158
SV004210,2025-05-27 00:00:00,D047,V009,C02397,Warranty,Completed,3,2134
SV004211,2026-07-12 00:00:00,D020,V012,C00307,General Service,Completed,5,5243
SV004212,2026-04-06 00:00:00,D036,V003,C04383,Oil Change,Completed,5,4028
SV004213,2026-03-19 00:00:00,D049,V011,C04493,Periodic Maintenance,Completed,5,1618
SV004214,2026-09-12 00:00:00,D046,V011,C03726,Periodic Maintenance,Completed,5,837
SV004215,2026-06-22 00:00:00,D032,V005,C00866,General Service,Completed,5,960
SV004216,2025-11-11 00:00:00,D057,V018,C05022,Warranty,Completed,5,2059
SV004217,2026-01-12 00:00:00,D015,V011,C04388,Periodic Maintenance,Cancelled,5,2743
SV004218,2025-05-27 00:00:00,D039,V018,C03735,Oil Change,Completed,5,2080
SV004219,2026-10-12 00:00:00,D001,V010,C01546,Oil Change,Completed,5,2620
SV004220,2026-02-09 00:00:00,D049,V010,C03322,General Service,Completed,3,4390
SV004221,2025-10-09 00:00:00,D039,V009,C01099,General Service,Completed,3,2415
SV004222,2026-12-20 00:00:00,D028,V016,C01916,Periodic Maintenance,Completed,5,2489
SV004223,2025-10-25 00:00:00,D029,V017,C00245,Repair,Completed,4,3505
SV004224,2026-02-05 00:00:00,D032,V012,C01909,Periodic Maintenance,Completed,5,5951
SV004225,2025-01-17 00:00:00,D001,V006,C03118,Oil Change,Completed,4,2367
SV004226,2026-12-07 00:00:00,D008,V017,C02088,General Service,Completed,5,3267
SV004227,2025-02-10 00:00:00,D046,V001,C00459,Repair,Completed,3,1523
SV004228,2025-06-30 00:00:00,D034,V005,C01938,Oil Change,Completed,5,5812
SV004229,2026-03-24 00:00:00,D041,V005,C01958,General Service,Completed,4,2334
SV004230,2025-01-02 00:00:00,D003,V007,C04404,Periodic Maintenance,Completed,3,2715
SV004231,2026-07-04 00:00:00,D039,V015,C04164,Repair,Completed,5,3760
SV004232,2025-03-13 00:00:00,D049,V015,C03937,General Service,Pending,5,1739
SV004233,2025-09-01 00:00:00,D025,V009,C02192,Oil Change,Completed,4,1672
SV004234,2025-03-17 00:00:00,D010,V011,C03963,Repair,Completed,3,5897
SV004235,2026-06-05 00:00:00,D016,V010,C05086,Oil Change,Completed,4,1570
SV004236,2026-02-12 00:00:00,D060,V019,C01087,Warranty,Completed,3,2748
SV004237,2026-10-02 00:00:00,D013,V015,C04962,Oil Change,Completed,3,4784
SV004238,2026-01-02 00:00:00,D010,V017,C03969,Periodic Maintenance,Completed,3,2318
SV004239,2025-06-06 00:00:00,D046,V015,C02958,Periodic Maintenance,Completed,3,3602
SV004240,2025-03-12 00:00:00,D060,V010,C05723,Periodic Maintenance,Completed,5,3796
SV004241,2025-03-18 00:00:00,D052,V020,C01117,Periodic Maintenance,Completed,4,2260
SV004242,2025-02-06 00:00:00,D033,V019,C03273,Periodic Maintenance,Completed,4,3364
SV004243,2026-12-31 00:00:00,D039,V005,C02519,General Service,Cancelled,3,2514
SV004244,2025-07-01 00:00:00,D006,V010,C04659,Periodic Maintenance,Completed,5,2235
SV004245,2025-04-29 00:00:00,D005,V018,C00476,General Service,Completed,4,1125
SV004246,2025-01-24 00:00:00,D001,V019,C02778,Repair,Completed,5,1858
SV004247,2026-06-01 00:00:00,D039,V008,C03854,Warranty,Completed,2,2554
SV004248,2025-03-11 00:00:00,D054,V017,C00825,General Service,Pending,5,1836
SV004249,2026-08-28 00:00:00,D028,V020,C04177,General Service,Completed,4,1070
SV004250,2026-12-13 00:00:00,D004,V011,C01602,Warranty,Completed,5,1315
SV004251,2026-11-07 00:00:00,D034,V017,C04741,General Service,Completed,4,2952
SV004252,2025-02-06 00:00:00,D058,V020,C05735,Warranty,Completed,4,2154
SV004253,2025-11-06 00:00:00,D037,V001,C01230,Oil Change,Completed,5,1699
SV004254,2025-06-15 00:00:00,D002,V013,C05988,Periodic Maintenance,Completed,3,1748
SV004255,2025-06-30 00:00:00,D028,V015,C05416,Oil Change,Completed,5,2094
SV004256,2026-09-10 00:00:00,D003,V009,C03948,Warranty,Completed,5,5269
SV004257,2026-11-28 00:00:00,D026,V018,C03273,Oil Change,Completed,5,2077
SV004258,2025-09-08 00:00:00,D052,V019,C02724,Repair,Completed,5,3430
SV004259,2025-04-17 00:00:00,D008,V002,C03937,General Service,Completed,5,1943
SV004260,2026-01-08 00:00:00,D023,V004,C03099,General Service,Completed,5,3032
SV004261,2026-09-16 00:00:00,D056,V003,C05327,Periodic Maintenance,Completed,3,3424
SV004262,2026-04-17 00:00:00,D019,V017,C03001,Periodic Maintenance,Completed,5,2115
SV004263,2026-04-29 00:00:00,D040,V013,C01243,Periodic Maintenance,Completed,5,1076
SV004264,2026-09-15 00:00:00,D058,V013,C05235,Warranty,Completed,4,4719
SV004265,2026-09-30 00:00:00,D003,V011,C03977,Repair,Completed,5,3997
SV004266,2025-09-04 00:00:00,D027,V012,C00228,General Service,Completed,3,2502
SV004267,2026-04-09 00:00:00,D041,V017,C03244,General Service,Completed,4,2141
SV004268,2026-05-04 00:00:00,D013,V008,C00888,Periodic Maintenance,Pending,3,3555
SV004269,2025-01-11 00:00:00,D055,V008,C05442,General Service,Completed,1,3591
SV004270,2026-05-30 00:00:00,D040,V018,C02321,General Service,Completed,1,4136
SV004271,2025-10-18 00:00:00,D036,V016,C01299,Warranty,Completed,5,2373
SV004272,2025-12-22 00:00:00,D052,V018,C00571,General Service,Cancelled,5,2453
SV004273,2026-11-19 00:00:00,D029,V017,C05559,Periodic Maintenance,Completed,5,3429
SV004274,2025-08-05 00:00:00,D034,V019,C05816,General Service,Completed,3,5029
SV004275,2025-01-02 00:00:00,D001,V015,C03639,General Service,Completed,4,1368
SV004276,2025-01-25 00:00:00,D052,V019,C04782,Periodic Maintenance,Completed,5,1585
SV004277,2026-03-09 00:00:00,D057,V015,C00191,Periodic Maintenance,Completed,5,3638
SV004278,2026-09-01 00:00:00,D056,V015,C01821,Periodic Maintenance,Completed,5,2245
SV004279,2026-07-30 00:00:00,D015,V012,C04883,General Service,Cancelled,4,1066
SV004280,2026-06-01 00:00:00,D018,V012,C02581,General Service,Completed,4,1913
SV004281,2025-06-10 00:00:00,D042,V011,C00519,Repair,Completed,2,2519
SV004282,2025-06-03 00:00:00,D010,V018,C03376,Periodic Maintenance,Completed,5,1560
SV004283,2025-06-29 00:00:00,D048,V001,C00282,Periodic Maintenance,Completed,5,2972
SV004284,2025-08-27 00:00:00,D058,V017,C03399,Periodic Maintenance,Completed,4,3314
SV004285,2026-10-17 00:00:00,D006,V016,C05657,Warranty,Completed,4,8896
SV004286,2025-04-26 00:00:00,D011,V016,C03553,Warranty,Completed,5,4370
SV004287,2025-04-09 00:00:00,D021,V006,C01403,Periodic Maintenance,Completed,5,1168
SV004288,2025-04-04 00:00:00,D049,V005,C03357,Periodic Maintenance,Completed,3,9466
SV004289,2026-03-14 00:00:00,D033,V007,C03220,General Service,Completed,5,2354
SV004290,2025-06-10 00:00:00,D013,V019,C03425,Oil Change,Completed,4,4459
SV004291,2026-12-07 00:00:00,D039,V018,C01450,Periodic Maintenance,Completed,4,2433
SV004292,2025-05-14 00:00:00,D010,V017,C05431,General Service,Completed,5,2884
SV004293,2025-08-19 00:00:00,D014,V018,C04181,General Service,Completed,4,2261
SV004294,2025-11-27 00:00:00,D044,V019,C03922,Periodic Maintenance,Completed,5,2192
SV004295,2025-03-12 00:00:00,D017,V011,C02053,Periodic Maintenance,Completed,4,1233
SV004296,2025-12-11 00:00:00,D014,V015,C05369,Warranty,Completed,5,2548
SV004297,2025-06-29 00:00:00,D001,V018,C01259,Warranty,Completed,5,1377
SV004298,2025-11-16 00:00:00,D022,V015,C00902,General Service,Pending,5,3290
SV004299,2025-10-05 00:00:00,D025,V004,C05880,General Service,Completed,5,2315
SV004300,2025-04-16 00:00:00,D012,V013,C02750,Repair,Completed,5,3117
SV004301,2026-12-24 00:00:00,D035,V007,C05717,Oil Change,Pending,5,1563
SV004302,2025-07-12 00:00:00,D013,V015,C02460,General Service,Cancelled,4,2478
SV004303,2025-12-07 00:00:00,D057,V011,C02587,Oil Change,Completed,4,2431
SV004304,2025-06-11 00:00:00,D014,V004,C05926,General Service,Completed,5,3391
SV004305,2026-08-27 00:00:00,D027,V002,C02312,Periodic Maintenance,Completed,4,1365
SV004306,2025-05-06 00:00:00,D053,V010,C03333,Warranty,Completed,5,2024
SV004307,2026-11-28 00:00:00,D037,V015,C05875,General Service,Completed,5,6099
SV004308,2026-02-23 00:00:00,D015,V019,C03533,Oil Change,Completed,2,4745
SV004309,2026-11-29 00:00:00,D016,V012,C03686,Warranty,Completed,2,3235
SV004310,2025-11-17 00:00:00,D032,V002,C00745,Periodic Maintenance,Completed,3,5921
SV004311,2026-07-04 00:00:00,D029,V015,C03018,Warranty,Completed,5,4375
SV004312,2026-02-05 00:00:00,D004,V009,C05682,General Service,Pending,2,2422
SV004313,2026-02-18 00:00:00,D011,V020,C02504,Warranty,Completed,4,3482
SV004314,2025-05-11 00:00:00,D030,V005,C04238,Repair,Pending,5,1059
SV004315,2025-08-09 00:00:00,D051,V008,C02794,Warranty,Completed,1,1744
SV004316,2026-10-22 00:00:00,D018,V017,C02550,General Service,Completed,4,921
SV004317,2026-05-19 00:00:00,D026,V017,C02293,Oil Change,Completed,4,3004
SV004318,2025-06-04 00:00:00,D042,V002,C00861,Oil Change,Cancelled,5,1850
SV004319,2026-03-23 00:00:00,D030,V013,C02176,General Service,Completed,5,2377
SV004320,2025-01-16 00:00:00,D022,V019,C04274,General Service,Completed,4,1326
SV004321,2025-11-26 00:00:00,D017,V003,C03426,General Service,Completed,5,2124
SV004322,2025-10-15 00:00:00,D029,V006,C01348,General Service,Completed,3,2979
SV004323,2025-11-26 00:00:00,D060,V018,C01299,Repair,Completed,4,2312
SV004324,2026-01-29 00:00:00,D024,V006,C04888,General Service,Completed,5,1849
SV004325,2026-03-20 00:00:00,D015,V001,C05620,Oil Change,Completed,4,1147
SV004326,2025-09-02 00:00:00,D029,V004,C00591,Repair,Completed,2,3590
SV004327,2025-06-29 00:00:00,D025,V020,C05582,General Service,Completed,4,2190
SV004328,2026-03-28 00:00:00,D054,V017,C05247,Periodic Maintenance,Completed,4,4786
SV004329,2025-05-25 00:00:00,D010,V003,C04677,Periodic Maintenance,Completed,5,1305
SV004330,2026-07-17 00:00:00,D022,V001,C05370,Repair,Completed,1,2219
SV004331,2026-06-24 00:00:00,D020,V009,C02669,Periodic Maintenance,Completed,3,1994
SV004332,2025-04-24 00:00:00,D014,V018,C05615,Warranty,Completed,5,2653
SV004333,2026-07-14 00:00:00,D013,V020,C03840,Oil Change,Completed,4,1895
SV004334,2025-12-15 00:00:00,D014,V007,C02051,Repair,Completed,4,1475
SV004335,2025-09-16 00:00:00,D033,V004,C05889,General Service,Pending,4,1960
SV004336,2025-09-27 00:00:00,D029,V008,C04206,Repair,Completed,5,2451
SV004337,2025-08-11 00:00:00,D031,V009,C04441,General Service,Completed,5,7315
SV004338,2025-04-06 00:00:00,D057,V002,C05952,Oil Change,Completed,4,1883
SV004339,2025-03-24 00:00:00,D001,V002,C04911,Repair,Completed,2,2863
SV004340,2026-06-12 00:00:00,D030,V015,C01309,Oil Change,Completed,2,1436
SV004341,2026-05-02 00:00:00,D026,V008,C03990,General Service,Completed,3,2961
SV004342,2025-05-14 00:00:00,D055,V002,C04349,General Service,Completed,4,1079
SV004343,2026-11-01 00:00:00,D026,V015,C05750,General Service,Completed,4,7828
SV004344,2026-05-17 00:00:00,D037,V002,C02960,Periodic Maintenance,Completed,5,1586
SV004345,2025-09-01 00:00:00,D009,V012,C03264,Periodic Maintenance,Completed,4,500
SV004346,2025-04-21 00:00:00,D012,V018,C02885,Periodic Maintenance,Pending,4,2388
SV004347,2025-02-21 00:00:00,D025,V014,C01704,Warranty,Completed,3,3876
SV004348,2026-03-01 00:00:00,D051,V001,C04589,Periodic Maintenance,Completed,5,1287
SV004349,2026-01-10 00:00:00,D004,V004,C01779,General Service,Completed,5,1754
SV004350,2025-03-04 00:00:00,D048,V006,C02031,Periodic Maintenance,Pending,5,5080
SV004351,2026-03-13 00:00:00,D006,V004,C00735,Warranty,Completed,5,3405
SV004352,2026-04-09 00:00:00,D030,V006,C03437,Periodic Maintenance,Completed,2,5728
SV004353,2026-10-05 00:00:00,D058,V002,C01091,Repair,Completed,5,550
SV004354,2025-04-19 00:00:00,D024,V002,C04174,General Service,Completed,4,2353
SV004355,2025-06-15 00:00:00,D025,V004,C00404,General Service,Completed,4,2024
SV004356,2025-08-11 00:00:00,D030,V004,C02672,Periodic Maintenance,Completed,3,3208
SV004357,2026-07-01 00:00:00,D051,V004,C04250,Periodic Maintenance,Completed,4,1049
SV004358,2026-09-26 00:00:00,D009,V015,C02913,Periodic Maintenance,Completed,1,1043
SV004359,2025-11-12 00:00:00,D043,V017,C05155,Oil Change,Completed,4,5351
SV004360,2025-12-18 00:00:00,D012,V013,C02431,General Service,Completed,4,1498
SV004361,2026-05-13 00:00:00,D045,V009,C01283,Repair,Completed,2,1439
SV004362,2025-08-12 00:00:00,D026,V014,C02854,General Service,Completed,5,6000
SV004363,2025-11-13 00:00:00,D058,V004,C02315,General Service,Completed,4,3478
SV004364,2026-09-22 00:00:00,D059,V008,C04279,General Service,Completed,5,1877
SV004365,2026-03-02 00:00:00,D008,V015,C05645,General Service,Completed,5,3339
SV004366,2025-03-31 00:00:00,D019,V017,C05419,Repair,Completed,3,3927
SV004367,2026-03-08 00:00:00,D033,V011,C04231,General Service,Completed,5,1680
SV004368,2025-01-09 00:00:00,D004,V008,C03328,Oil Change,Completed,5,3506
SV004369,2026-12-11 00:00:00,D012,V007,C00255,Oil Change,Completed,5,6671
SV004370,2026-03-21 00:00:00,D008,V013,C05933,Oil Change,Completed,2,1501
SV004371,2026-10-04 00:00:00,D057,V008,C04521,Oil Change,Completed,4,4475
SV004372,2026-07-30 00:00:00,D046,V005,C03851,Periodic Maintenance,Cancelled,3,3029
SV004373,2025-08-11 00:00:00,D005,V009,C05437,Repair,Completed,4,3052
SV004374,2026-07-05 00:00:00,D032,V014,C04691,Warranty,Completed,5,4750
SV004375,2026-11-26 00:00:00,D057,V019,C04168,Periodic Maintenance,Completed,5,3316
SV004376,2026-11-01 00:00:00,D005,V008,C04553,Oil Change,Completed,4,936
SV004377,2026-10-16 00:00:00,D002,V017,C02544,Oil Change,Completed,3,1347
SV004378,2026-02-07 00:00:00,D005,V014,C05205,Periodic Maintenance,Completed,5,2586
SV004379,2025-07-22 00:00:00,D054,V018,C05269,Repair,Completed,1,1410
SV004380,2025-03-11 00:00:00,D023,V011,C01842,Repair,Completed,4,8655
SV004381,2025-11-15 00:00:00,D005,V020,C04555,Warranty,Completed,3,1703
SV004382,2025-04-03 00:00:00,D060,V005,C02292,Periodic Maintenance,Completed,5,1388
SV004383,2025-11-18 00:00:00,D017,V016,C05339,Repair,Completed,4,1618
SV004384,2026-03-15 00:00:00,D038,V018,C01449,Warranty,Completed,4,1843
SV004385,2025-04-11 00:00:00,D049,V005,C04736,Periodic Maintenance,Completed,4,2414
SV004386,2025-10-13 00:00:00,D010,V017,C04216,Periodic Maintenance,Completed,4,1973
SV004387,2025-03-30 00:00:00,D006,V018,C01699,General Service,Completed,5,3069
SV004388,2026-05-04 00:00:00,D059,V009,C05247,Oil Change,Completed,4,1251
SV004389,2025-06-23 00:00:00,D021,V014,C03762,Periodic Maintenance,Completed,3,5158
SV004390,2026-07-15 00:00:00,D016,V010,C02956,Periodic Maintenance,Cancelled,4,2469
SV004391,2025-07-23 00:00:00,D031,V010,C01082,Periodic Maintenance,Completed,3,1939
SV004392,2026-09-19 00:00:00,D040,V006,C04696,Periodic Maintenance,Completed,1,2616
SV004393,2025-04-16 00:00:00,D041,V013,C04095,Warranty,Completed,4,1872
SV004394,2025-04-06 00:00:00,D033,V013,C00711,General Service,Completed,5,2446
SV004395,2025-08-25 00:00:00,D036,V014,C03808,Repair,Completed,4,4328
SV004396,2026-03-26 00:00:00,D008,V008,C05689,Warranty,Completed,3,926
SV004397,2026-02-12 00:00:00,D019,V009,C01759,Periodic Maintenance,Completed,4,3635
SV004398,2025-12-03 00:00:00,D002,V007,C01705,General Service,Completed,4,4860
SV004399,2026-01-27 00:00:00,D056,V017,C01432,Warranty,Completed,4,3111
SV004400,2026-03-13 00:00:00,D026,V008,C01040,General Service,Completed,4,2662
SV004401,2025-07-05 00:00:00,D006,V002,C01528,Periodic Maintenance,Pending,5,4180
SV004402,2026-01-14 00:00:00,D019,V006,C02612,General Service,Cancelled,3,1602
SV004403,2026-05-02 00:00:00,D022,V009,C01978,Oil Change,Completed,5,2075
SV004404,2026-10-19 00:00:00,D055,V020,C05273,General Service,Completed,5,612
SV004405,2025-04-22 00:00:00,D051,V003,C00875,Repair,Completed,5,5918
SV004406,2026-09-01 00:00:00,D035,V004,C00224,General Service,Completed,4,2400
SV004407,2026-09-26 00:00:00,D036,V008,C01620,General Service,Completed,3,3026
SV004408,2025-01-04 00:00:00,D039,V015,C05919,General Service,Completed,4,2440
SV004409,2025-04-20 00:00:00,D008,V008,C05273,Warranty,Completed,4,575
SV004410,2026-01-08 00:00:00,D001,V017,C01629,Periodic Maintenance,Completed,2,2544
SV004411,2026-12-11 00:00:00,D027,V014,C00476,Periodic Maintenance,Pending,5,2696
SV004412,2025-03-18 00:00:00,D048,V014,C04058,Repair,Completed,5,2275
SV004413,2026-11-30 00:00:00,D052,V013,C00030,Periodic Maintenance,Completed,4,5431
SV004414,2026-10-24 00:00:00,D012,V012,C03869,Periodic Maintenance,Pending,5,2983
SV004415,2026-12-25 00:00:00,D037,V007,C03553,Periodic Maintenance,Completed,5,1791
SV004416,2026-01-04 00:00:00,D028,V009,C01667,General Service,Completed,4,1828
SV004417,2026-04-23 00:00:00,D014,V019,C04310,General Service,Completed,2,5770
SV004418,2026-05-10 00:00:00,D003,V002,C00807,General Service,Completed,5,1463
SV004419,2026-03-16 00:00:00,D056,V018,C03778,Periodic Maintenance,Completed,5,2564
SV004420,2025-02-16 00:00:00,D057,V010,C04201,Repair,Completed,5,1304
SV004421,2026-01-13 00:00:00,D019,V010,C04982,Oil Change,Cancelled,4,3046
SV004422,2025-05-05 00:00:00,D020,V015,C05499,General Service,Completed,4,1681
SV004423,2026-05-27 00:00:00,D029,V019,C00421,Oil Change,Completed,4,2265
SV004424,2026-08-26 00:00:00,D037,V012,C05244,Periodic Maintenance,Completed,5,1743
SV004425,2025-10-07 00:00:00,D056,V007,C02118,General Service,Cancelled,5,4037
SV004426,2025-10-16 00:00:00,D034,V001,C02380,Oil Change,Completed,5,5745
SV004427,2025-03-16 00:00:00,D052,V002,C01939,Oil Change,Completed,5,2187
SV004428,2025-10-24 00:00:00,D051,V018,C05231,General Service,Pending,5,1596
SV004429,2026-07-31 00:00:00,D047,V004,C01303,General Service,Completed,5,2029
SV004430,2025-03-10 00:00:00,D012,V001,C03772,Warranty,Completed,4,2731
SV004431,2025-07-16 00:00:00,D044,V020,C00092,General Service,Completed,5,2467
SV004432,2025-02-16 00:00:00,D053,V004,C03860,Oil Change,Completed,5,2500
SV004433,2025-10-25 00:00:00,D011,V002,C03818,Periodic Maintenance,Completed,2,2637
SV004434,2025-04-08 00:00:00,D029,V019,C04441,Periodic Maintenance,Completed,5,1825
SV004435,2025-08-26 00:00:00,D047,V012,C03250,Periodic Maintenance,Completed,5,3285
SV004436,2025-04-14 00:00:00,D006,V016,C05309,Warranty,Completed,5,2414
SV004437,2026-04-09 00:00:00,D013,V018,C00067,Oil Change,Completed,4,5360
SV004438,2026-06-22 00:00:00,D035,V010,C00768,Repair,Completed,5,2107
SV004439,2025-07-19 00:00:00,D053,V006,C03770,General Service,Completed,5,5532
SV004440,2026-06-15 00:00:00,D012,V004,C03350,Periodic Maintenance,Completed,5,3405
SV004441,2026-03-18 00:00:00,D005,V012,C04963,General Service,Completed,4,1926
SV004442,2025-02-28 00:00:00,D034,V008,C04584,Periodic Maintenance,Completed,5,3807
SV004443,2025-03-09 00:00:00,D028,V010,C01189,Periodic Maintenance,Cancelled,5,3317
SV004444,2026-01-12 00:00:00,D055,V007,C01102,General Service,Completed,4,3859
SV004445,2025-09-26 00:00:00,D012,V018,C04765,Warranty,Completed,4,1043
SV004446,2026-01-18 00:00:00,D053,V003,C00735,Oil Change,Completed,3,1797
SV004447,2026-10-12 00:00:00,D022,V016,C05010,Warranty,Pending,5,5241
SV004448,2026-07-19 00:00:00,D051,V014,C05714,General Service,Cancelled,4,6455
SV004449,2026-06-13 00:00:00,D021,V012,C00987,Periodic Maintenance,Completed,5,1063
SV004450,2026-07-26 00:00:00,D059,V014,C05298,Warranty,Completed,3,4019
SV004451,2025-12-20 00:00:00,D018,V019,C05355,General Service,Completed,1,3544
SV004452,2025-07-07 00:00:00,D012,V015,C02750,Periodic Maintenance,Completed,4,1667
SV004453,2025-11-09 00:00:00,D026,V009,C02589,Repair,Completed,4,4602
SV004454,2025-12-24 00:00:00,D024,V008,C05844,Warranty,Completed,5,3261
SV004455,2025-08-28 00:00:00,D034,V009,C01147,Periodic Maintenance,Completed,5,2431
SV004456,2025-11-27 00:00:00,D011,V019,C01718,Oil Change,Completed,3,1141
SV004457,2025-12-29 00:00:00,D055,V001,C05175,General Service,Cancelled,5,2975
SV004458,2025-10-02 00:00:00,D010,V016,C04676,Periodic Maintenance,Cancelled,5,5544
SV004459,2026-04-16 00:00:00,D037,V013,C04750,General Service,Cancelled,4,1140
SV004460,2025-06-22 00:00:00,D056,V009,C02790,General Service,Completed,5,2655
SV004461,2025-10-23 00:00:00,D054,V007,C00130,Oil Change,Pending,1,2266
SV004462,2025-03-24 00:00:00,D015,V007,C01957,Periodic Maintenance,Completed,5,1786
SV004463,2025-06-12 00:00:00,D010,V012,C02831,Oil Change,Completed,4,2340
SV004464,2025-01-27 00:00:00,D010,V010,C00710,Periodic Maintenance,Completed,4,1685
SV004465,2025-04-01 00:00:00,D059,V005,C01946,Warranty,Completed,5,2010
SV004466,2025-07-31 00:00:00,D037,V004,C02428,Oil Change,Cancelled,5,1463
SV004467,2026-08-20 00:00:00,D058,V005,C00570,General Service,Completed,5,4457
SV004468,2026-07-14 00:00:00,D019,V015,C01457,General Service,Completed,4,4685
SV004469,2026-06-08 00:00:00,D010,V006,C03865,General Service,Completed,4,4984
SV004470,2026-01-19 00:00:00,D017,V010,C04101,Oil Change,Completed,3,3339
SV004471,2025-10-07 00:00:00,D019,V006,C05681,Warranty,Completed,4,2464
SV004472,2026-11-22 00:00:00,D059,V007,C04280,Oil Change,Completed,3,2835
SV004473,2026-03-17 00:00:00,D001,V018,C00151,General Service,Completed,5,4128
SV004474,2026-09-14 00:00:00,D029,V002,C00812,Oil Change,Completed,4,937
SV004475,2025-04-13 00:00:00,D015,V005,C01253,Oil Change,Completed,5,1624
SV004476,2025-04-24 00:00:00,D034,V013,C01191,Periodic Maintenance,Completed,5,4851
SV004477,2026-03-23 00:00:00,D017,V008,C03281,Repair,Completed,5,2631
SV004478,2025-03-14 00:00:00,D035,V020,C04715,Periodic Maintenance,Completed,4,2380
SV004479,2026-10-13 00:00:00,D026,V012,C01429,Oil Change,Completed,4,2112
SV004480,2025-11-05 00:00:00,D016,V005,C05872,Periodic Maintenance,Completed,5,2611
SV004481,2026-02-28 00:00:00,D004,V020,C05235,General Service,Completed,3,2468
SV004482,2026-11-18 00:00:00,D016,V011,C01917,Oil Change,Completed,5,3782
SV004483,2025-05-04 00:00:00,D047,V016,C04207,General Service,Completed,5,1451
SV004484,2025-05-25 00:00:00,D011,V018,C04387,Periodic Maintenance,Completed,3,5955
SV004485,2026-05-12 00:00:00,D025,V010,C00991,Oil Change,Completed,4,5330
SV004486,2025-11-30 00:00:00,D012,V005,C04884,Periodic Maintenance,Completed,5,3585
SV004487,2025-09-15 00:00:00,D059,V002,C04800,Oil Change,Completed,4,3260
SV004488,2026-10-16 00:00:00,D008,V014,C00217,Oil Change,Completed,2,1197
SV004489,2026-06-17 00:00:00,D057,V018,C05592,Oil Change,Completed,4,2548
SV004490,2026-09-13 00:00:00,D060,V001,C04634,Repair,Completed,1,1033
SV004491,2025-07-15 00:00:00,D059,V019,C03847,General Service,Completed,5,1183
SV004492,2025-06-25 00:00:00,D012,V006,C00429,General Service,Completed,4,5069
SV004493,2025-01-03 00:00:00,D046,V011,C03387,General Service,Cancelled,4,1363
SV004494,2026-02-26 00:00:00,D023,V009,C01953,Oil Change,Completed,4,1145
SV004495,2025-01-28 00:00:00,D012,V007,C04674,General Service,Completed,3,1282
SV004496,2026-12-04 00:00:00,D042,V005,C04465,Oil Change,Cancelled,4,2751
SV004497,2026-05-03 00:00:00,D051,V020,C00902,Repair,Completed,4,5139
SV004498,2025-12-08 00:00:00,D028,V005,C00945,Oil Change,Completed,3,1152
SV004499,2026-09-30 00:00:00,D036,V010,C01002,General Service,Completed,4,2548
SV004500,2026-03-30 00:00:00,D007,V008,C05643,Oil Change,Completed,4,1723
SV004501,2026-02-10 00:00:00,D010,V002,C03071,Oil Change,Completed,4,861
SV004502,2026-11-28 00:00:00,D027,V012,C02096,General Service,Completed,3,2859
SV004503,2025-02-12 00:00:00,D046,V009,C04860,Periodic Maintenance,Pending,5,586
SV004504,2026-10-01 00:00:00,D014,V018,C04058,Periodic Maintenance,Completed,5,3759
SV004505,2026-01-02 00:00:00,D058,V001,C02678,General Service,Completed,3,3270
SV004506,2025-01-12 00:00:00,D009,V001,C01076,Oil Change,Completed,3,7394
SV004507,2026-08-25 00:00:00,D014,V004,C01459,General Service,Completed,5,1861
SV004508,2025-09-26 00:00:00,D029,V017,C03679,Periodic Maintenance,Completed,5,3691
SV004509,2025-12-11 00:00:00,D006,V012,C01149,Repair,Completed,5,1988
SV004510,2026-07-13 00:00:00,D030,V018,C01521,Periodic Maintenance,Completed,5,4914
SV004511,2025-04-15 00:00:00,D019,V012,C02994,Repair,Completed,4,2910
SV004512,2025-01-10 00:00:00,D042,V020,C00842,Repair,Completed,5,2011
SV004513,2026-11-18 00:00:00,D008,V009,C05132,Oil Change,Completed,5,2437
SV004514,2025-05-07 00:00:00,D001,V015,C03988,Periodic Maintenance,Completed,4,973
SV004515,2025-09-23 00:00:00,D057,V008,C04819,Oil Change,Completed,4,5456
SV004516,2026-01-15 00:00:00,D005,V012,C00534,General Service,Completed,3,3781
SV004517,2025-12-15 00:00:00,D058,V014,C01061,Repair,Completed,5,500
SV004518,2026-05-18 00:00:00,D045,V005,C01823,Oil Change,Completed,3,1807
SV004519,2025-05-15 00:00:00,D002,V013,C03957,General Service,Completed,3,4474
SV004520,2026-11-01 00:00:00,D035,V020,C05061,Oil Change,Pending,4,2815
SV004521,2025-06-21 00:00:00,D049,V018,C00430,Periodic Maintenance,Completed,3,2699
SV004522,2025-07-28 00:00:00,D007,V015,C03395,Periodic Maintenance,Completed,4,3178
SV004523,2025-05-14 00:00:00,D007,V009,C03240,General Service,Cancelled,4,3461
SV004524,2025-01-28 00:00:00,D045,V008,C04029,Oil Change,Completed,4,1959
SV004525,2025-04-21 00:00:00,D040,V004,C02964,General Service,Completed,5,2832
SV004526,2025-07-14 00:00:00,D051,V013,C01763,General Service,Completed,5,2512
SV004527,2026-03-26 00:00:00,D033,V010,C00552,Repair,Completed,5,1861
SV004528,2026-02-28 00:00:00,D016,V001,C04689,General Service,Pending,4,1895
SV004529,2025-04-25 00:00:00,D028,V001,C01361,Repair,Pending,2,2499
SV004530,2026-08-25 00:00:00,D038,V006,C05163,General Service,Completed,5,2659
SV004531,2025-12-07 00:00:00,D004,V016,C01092,Periodic Maintenance,Completed,5,2828
SV004532,2026-07-27 00:00:00,D010,V001,C02982,General Service,Completed,4,5629
SV004533,2026-05-14 00:00:00,D057,V008,C03764,General Service,Completed,5,2138
SV004534,2025-08-20 00:00:00,D033,V011,C05319,Repair,Completed,5,1595
SV004535,2025-02-03 00:00:00,D001,V017,C01743,General Service,Pending,5,2035
SV004536,2026-02-16 00:00:00,D036,V007,C00755,Oil Change,Completed,5,2828
SV004537,2025-01-14 00:00:00,D018,V003,C03330,Repair,Completed,4,1139
SV004538,2026-10-25 00:00:00,D039,V017,C02903,Repair,Completed,4,2302
SV004539,2026-05-17 00:00:00,D027,V008,C05509,Repair,Completed,3,1575
SV004540,2026-02-07 00:00:00,D030,V007,C00876,Oil Change,Completed,5,2246
SV004541,2025-01-28 00:00:00,D011,V001,C02588,Warranty,Completed,4,2104
SV004542,2026-11-05 00:00:00,D024,V015,C02972,Oil Change,Completed,5,1109
SV004543,2026-03-22 00:00:00,D019,V009,C04794,Periodic Maintenance,Completed,4,5213
SV004544,2026-11-05 00:00:00,D001,V016,C03084,General Service,Completed,5,1725
SV004545,2026-01-05 00:00:00,D024,V019,C01015,General Service,Completed,5,1463
SV004546,2025-06-21 00:00:00,D019,V017,C01643,General Service,Completed,5,1715
SV004547,2026-05-11 00:00:00,D032,V016,C01046,General Service,Completed,5,2159
SV004548,2026-10-01 00:00:00,D054,V002,C04807,Periodic Maintenance,Completed,5,2466
SV004549,2026-06-20 00:00:00,D020,V008,C05841,Periodic Maintenance,Completed,4,2793
SV004550,2025-04-20 00:00:00,D060,V009,C04489,Periodic Maintenance,Completed,5,3050
SV004551,2026-07-29 00:00:00,D037,V013,C05535,Oil Change,Pending,5,4519
SV004552,2026-05-07 00:00:00,D027,V011,C03189,Warranty,Completed,1,2299
SV004553,2025-04-05 00:00:00,D031,V007,C00711,Periodic Maintenance,Completed,5,1610
SV004554,2026-02-14 00:00:00,D058,V003,C04273,Periodic Maintenance,Completed,5,2565
SV004555,2026-07-09 00:00:00,D001,V013,C00482,General Service,Completed,3,3830
SV004556,2026-08-05 00:00:00,D008,V004,C01355,Warranty,Completed,5,1750
SV004557,2026-06-01 00:00:00,D005,V020,C02489,General Service,Completed,1,3000
SV004558,2026-06-30 00:00:00,D054,V018,C04555,General Service,Completed,5,3335
SV004559,2026-05-15 00:00:00,D024,V003,C02841,Periodic Maintenance,Pending,5,3180
SV004560,2025-12-26 00:00:00,D042,V005,C05597,Warranty,Completed,5,1306
SV004561,2026-06-28 00:00:00,D053,V007,C05408,Periodic Maintenance,Completed,5,4058
SV004562,2026-08-09 00:00:00,D038,V017,C03946,Warranty,Completed,4,8776
SV004563,2025-07-01 00:00:00,D022,V010,C00693,Oil Change,Completed,5,2248
SV004564,2025-06-27 00:00:00,D007,V002,C00034,Warranty,Completed,4,2127
SV004565,2026-04-19 00:00:00,D001,V010,C01494,Periodic Maintenance,Completed,5,4664
SV004566,2026-07-31 00:00:00,D021,V001,C05938,General Service,Pending,5,1917
SV004567,2026-04-20 00:00:00,D038,V010,C01847,Periodic Maintenance,Completed,5,2221
SV004568,2025-12-18 00:00:00,D015,V020,C03471,Oil Change,Completed,4,2422
SV004569,2025-10-28 00:00:00,D015,V005,C00961,General Service,Completed,4,2971
SV004570,2025-09-13 00:00:00,D046,V020,C02926,Oil Change,Completed,5,1408
SV004571,2025-05-28 00:00:00,D035,V002,C05574,General Service,Completed,4,2541
SV004572,2026-05-20 00:00:00,D057,V015,C05710,General Service,Completed,1,1409
SV004573,2025-01-18 00:00:00,D057,V008,C01262,Repair,Completed,4,2886
SV004574,2026-12-19 00:00:00,D055,V018,C05067,General Service,Completed,4,2932
SV004575,2025-09-10 00:00:00,D052,V013,C05226,Periodic Maintenance,Completed,4,1923
SV004576,2026-12-02 00:00:00,D005,V001,C05456,Periodic Maintenance,Completed,4,2394
SV004577,2025-11-08 00:00:00,D032,V017,C00190,General Service,Completed,2,4220
SV004578,2025-08-09 00:00:00,D027,V008,C01767,Warranty,Completed,5,1359
SV004579,2025-07-22 00:00:00,D053,V017,C00781,Warranty,Completed,5,3353
SV004580,2026-09-18 00:00:00,D060,V012,C04149,Oil Change,Pending,5,1706
SV004581,2026-09-15 00:00:00,D030,V017,C05209,Warranty,Completed,4,3758
SV004582,2025-09-19 00:00:00,D007,V006,C02868,Periodic Maintenance,Completed,5,2440
SV004583,2026-08-30 00:00:00,D060,V004,C02525,Warranty,Completed,4,1796
SV004584,2025-12-29 00:00:00,D004,V011,C03284,Periodic Maintenance,Completed,5,2420
SV004585,2025-08-21 00:00:00,D059,V013,C02759,Repair,Completed,5,3175
SV004586,2025-04-17 00:00:00,D056,V014,C00741,Periodic Maintenance,Completed,3,1719
SV004587,2026-11-20 00:00:00,D059,V019,C04361,Periodic Maintenance,Completed,5,2654
SV004588,2026-09-04 00:00:00,D048,V002,C00745,General Service,Completed,5,2013
SV004589,2025-07-12 00:00:00,D012,V005,C03979,General Service,Completed,2,1276
SV004590,2025-02-05 00:00:00,D012,V020,C01437,Oil Change,Completed,4,2783
SV004591,2026-04-30 00:00:00,D003,V008,C04471,General Service,Completed,5,4903
SV004592,2025-09-03 00:00:00,D014,V008,C03419,Oil Change,Completed,5,574
SV004593,2025-07-15 00:00:00,D018,V003,C04750,Oil Change,Completed,4,3323
SV004594,2025-11-12 00:00:00,D057,V007,C01092,General Service,Completed,4,2976
SV004595,2025-10-10 00:00:00,D029,V020,C00775,Repair,Completed,4,1519
SV004596,2026-07-26 00:00:00,D001,V009,C03923,Oil Change,Pending,4,4626
SV004597,2025-02-16 00:00:00,D053,V013,C04482,Periodic Maintenance,Completed,4,3738
SV004598,2025-03-13 00:00:00,D045,V010,C04361,Periodic Maintenance,Completed,5,2927
SV004599,2025-09-08 00:00:00,D053,V002,C00813,Oil Change,Completed,2,2358
SV004600,2025-03-29 00:00:00,D039,V010,C02004,General Service,Completed,4,3966
SV004601,2026-02-18 00:00:00,D003,V004,C00676,Periodic Maintenance,Completed,5,2789
SV004602,2026-02-07 00:00:00,D013,V020,C00001,General Service,Completed,5,3091
SV004603,2026-02-11 00:00:00,D013,V014,C04511,Oil Change,Completed,4,903
SV004604,2025-07-26 00:00:00,D006,V014,C01997,General Service,Completed,4,1956
SV004605,2025-04-18 00:00:00,D038,V006,C00366,Repair,Completed,5,1757
SV004606,2025-03-20 00:00:00,D029,V011,C04012,Periodic Maintenance,Completed,4,1963
SV004607,2025-09-15 00:00:00,D022,V012,C02734,General Service,Completed,4,5977
SV004608,2025-10-16 00:00:00,D026,V001,C03607,General Service,Completed,4,5610
SV004609,2025-06-22 00:00:00,D045,V010,C04761,General Service,Completed,3,2963
SV004610,2025-10-09 00:00:00,D031,V005,C05133,Periodic Maintenance,Completed,5,2085
SV004611,2025-02-17 00:00:00,D039,V004,C02844,General Service,Completed,3,6207
SV004612,2026-10-11 00:00:00,D047,V012,C00034,Periodic Maintenance,Completed,1,3032
SV004613,2026-08-02 00:00:00,D030,V005,C02380,General Service,Completed,4,2492
SV004614,2025-05-10 00:00:00,D037,V020,C02438,General Service,Completed,5,3118
SV004615,2026-12-17 00:00:00,D054,V007,C01898,General Service,Completed,3,3895
SV004616,2025-02-12 00:00:00,D023,V003,C04938,General Service,Cancelled,5,5381
SV004617,2025-07-18 00:00:00,D012,V017,C03075,Oil Change,Completed,5,1860
SV004618,2025-03-18 00:00:00,D038,V019,C01857,General Service,Completed,5,675
SV004619,2025-03-20 00:00:00,D043,V005,C02421,Repair,Completed,4,1596
SV004620,2026-01-14 00:00:00,D003,V002,C00953,General Service,Completed,4,2430
SV004621,2026-12-08 00:00:00,D045,V014,C01959,Repair,Completed,5,4376
SV004622,2026-02-18 00:00:00,D038,V011,C02582,General Service,Completed,3,2489
SV004623,2026-09-28 00:00:00,D034,V002,C02671,General Service,Completed,4,1454
SV004624,2025-10-17 00:00:00,D034,V006,C01630,Repair,Pending,5,2906
SV004625,2025-11-12 00:00:00,D054,V016,C04158,Oil Change,Completed,3,1544
SV004626,2026-01-23 00:00:00,D022,V007,C00450,Periodic Maintenance,Completed,3,2113
SV004627,2025-12-14 00:00:00,D018,V001,C04157,Periodic Maintenance,Completed,5,3490
SV004628,2025-01-15 00:00:00,D002,V017,C02199,General Service,Completed,5,3120
SV004629,2026-10-03 00:00:00,D028,V017,C04139,Periodic Maintenance,Completed,5,5569
SV004630,2026-08-06 00:00:00,D017,V015,C05269,General Service,Completed,4,3069
SV004631,2025-09-19 00:00:00,D023,V003,C00407,Periodic Maintenance,Completed,4,3022
SV004632,2026-11-04 00:00:00,D053,V020,C02371,Oil Change,Completed,4,3685
SV004633,2025-09-23 00:00:00,D040,V016,C05502,Warranty,Completed,1,1373
SV004634,2026-05-29 00:00:00,D036,V004,C04874,Repair,Completed,4,777
SV004635,2025-03-30 00:00:00,D003,V001,C02721,Periodic Maintenance,Completed,3,2808
SV004636,2026-06-26 00:00:00,D038,V004,C01144,Repair,Pending,5,2077
SV004637,2025-08-03 00:00:00,D002,V010,C00431,General Service,Completed,1,844
SV004638,2025-04-04 00:00:00,D004,V004,C05456,Periodic Maintenance,Completed,4,1117
SV004639,2025-05-22 00:00:00,D036,V009,C00742,General Service,Completed,5,1228
SV004640,2026-07-21 00:00:00,D047,V015,C00444,Oil Change,Cancelled,5,1922
SV004641,2026-07-17 00:00:00,D059,V017,C03187,General Service,Completed,5,3036
SV004642,2026-12-17 00:00:00,D038,V013,C05287,General Service,Completed,5,3361
SV004643,2025-01-29 00:00:00,D040,V020,C00760,General Service,Completed,3,3140
SV004644,2025-04-07 00:00:00,D035,V010,C02135,General Service,Completed,4,2681
SV004645,2025-10-07 00:00:00,D053,V007,C01403,Warranty,Completed,3,1798
SV004646,2026-10-08 00:00:00,D051,V012,C03751,Warranty,Completed,4,4085
SV004647,2025-10-07 00:00:00,D018,V003,C02902,Periodic Maintenance,Cancelled,5,2838
SV004648,2025-09-25 00:00:00,D016,V005,C00477,General Service,Completed,3,5656
SV004649,2026-11-13 00:00:00,D016,V011,C01367,Oil Change,Completed,4,4816
SV004650,2026-06-11 00:00:00,D042,V015,C04860,Repair,Completed,5,989
SV004651,2025-06-01 00:00:00,D036,V001,C03051,Oil Change,Completed,4,4027
SV004652,2026-07-27 00:00:00,D018,V018,C05598,Oil Change,Completed,5,3557
SV004653,2025-05-27 00:00:00,D003,V015,C02423,General Service,Cancelled,1,4239
SV004654,2025-06-17 00:00:00,D059,V004,C02247,Repair,Completed,4,3089
SV004655,2026-10-17 00:00:00,D058,V001,C01283,Periodic Maintenance,Cancelled,3,1667
SV004656,2026-09-20 00:00:00,D007,V015,C04324,General Service,Completed,4,5344
SV004657,2025-08-14 00:00:00,D024,V007,C02206,Periodic Maintenance,Completed,1,733
SV004658,2025-11-09 00:00:00,D029,V004,C02732,Periodic Maintenance,Completed,3,3327
SV004659,2025-09-28 00:00:00,D043,V011,C04148,Oil Change,Completed,4,1828
SV004660,2026-03-08 00:00:00,D041,V014,C01996,General Service,Completed,4,4391
SV004661,2026-10-27 00:00:00,D031,V004,C00487,General Service,Completed,5,2694
SV004662,2025-07-28 00:00:00,D008,V005,C04681,Periodic Maintenance,Completed,3,1862
SV004663,2026-11-30 00:00:00,D008,V001,C03425,Repair,Completed,4,1491
SV004664,2026-07-02 00:00:00,D002,V015,C02556,Warranty,Completed,3,8144
SV004665,2026-12-29 00:00:00,D019,V002,C01197,General Service,Pending,5,2358
SV004666,2025-05-06 00:00:00,D009,V016,C05497,Periodic Maintenance,Completed,5,2673
SV004667,2025-06-23 00:00:00,D028,V005,C03153,General Service,Completed,5,2124
SV004668,2025-09-19 00:00:00,D004,V009,C00898,Warranty,Completed,2,5421
SV004669,2026-06-09 00:00:00,D057,V010,C05465,General Service,Completed,4,3090
SV004670,2025-05-10 00:00:00,D003,V005,C03140,Periodic Maintenance,Completed,5,1314
SV004671,2025-03-11 00:00:00,D011,V001,C05522,Periodic Maintenance,Completed,4,3961
SV004672,2025-01-26 00:00:00,D013,V012,C00897,Periodic Maintenance,Pending,5,4158
SV004673,2025-01-11 00:00:00,D038,V001,C05533,Periodic Maintenance,Completed,5,6003
SV004674,2025-09-06 00:00:00,D055,V010,C01578,General Service,Completed,3,4765
SV004675,2025-05-18 00:00:00,D060,V016,C05717,Periodic Maintenance,Completed,5,2031
SV004676,2026-07-06 00:00:00,D060,V015,C01728,Warranty,Completed,5,6102
SV004677,2026-03-16 00:00:00,D019,V020,C03543,Periodic Maintenance,Completed,4,3525
SV004678,2026-11-19 00:00:00,D011,V010,C03555,Oil Change,Completed,4,2434
SV004679,2026-09-13 00:00:00,D042,V013,C00632,Warranty,Completed,3,2015
SV004680,2026-04-07 00:00:00,D005,V012,C03674,Warranty,Completed,2,6427
SV004681,2025-10-11 00:00:00,D035,V020,C00193,Warranty,Completed,4,4131
SV004682,2026-06-17 00:00:00,D007,V014,C05136,Oil Change,Completed,4,785
SV004683,2026-10-17 00:00:00,D009,V011,C05204,General Service,Completed,4,1499
SV004684,2025-01-27 00:00:00,D038,V016,C02920,Periodic Maintenance,Completed,5,4424
SV004685,2025-02-09 00:00:00,D024,V007,C01374,Oil Change,Completed,1,1965
SV004686,2025-06-25 00:00:00,D045,V020,C02197,Periodic Maintenance,Completed,4,3245
SV004687,2026-12-28 00:00:00,D058,V004,C02668,Warranty,Completed,4,2029
SV004688,2025-08-01 00:00:00,D002,V013,C01293,General Service,Completed,5,3601
SV004689,2026-11-08 00:00:00,D055,V019,C01994,General Service,Completed,5,2538
SV004690,2026-11-04 00:00:00,D037,V002,C00778,Warranty,Completed,4,3729
SV004691,2026-02-04 00:00:00,D052,V010,C01669,Periodic Maintenance,Completed,4,2645
SV004692,2026-01-03 00:00:00,D004,V007,C01749,Periodic Maintenance,Completed,4,746
SV004693,2026-02-26 00:00:00,D036,V009,C04123,General Service,Completed,4,2589
SV004694,2026-09-18 00:00:00,D054,V018,C02622,General Service,Completed,3,2611
SV004695,2026-09-20 00:00:00,D054,V019,C05477,Periodic Maintenance,Completed,1,1360
SV004696,2025-02-08 00:00:00,D026,V005,C00685,Periodic Maintenance,Completed,3,1028
SV004697,2026-02-11 00:00:00,D056,V001,C01407,General Service,Completed,5,5287
SV004698,2025-07-05 00:00:00,D041,V017,C04806,General Service,Cancelled,5,2222
SV004699,2026-04-29 00:00:00,D059,V020,C00576,General Service,Completed,4,1643
SV004700,2025-09-05 00:00:00,D027,V020,C03843,Warranty,Completed,5,2297
SV004701,2026-09-03 00:00:00,D036,V020,C04301,Periodic Maintenance,Completed,4,4418
SV004702,2026-05-08 00:00:00,D006,V016,C03915,Oil Change,Completed,5,1896
SV004703,2025-12-17 00:00:00,D055,V011,C00141,Warranty,Completed,2,2871
SV004704,2025-12-30 00:00:00,D057,V003,C02208,General Service,Completed,5,10673
SV004705,2025-04-13 00:00:00,D036,V015,C02403,General Service,Cancelled,5,1889
SV004706,2025-10-31 00:00:00,D006,V011,C03978,Periodic Maintenance,Completed,5,3258
SV004707,2026-04-06 00:00:00,D026,V001,C02884,Warranty,Completed,5,4808
SV004708,2026-11-08 00:00:00,D046,V003,C01006,Warranty,Completed,1,2881
SV004709,2026-08-24 00:00:00,D042,V013,C04114,General Service,Completed,4,839
SV004710,2025-11-15 00:00:00,D011,V002,C05509,Periodic Maintenance,Completed,4,5586
SV004711,2026-10-23 00:00:00,D024,V014,C02024,Oil Change,Completed,3,1076
SV004712,2026-03-10 00:00:00,D029,V002,C01755,Periodic Maintenance,Completed,5,3123
SV004713,2025-06-12 00:00:00,D056,V002,C01362,Oil Change,Completed,4,2036
SV004714,2026-05-27 00:00:00,D047,V015,C04045,General Service,Completed,5,5750
SV004715,2026-05-16 00:00:00,D028,V019,C03604,General Service,Completed,3,3977
SV004716,2025-10-07 00:00:00,D060,V017,C02450,General Service,Pending,5,1711
SV004717,2026-04-04 00:00:00,D014,V006,C03558,Periodic Maintenance,Pending,4,2827
SV004718,2026-08-24 00:00:00,D056,V018,C01806,Repair,Completed,5,3044
SV004719,2025-07-19 00:00:00,D026,V007,C00617,Repair,Completed,5,3041
SV004720,2025-02-21 00:00:00,D010,V008,C03172,General Service,Pending,5,2149
SV004721,2025-01-20 00:00:00,D005,V009,C02474,Oil Change,Completed,3,2379
SV004722,2025-05-27 00:00:00,D042,V013,C03687,Repair,Completed,4,2237
SV004723,2025-06-19 00:00:00,D042,V006,C05855,Repair,Completed,5,5012
SV004724,2026-06-02 00:00:00,D007,V008,C01088,General Service,Completed,4,1576
SV004725,2025-06-06 00:00:00,D028,V007,C03766,Oil Change,Completed,4,2065
SV004726,2026-12-28 00:00:00,D032,V010,C05674,General Service,Completed,5,5258
SV004727,2026-06-30 00:00:00,D039,V008,C05266,Oil Change,Completed,3,2186
SV004728,2025-12-07 00:00:00,D028,V015,C03031,General Service,Cancelled,5,1267
SV004729,2025-04-28 00:00:00,D025,V012,C04569,General Service,Completed,5,3924
SV004730,2026-09-17 00:00:00,D028,V016,C05433,Warranty,Pending,5,1642
SV004731,2026-07-04 00:00:00,D021,V006,C01059,General Service,Completed,5,5429
SV004732,2026-02-23 00:00:00,D030,V003,C04664,Periodic Maintenance,Completed,5,2370
SV004733,2025-11-13 00:00:00,D050,V011,C03468,Periodic Maintenance,Completed,5,2140
SV004734,2025-08-12 00:00:00,D035,V004,C01092,Oil Change,Completed,1,2833
SV004735,2025-09-12 00:00:00,D045,V015,C05782,General Service,Completed,5,2114
SV004736,2025-10-19 00:00:00,D038,V005,C00435,Oil Change,Completed,5,2982
SV004737,2026-05-27 00:00:00,D043,V016,C00842,Oil Change,Completed,2,1360
SV004738,2025-07-20 00:00:00,D022,V006,C02807,General Service,Pending,4,1719
SV004739,2026-07-08 00:00:00,D042,V008,C00405,Warranty,Completed,5,4235
SV004740,2025-12-12 00:00:00,D016,V019,C00474,General Service,Completed,4,3325
SV004741,2025-03-18 00:00:00,D032,V010,C03933,Oil Change,Completed,4,1709
SV004742,2026-06-07 00:00:00,D026,V012,C00528,Repair,Completed,4,3642
SV004743,2026-07-13 00:00:00,D048,V012,C05628,Repair,Completed,5,1528
SV004744,2025-03-16 00:00:00,D036,V002,C02174,Oil Change,Completed,2,1788
SV004745,2025-09-10 00:00:00,D038,V004,C02795,Warranty,Completed,5,10937
SV004746,2026-01-08 00:00:00,D048,V003,C02686,Oil Change,Completed,4,5401
SV004747,2025-01-24 00:00:00,D029,V010,C04167,Periodic Maintenance,Completed,5,2187
SV004748,2026-05-30 00:00:00,D025,V008,C00048,Oil Change,Pending,5,11774
SV004749,2026-04-24 00:00:00,D008,V016,C01930,General Service,Cancelled,5,1885
SV004750,2025-11-02 00:00:00,D033,V013,C00778,General Service,Completed,1,4408
SV004751,2025-10-11 00:00:00,D039,V004,C04685,General Service,Cancelled,4,6504
SV004752,2025-09-01 00:00:00,D057,V013,C00903,Periodic Maintenance,Completed,4,1211
SV004753,2026-02-17 00:00:00,D018,V020,C01789,Repair,Completed,5,1391
SV004754,2025-10-26 00:00:00,D042,V002,C03842,Warranty,Completed,5,1143
SV004755,2026-05-26 00:00:00,D034,V011,C01588,Periodic Maintenance,Completed,5,4211
SV004756,2025-08-25 00:00:00,D007,V014,C04734,Repair,Completed,4,7244
SV004757,2025-05-20 00:00:00,D001,V005,C04792,General Service,Completed,4,1598
SV004758,2026-02-03 00:00:00,D058,V007,C01288,General Service,Completed,5,2548
SV004759,2025-09-28 00:00:00,D058,V019,C05243,General Service,Completed,4,3971
SV004760,2026-06-26 00:00:00,D037,V002,C02414,Oil Change,Completed,3,3158
SV004761,2026-08-15 00:00:00,D031,V001,C02174,General Service,Pending,4,2776
SV004762,2025-06-30 00:00:00,D004,V020,C00279,General Service,Completed,5,2118
SV004763,2025-03-08 00:00:00,D033,V002,C03069,Oil Change,Completed,5,2593
SV004764,2025-01-29 00:00:00,D032,V008,C00008,Periodic Maintenance,Completed,4,1028
SV004765,2025-07-03 00:00:00,D002,V013,C04842,Warranty,Cancelled,5,4733
SV004766,2026-01-07 00:00:00,D056,V004,C00209,Repair,Completed,5,1537
SV004767,2026-07-19 00:00:00,D043,V006,C03743,Periodic Maintenance,Completed,4,3243
SV004768,2025-07-17 00:00:00,D035,V003,C02098,Oil Change,Completed,5,5926
SV004769,2025-04-07 00:00:00,D056,V019,C04816,Periodic Maintenance,Completed,5,1890
SV004770,2026-01-31 00:00:00,D054,V019,C01396,Repair,Completed,5,2203
SV004771,2025-02-16 00:00:00,D005,V010,C05138,Repair,Completed,5,1861
SV004772,2026-07-20 00:00:00,D013,V009,C03109,Oil Change,Completed,5,2695
SV004773,2025-05-06 00:00:00,D045,V009,C05240,Repair,Completed,4,541
SV004774,2025-07-16 00:00:00,D021,V016,C03618,Periodic Maintenance,Completed,4,1280
SV004775,2026-05-15 00:00:00,D011,V014,C04197,General Service,Completed,4,1571
SV004776,2026-08-06 00:00:00,D019,V005,C01847,Oil Change,Completed,5,4233
SV004777,2025-10-27 00:00:00,D012,V004,C01023,Repair,Completed,3,2041
SV004778,2025-07-25 00:00:00,D006,V013,C02828,Oil Change,Completed,2,2251
SV004779,2025-04-24 00:00:00,D054,V011,C00645,Warranty,Completed,4,2199
SV004780,2026-09-23 00:00:00,D024,V007,C02098,General Service,Completed,5,1652
SV004781,2026-10-08 00:00:00,D013,V019,C01303,Warranty,Completed,4,2647
SV004782,2026-03-02 00:00:00,D020,V003,C05547,Oil Change,Completed,4,1579
SV004783,2026-01-15 00:00:00,D035,V011,C02033,General Service,Completed,2,3733
SV004784,2025-12-24 00:00:00,D026,V017,C05406,Periodic Maintenance,Completed,5,3959
SV004785,2026-03-21 00:00:00,D045,V003,C01765,Oil Change,Completed,4,2549
SV004786,2025-12-11 00:00:00,D006,V009,C01694,Oil Change,Completed,5,4097
SV004787,2025-02-03 00:00:00,D013,V009,C00977,General Service,Completed,4,2750
SV004788,2026-12-06 00:00:00,D009,V002,C00997,Repair,Completed,5,1710
SV004789,2025-02-06 00:00:00,D014,V016,C05104,General Service,Completed,3,2097
SV004790,2026-05-23 00:00:00,D003,V010,C03073,Oil Change,Completed,5,2540
SV004791,2025-12-02 00:00:00,D016,V002,C03236,Oil Change,Completed,4,1580
SV004792,2026-05-18 00:00:00,D012,V009,C03447,General Service,Cancelled,5,4740
SV004793,2026-04-22 00:00:00,D056,V011,C05978,General Service,Pending,5,4194
SV004794,2026-02-27 00:00:00,D051,V012,C04743,Periodic Maintenance,Completed,4,1244
SV004795,2025-05-06 00:00:00,D037,V020,C00265,Periodic Maintenance,Completed,3,3290
SV004796,2025-06-26 00:00:00,D036,V010,C05422,General Service,Cancelled,4,2947
SV004797,2025-11-08 00:00:00,D054,V004,C05445,Periodic Maintenance,Completed,3,728
SV004798,2025-03-11 00:00:00,D007,V013,C02475,Warranty,Completed,4,4730
SV004799,2026-07-06 00:00:00,D027,V010,C02063,Oil Change,Completed,4,2151
SV004800,2026-08-23 00:00:00,D019,V010,C01201,Oil Change,Pending,4,4163
SV004801,2026-07-28 00:00:00,D008,V003,C03479,Periodic Maintenance,Completed,5,637
SV004802,2025-06-18 00:00:00,D048,V016,C01887,Oil Change,Completed,2,1798
SV004803,2025-08-10 00:00:00,D004,V015,C05811,Warranty,Completed,3,4633
SV004804,2025-04-14 00:00:00,D023,V009,C04330,Periodic Maintenance,Completed,4,4473
SV004805,2026-11-12 00:00:00,D056,V010,C00872,Repair,Completed,5,7674
SV004806,2026-09-05 00:00:00,D034,V017,C05495,Repair,Completed,4,3821
SV004807,2026-11-13 00:00:00,D013,V016,C00916,Repair,Completed,5,2930
SV004808,2026-09-16 00:00:00,D057,V013,C01041,Periodic Maintenance,Completed,4,2068
SV004809,2026-04-26 00:00:00,D025,V009,C03095,Periodic Maintenance,Completed,5,2027
SV004810,2026-10-19 00:00:00,D048,V016,C00842,Periodic Maintenance,Completed,5,2840
SV004811,2026-06-06 00:00:00,D026,V001,C01141,Periodic Maintenance,Pending,4,1003
SV004812,2025-06-07 00:00:00,D002,V018,C01086,Repair,Completed,4,3723
SV004813,2025-07-29 00:00:00,D040,V012,C02775,Periodic Maintenance,Completed,5,2840
SV004814,2025-07-31 00:00:00,D052,V006,C03876,Warranty,Completed,5,1723
SV004815,2025-09-25 00:00:00,D014,V014,C00469,Periodic Maintenance,Completed,4,1857
SV004816,2025-07-10 00:00:00,D012,V009,C05186,General Service,Completed,3,3426
SV004817,2026-08-28 00:00:00,D026,V020,C05307,Oil Change,Completed,5,2808
SV004818,2025-06-10 00:00:00,D028,V004,C01470,Oil Change,Completed,5,1179
SV004819,2025-09-29 00:00:00,D038,V012,C00453,Periodic Maintenance,Completed,1,2129
SV004820,2025-04-27 00:00:00,D010,V012,C03177,Periodic Maintenance,Completed,2,1275
SV004821,2026-07-12 00:00:00,D012,V002,C02572,General Service,Completed,4,1838
SV004822,2026-06-16 00:00:00,D009,V006,C01105,Oil Change,Completed,5,679
SV004823,2025-07-25 00:00:00,D060,V009,C05756,General Service,Completed,5,2049
SV004824,2025-02-08 00:00:00,D009,V017,C04909,Periodic Maintenance,Completed,5,3723
SV004825,2025-08-13 00:00:00,D027,V013,C05852,Periodic Maintenance,Completed,5,1735
SV004826,2026-03-02 00:00:00,D048,V007,C05930,General Service,Completed,5,5200
SV004827,2026-01-13 00:00:00,D022,V001,C00522,General Service,Completed,4,2243
SV004828,2025-05-29 00:00:00,D024,V019,C03017,Warranty,Completed,1,3194
SV004829,2026-02-06 00:00:00,D022,V012,C01722,Oil Change,Completed,5,3293
SV004830,2025-12-08 00:00:00,D022,V011,C05070,Warranty,Completed,5,1944
SV004831,2025-08-24 00:00:00,D004,V009,C03081,Repair,Completed,4,4293
SV004832,2025-12-07 00:00:00,D041,V011,C05624,General Service,Completed,4,1222
SV004833,2025-04-03 00:00:00,D031,V008,C05062,Repair,Completed,5,1161
SV004834,2025-10-14 00:00:00,D012,V020,C04896,Warranty,Completed,5,2615
SV004835,2025-05-18 00:00:00,D035,V003,C01294,General Service,Completed,5,3840
SV004836,2026-03-02 00:00:00,D001,V014,C01448,Periodic Maintenance,Completed,5,6206
SV004837,2026-09-13 00:00:00,D024,V011,C02255,Repair,Completed,4,2965
SV004838,2025-05-09 00:00:00,D048,V004,C03146,Periodic Maintenance,Completed,3,555
SV004839,2026-09-23 00:00:00,D043,V004,C05756,Periodic Maintenance,Completed,4,2434
SV004840,2026-04-10 00:00:00,D034,V010,C02074,General Service,Completed,5,1804
SV004841,2026-03-10 00:00:00,D029,V020,C00820,Repair,Pending,4,2850
SV004842,2025-06-20 00:00:00,D038,V014,C05686,General Service,Completed,4,1230
SV004843,2025-04-21 00:00:00,D007,V017,C03796,General Service,Completed,5,1315
SV004844,2026-09-06 00:00:00,D020,V006,C03728,Repair,Completed,5,2600
SV004845,2026-02-24 00:00:00,D015,V004,C04687,General Service,Completed,5,3026
SV004846,2026-10-31 00:00:00,D004,V017,C00162,Oil Change,Completed,5,1298
SV004847,2025-11-04 00:00:00,D004,V016,C00258,Warranty,Completed,3,8700
SV004848,2025-07-11 00:00:00,D040,V010,C02151,Warranty,Completed,4,2326
SV004849,2026-12-12 00:00:00,D047,V005,C02348,General Service,Completed,4,3797
SV004850,2025-02-06 00:00:00,D029,V010,C02100,General Service,Completed,5,1600
SV004851,2026-03-06 00:00:00,D052,V013,C01147,General Service,Completed,4,2432
SV004852,2026-09-24 00:00:00,D019,V006,C01930,Periodic Maintenance,Completed,5,1993
SV004853,2026-07-27 00:00:00,D028,V019,C03103,General Service,Completed,4,3718
SV004854,2026-01-01 00:00:00,D054,V017,C02990,Periodic Maintenance,Completed,5,2339
SV004855,2026-09-28 00:00:00,D007,V012,C04622,Periodic Maintenance,Completed,3,4196
SV004856,2025-11-14 00:00:00,D036,V018,C03518,Periodic Maintenance,Completed,5,2929
SV004857,2025-11-17 00:00:00,D030,V006,C05341,General Service,Completed,2,1362
SV004858,2026-10-18 00:00:00,D060,V020,C04933,General Service,Cancelled,5,6487
SV004859,2025-06-14 00:00:00,D056,V001,C02637,Periodic Maintenance,Completed,5,2458
SV004860,2025-04-26 00:00:00,D016,V009,C05618,Oil Change,Completed,5,2639
SV004861,2025-07-01 00:00:00,D035,V004,C04681,Periodic Maintenance,Completed,4,1378
SV004862,2026-06-03 00:00:00,D029,V002,C00478,Periodic Maintenance,Completed,4,2226
SV004863,2026-02-25 00:00:00,D017,V002,C03789,Repair,Completed,4,2298
SV004864,2025-04-15 00:00:00,D038,V009,C04021,General Service,Completed,3,2898
SV004865,2026-09-08 00:00:00,D050,V002,C02841,Periodic Maintenance,Completed,5,2791
SV004866,2025-10-23 00:00:00,D014,V006,C05741,General Service,Completed,4,6589
SV004867,2026-07-14 00:00:00,D036,V012,C00188,Periodic Maintenance,Completed,4,2693
SV004868,2025-01-08 00:00:00,D047,V019,C03171,General Service,Completed,5,3944
SV004869,2026-10-20 00:00:00,D029,V007,C01337,Oil Change,Completed,4,4546
SV004870,2025-10-12 00:00:00,D001,V006,C02077,Periodic Maintenance,Completed,4,5918
SV004871,2026-12-19 00:00:00,D051,V004,C03392,General Service,Completed,5,1303
SV004872,2025-08-08 00:00:00,D045,V016,C04792,Repair,Pending,4,4687
SV004873,2026-02-07 00:00:00,D022,V006,C02301,Periodic Maintenance,Completed,5,2800
SV004874,2025-07-30 00:00:00,D005,V015,C03131,Warranty,Completed,4,2831
SV004875,2025-06-21 00:00:00,D019,V012,C05034,Periodic Maintenance,Completed,5,1339
SV004876,2026-01-24 00:00:00,D017,V008,C02779,General Service,Completed,5,3599
SV004877,2025-04-02 00:00:00,D046,V019,C05803,Oil Change,Cancelled,5,513
SV004878,2026-03-22 00:00:00,D059,V018,C04015,Repair,Completed,4,2089
SV004879,2026-04-22 00:00:00,D033,V009,C03286,General Service,Completed,5,1286
SV004880,2026-04-07 00:00:00,D049,V016,C04276,General Service,Completed,4,5226
SV004881,2025-07-11 00:00:00,D012,V013,C04684,Oil Change,Completed,5,4950
SV004882,2026-09-17 00:00:00,D027,V004,C03522,Periodic Maintenance,Pending,2,2194
SV004883,2025-04-18 00:00:00,D018,V003,C04686,Repair,Completed,4,1468
SV004884,2026-07-26 00:00:00,D055,V018,C00907,Oil Change,Completed,3,1822
SV004885,2026-11-14 00:00:00,D036,V003,C02076,Periodic Maintenance,Completed,4,1136
SV004886,2026-07-30 00:00:00,D056,V019,C02253,General Service,Cancelled,5,1696
SV004887,2026-05-01 00:00:00,D017,V019,C04203,Repair,Completed,3,1858
SV004888,2025-06-05 00:00:00,D035,V003,C00058,Repair,Completed,4,3636
SV004889,2025-02-01 00:00:00,D038,V006,C03596,Repair,Completed,5,1856
SV004890,2026-07-24 00:00:00,D035,V005,C02493,General Service,Completed,5,2103
SV004891,2025-01-27 00:00:00,D045,V017,C03662,Periodic Maintenance,Completed,4,1783
SV004892,2025-07-19 00:00:00,D039,V005,C03302,Oil Change,Completed,4,2540
SV004893,2025-02-07 00:00:00,D034,V001,C02839,Periodic Maintenance,Cancelled,5,6186
SV004894,2025-08-27 00:00:00,D017,V019,C05614,General Service,Cancelled,5,1955
SV004895,2026-11-20 00:00:00,D002,V012,C00611,General Service,Completed,4,1719
SV004896,2025-03-25 00:00:00,D056,V008,C05436,General Service,Completed,4,3121
SV004897,2026-02-07 00:00:00,D030,V010,C01237,Periodic Maintenance,Pending,5,4637
SV004898,2025-11-19 00:00:00,D057,V013,C00747,General Service,Completed,5,1770
SV004899,2025-01-16 00:00:00,D020,V011,C00093,Oil Change,Completed,4,2031
SV004900,2025-05-15 00:00:00,D027,V006,C04262,Oil Change,Completed,4,1934
SV004901,2026-07-08 00:00:00,D060,V014,C00159,Oil Change,Completed,4,1425
SV004902,2025-12-05 00:00:00,D039,V001,C04426,Repair,Cancelled,2,4310
SV004903,2026-04-26 00:00:00,D034,V018,C02558,Periodic Maintenance,Cancelled,5,1768
SV004904,2025-03-07 00:00:00,D024,V003,C02222,General Service,Completed,5,8249
SV004905,2025-11-23 00:00:00,D033,V015,C01068,General Service,Completed,2,1900
SV004906,2026-07-13 00:00:00,D014,V011,C04591,General Service,Completed,5,2232
SV004907,2026-11-19 00:00:00,D022,V005,C05876,Periodic Maintenance,Completed,4,6930
SV004908,2025-05-06 00:00:00,D007,V015,C02286,Periodic Maintenance,Completed,4,13553
SV004909,2025-07-21 00:00:00,D058,V009,C00491,General Service,Completed,5,1617
SV004910,2025-01-26 00:00:00,D028,V008,C00432,Periodic Maintenance,Pending,5,3416
SV004911,2025-02-09 00:00:00,D014,V005,C05821,Periodic Maintenance,Cancelled,4,2940
SV004912,2025-09-03 00:00:00,D010,V014,C05959,Repair,Completed,5,3090
SV004913,2025-02-08 00:00:00,D018,V020,C05762,Warranty,Completed,4,6834
SV004914,2025-12-10 00:00:00,D052,V006,C02431,Repair,Completed,5,5264
SV004915,2025-07-10 00:00:00,D033,V004,C04840,General Service,Completed,3,1744
SV004916,2025-11-15 00:00:00,D047,V014,C05685,General Service,Completed,4,2187
SV004917,2025-03-01 00:00:00,D018,V002,C00222,General Service,Completed,5,3711
SV004918,2025-08-12 00:00:00,D022,V002,C01276,Periodic Maintenance,Completed,5,1547
SV004919,2025-08-20 00:00:00,D052,V010,C04095,Oil Change,Completed,5,2758
SV004920,2026-09-18 00:00:00,D011,V013,C02873,General Service,Completed,3,2798
SV004921,2026-01-13 00:00:00,D023,V017,C03249,Repair,Completed,4,2795
SV004922,2025-01-27 00:00:00,D050,V012,C02217,Repair,Completed,4,5478
SV004923,2025-06-05 00:00:00,D056,V017,C02720,General Service,Completed,4,2820
SV004924,2026-10-25 00:00:00,D028,V010,C00358,Repair,Completed,4,5198
SV004925,2026-06-30 00:00:00,D044,V004,C04043,Periodic Maintenance,Completed,5,3198
SV004926,2025-04-04 00:00:00,D032,V015,C00937,Periodic Maintenance,Completed,3,2420
SV004927,2025-06-12 00:00:00,D056,V014,C04904,Periodic Maintenance,Completed,5,1477
SV004928,2026-03-09 00:00:00,D001,V003,C05533,General Service,Completed,4,1462
SV004929,2025-07-07 00:00:00,D039,V012,C01840,Oil Change,Completed,4,1849
SV004930,2025-02-09 00:00:00,D012,V019,C01057,Warranty,Cancelled,5,3034
SV004931,2026-04-18 00:00:00,D046,V007,C01986,Repair,Completed,4,4599
SV004932,2026-05-01 00:00:00,D038,V010,C01293,Repair,Completed,5,3266
SV004933,2025-09-16 00:00:00,D022,V014,C04328,Periodic Maintenance,Completed,4,1126
SV004934,2025-02-28 00:00:00,D009,V003,C03014,Periodic Maintenance,Completed,4,2402
SV004935,2025-02-05 00:00:00,D025,V001,C04820,General Service,Completed,5,2645
SV004936,2025-06-29 00:00:00,D021,V016,C04323,General Service,Completed,2,1765
SV004937,2026-06-04 00:00:00,D036,V006,C05545,Oil Change,Completed,5,1603
SV004938,2026-08-17 00:00:00,D035,V015,C03723,General Service,Completed,5,2219
SV004939,2026-06-06 00:00:00,D007,V003,C04364,Oil Change,Completed,4,3684
SV004940,2025-05-16 00:00:00,D045,V009,C02856,Oil Change,Completed,4,3735
SV004941,2025-03-09 00:00:00,D019,V011,C01674,Oil Change,Completed,4,1901
SV004942,2025-05-10 00:00:00,D005,V005,C01804,Repair,Completed,5,7030
SV004943,2025-04-25 00:00:00,D031,V006,C00910,Oil Change,Completed,5,1038
SV004944,2026-11-18 00:00:00,D047,V020,C04285,Repair,Completed,5,3536
SV004945,2026-06-24 00:00:00,D014,V010,C04317,Periodic Maintenance,Completed,5,3114
SV004946,2026-06-05 00:00:00,D001,V008,C05621,Periodic Maintenance,Pending,5,1059
SV004947,2025-02-04 00:00:00,D021,V006,C05050,Warranty,Completed,5,1581
SV004948,2026-11-27 00:00:00,D040,V013,C00131,General Service,Completed,5,1617
SV004949,2026-06-16 00:00:00,D039,V009,C02404,Periodic Maintenance,Completed,5,4098
SV004950,2026-01-06 00:00:00,D052,V015,C01727,Warranty,Pending,3,1450
SV004951,2026-07-27 00:00:00,D054,V019,C01500,Periodic Maintenance,Completed,4,807
SV004952,2026-05-10 00:00:00,D013,V004,C03694,Periodic Maintenance,Pending,4,1408
SV004953,2026-07-12 00:00:00,D040,V008,C05555,General Service,Completed,2,3319
SV004954,2026-06-22 00:00:00,D036,V005,C04906,General Service,Completed,5,3189
SV004955,2026-01-08 00:00:00,D008,V016,C04908,Oil Change,Completed,3,1126
SV004956,2025-04-12 00:00:00,D050,V018,C01093,General Service,Completed,5,2273
SV004957,2026-09-09 00:00:00,D054,V002,C03808,Oil Change,Completed,3,4308
SV004958,2025-08-20 00:00:00,D049,V006,C00277,Repair,Completed,4,1639
SV004959,2025-04-04 00:00:00,D059,V003,C02691,Oil Change,Completed,1,2468
SV004960,2025-03-03 00:00:00,D025,V007,C02305,Repair,Completed,5,1453
SV004961,2025-06-24 00:00:00,D042,V003,C03068,Repair,Completed,5,2492
SV004962,2026-07-26 00:00:00,D059,V012,C00599,Oil Change,Completed,1,2236
SV004963,2025-11-18 00:00:00,D039,V002,C01588,Repair,Completed,2,4969
SV004964,2025-11-14 00:00:00,D017,V009,C02604,General Service,Completed,5,1484
SV004965,2025-04-25 00:00:00,D018,V016,C00430,Periodic Maintenance,Pending,4,1914
SV004966,2025-09-05 00:00:00,D038,V009,C05921,Oil Change,Completed,4,3531
SV004967,2025-09-18 00:00:00,D015,V006,C03917,Periodic Maintenance,Pending,4,4729
SV004968,2026-09-16 00:00:00,D005,V015,C04739,Periodic Maintenance,Completed,3,7594
SV004969,2026-07-20 00:00:00,D017,V007,C05491,Oil Change,Completed,5,1033
SV004970,2026-10-24 00:00:00,D018,V004,C02679,General Service,Completed,3,2404
SV004971,2026-11-12 00:00:00,D052,V011,C05475,Oil Change,Completed,3,6432
SV004972,2025-04-20 00:00:00,D005,V004,C05384,Oil Change,Completed,4,5335
SV004973,2025-06-07 00:00:00,D014,V014,C03231,Oil Change,Completed,5,1918
SV004974,2025-08-03 00:00:00,D022,V007,C01442,Periodic Maintenance,Completed,4,4433
SV004975,2026-12-21 00:00:00,D019,V005,C05500,Repair,Completed,4,3150
SV004976,2025-08-24 00:00:00,D008,V017,C03575,Repair,Completed,4,3308
SV004977,2026-11-12 00:00:00,D015,V003,C01174,Repair,Completed,4,2094
SV004978,2026-09-06 00:00:00,D002,V013,C03343,General Service,Completed,5,2967
SV004979,2025-04-06 00:00:00,D004,V015,C05412,Warranty,Completed,5,3131
SV004980,2025-12-20 00:00:00,D019,V006,C05145,Oil Change,Completed,5,2024
SV004981,2026-09-21 00:00:00,D011,V019,C03611,Warranty,Pending,2,7402
SV004982,2025-09-29 00:00:00,D002,V011,C01368,Oil Change,Completed,4,4139
SV004983,2026-05-20 00:00:00,D052,V003,C04482,General Service,Completed,5,6950
SV004984,2025-05-25 00:00:00,D020,V002,C02744,Repair,Completed,4,2336
SV004985,2026-11-12 00:00:00,D037,V001,C03712,Oil Change,Completed,3,1520
SV004986,2026-12-27 00:00:00,D053,V001,C04283,Warranty,Completed,1,2729
SV004987,2025-08-09 00:00:00,D055,V014,C04323,Oil Change,Completed,3,3094
SV004988,2025-08-04 00:00:00,D013,V006,C00012,Repair,Completed,3,2231
SV004989,2026-11-06 00:00:00,D042,V005,C05437,General Service,Completed,5,1170
SV004990,2025-08-08 00:00:00,D030,V018,C00620,Warranty,Completed,4,2190
SV004991,2025-11-01 00:00:00,D049,V015,C01507,General Service,Completed,5,1163
SV004992,2026-05-24 00:00:00,D055,V019,C02894,Warranty,Completed,5,1558
SV004993,2026-10-01 00:00:00,D052,V004,C03903,General Service,Completed,4,3822
SV004994,2026-01-06 00:00:00,D051,V009,C02063,General Service,Completed,5,7708
SV004995,2025-03-08 00:00:00,D038,V017,C04907,General Service,Completed,4,5165
SV004996,2025-08-02 00:00:00,D025,V017,C05348,Repair,Completed,5,1456
SV004997,2025-10-19 00:00:00,D011,V005,C03697,Oil Change,Completed,5,3189
SV004998,2025-06-29 00:00:00,D005,V011,C01655,Repair,Completed,4,2438
SV004999,2026-05-26 00:00:00,D037,V016,C00725,General Service,Completed,5,2859
SV005000,2025-03-19 00:00:00,D021,V014,C03605,General Service,Completed,5,2607
SV005001,2026-04-27 00:00:00,D019,V005,C00476,Oil Change,Completed,5,3086
SV005002,2026-11-24 00:00:00,D014,V015,C02003,Oil Change,Completed,4,5157
SV005003,2026-10-30 00:00:00,D014,V006,C03121,General Service,Completed,5,5508
SV005004,2025-06-13 00:00:00,D045,V020,C02078,General Service,Pending,3,4240
SV005005,2026-11-09 00:00:00,D015,V015,C04473,Warranty,Pending,4,1801
SV005006,2026-07-07 00:00:00,D036,V010,C02516,General Service,Completed,5,2854
SV005007,2026-09-23 00:00:00,D027,V013,C04377,Repair,Cancelled,1,1094
SV005008,2026-01-13 00:00:00,D024,V004,C00898,Oil Change,Completed,5,4023
SV005009,2025-02-23 00:00:00,D031,V015,C04262,Periodic Maintenance,Completed,5,1744
SV005010,2025-06-19 00:00:00,D035,V001,C03216,Warranty,Completed,4,2221
SV005011,2026-03-04 00:00:00,D027,V001,C00808,General Service,Completed,5,1623
SV005012,2026-05-21 00:00:00,D017,V014,C03344,General Service,Completed,3,4395
SV005013,2025-04-04 00:00:00,D019,V016,C03295,Warranty,Completed,4,6107
SV005014,2026-06-21 00:00:00,D015,V011,C01928,General Service,Completed,5,1356
SV005015,2026-05-06 00:00:00,D016,V010,C01156,General Service,Completed,1,2310
SV005016,2026-04-24 00:00:00,D055,V019,C05062,Oil Change,Completed,4,2042
SV005017,2025-04-10 00:00:00,D040,V006,C05047,Periodic Maintenance,Completed,4,3148
SV005018,2026-10-27 00:00:00,D047,V002,C01884,Oil Change,Completed,5,2907
SV005019,2025-05-29 00:00:00,D014,V006,C04243,Repair,Completed,4,2120
SV005020,2026-05-02 00:00:00,D032,V010,C00108,General Service,Completed,4,1666
SV005021,2025-12-08 00:00:00,D041,V004,C03144,Warranty,Completed,4,1296
SV005022,2025-11-30 00:00:00,D007,V019,C02640,Oil Change,Completed,4,1624
SV005023,2026-02-17 00:00:00,D001,V011,C02403,Periodic Maintenance,Completed,5,2697
SV005024,2025-03-14 00:00:00,D027,V009,C03746,Warranty,Completed,4,6873
SV005025,2026-12-27 00:00:00,D030,V015,C01807,General Service,Completed,5,963
SV005026,2025-05-19 00:00:00,D058,V007,C02743,General Service,Completed,4,2185
SV005027,2025-01-15 00:00:00,D024,V018,C01938,General Service,Completed,4,2918
SV005028,2026-01-12 00:00:00,D030,V010,C05518,General Service,Completed,5,1051
SV005029,2025-01-17 00:00:00,D019,V009,C01660,Warranty,Completed,3,2261
SV005030,2025-08-05 00:00:00,D038,V016,C02437,Oil Change,Completed,5,656
SV005031,2026-03-21 00:00:00,D051,V013,C04858,Repair,Completed,2,3988
SV005032,2025-01-24 00:00:00,D041,V017,C00688,Periodic Maintenance,Completed,4,3241
SV005033,2026-08-05 00:00:00,D014,V005,C03272,General Service,Completed,3,6607
SV005034,2026-06-02 00:00:00,D060,V019,C02622,General Service,Completed,5,1801
SV005035,2026-10-22 00:00:00,D012,V010,C02020,Periodic Maintenance,Completed,5,1442
SV005036,2026-08-26 00:00:00,D025,V014,C05790,Periodic Maintenance,Completed,2,2064
SV005037,2025-10-18 00:00:00,D009,V020,C03517,Periodic Maintenance,Completed,5,1344
SV005038,2025-10-20 00:00:00,D005,V009,C01128,General Service,Completed,5,1992
SV005039,2026-11-22 00:00:00,D046,V010,C01684,Periodic Maintenance,Completed,4,4722
SV005040,2026-10-14 00:00:00,D035,V004,C03036,Periodic Maintenance,Completed,4,1715
SV005041,2025-07-26 00:00:00,D037,V019,C00990,Repair,Completed,5,2203
SV005042,2026-02-17 00:00:00,D008,V009,C03484,General Service,Completed,5,1341
SV005043,2026-08-26 00:00:00,D055,V015,C04561,Periodic Maintenance,Completed,4,3137
SV005044,2026-09-10 00:00:00,D047,V009,C02737,General Service,Completed,5,1843
SV005045,2025-10-28 00:00:00,D047,V011,C03899,Warranty,Pending,5,3464
SV005046,2026-02-17 00:00:00,D029,V007,C05072,Oil Change,Completed,5,2865
SV005047,2025-12-22 00:00:00,D001,V007,C03784,Oil Change,Completed,5,2304
SV005048,2026-09-02 00:00:00,D038,V012,C01620,Periodic Maintenance,Completed,4,3404
SV005049,2025-11-05 00:00:00,D009,V015,C05979,Oil Change,Completed,4,6717
SV005050,2026-02-18 00:00:00,D050,V005,C02555,General Service,Completed,4,3258
SV005051,2026-03-05 00:00:00,D035,V002,C01161,General Service,Completed,3,2068
SV005052,2025-03-29 00:00:00,D010,V009,C05974,General Service,Pending,5,2669
SV005053,2025-12-27 00:00:00,D018,V013,C02263,Oil Change,Completed,3,10006
SV005054,2026-01-12 00:00:00,D014,V015,C02413,General Service,Completed,5,7753
SV005055,2026-07-08 00:00:00,D011,V018,C03970,General Service,Completed,5,1162
SV005056,2025-02-12 00:00:00,D055,V014,C01251,General Service,Completed,1,1283
SV005057,2025-09-28 00:00:00,D037,V005,C04511,General Service,Completed,5,1096
SV005058,2026-06-30 00:00:00,D053,V018,C05334,Periodic Maintenance,Completed,5,2337
SV005059,2026-06-13 00:00:00,D018,V002,C05474,Oil Change,Completed,5,1968
SV005060,2025-01-02 00:00:00,D019,V019,C01232,Oil Change,Completed,5,5106
SV005061,2026-12-17 00:00:00,D043,V002,C05580,Periodic Maintenance,Completed,5,819
SV005062,2026-09-24 00:00:00,D048,V004,C00036,Repair,Completed,2,5131
SV005063,2025-11-11 00:00:00,D042,V017,C05980,General Service,Completed,5,7557
SV005064,2026-07-04 00:00:00,D014,V009,C01544,Periodic Maintenance,Cancelled,3,2327
SV005065,2025-02-25 00:00:00,D019,V004,C03875,Warranty,Completed,4,672
SV005066,2025-09-27 00:00:00,D031,V019,C01238,Periodic Maintenance,Completed,5,6493
SV005067,2026-09-07 00:00:00,D051,V011,C04437,General Service,Completed,2,3257
SV005068,2025-01-09 00:00:00,D034,V015,C03554,General Service,Completed,5,2972
SV005069,2026-02-12 00:00:00,D034,V020,C04893,Repair,Pending,5,2987
SV005070,2026-04-17 00:00:00,D048,V013,C02869,General Service,Completed,5,1860
SV005071,2026-06-18 00:00:00,D033,V018,C03809,Periodic Maintenance,Completed,4,1852
SV005072,2025-12-01 00:00:00,D048,V004,C05184,Oil Change,Completed,5,2298
SV005073,2025-08-07 00:00:00,D036,V006,C03473,Periodic Maintenance,Completed,5,3028
SV005074,2026-10-27 00:00:00,D030,V018,C01847,General Service,Completed,4,1947
SV005075,2025-02-06 00:00:00,D057,V016,C02538,Warranty,Completed,4,1366
SV005076,2025-01-08 00:00:00,D046,V020,C00159,General Service,Completed,5,1261
SV005077,2026-07-20 00:00:00,D021,V016,C05189,Oil Change,Completed,4,5249
SV005078,2025-03-08 00:00:00,D054,V010,C04488,Oil Change,Completed,5,6092
SV005079,2026-03-02 00:00:00,D039,V004,C01626,General Service,Completed,3,2555
SV005080,2026-11-28 00:00:00,D060,V004,C02814,Warranty,Completed,3,1717
SV005081,2025-09-21 00:00:00,D041,V012,C05119,Oil Change,Completed,3,2063
SV005082,2026-01-27 00:00:00,D019,V011,C02111,Oil Change,Completed,4,1882
SV005083,2025-06-01 00:00:00,D052,V009,C00439,Repair,Completed,3,2372
SV005084,2026-09-11 00:00:00,D048,V006,C01689,Repair,Completed,5,2349
SV005085,2026-12-04 00:00:00,D038,V008,C03128,Repair,Completed,2,1146
SV005086,2025-12-09 00:00:00,D032,V015,C02591,Repair,Completed,4,1527
SV005087,2025-03-11 00:00:00,D036,V020,C05963,Repair,Completed,4,4746
SV005088,2025-11-02 00:00:00,D020,V012,C02625,Repair,Completed,3,2546
SV005089,2026-04-13 00:00:00,D047,V008,C04781,Repair,Cancelled,3,2863
SV005090,2025-07-12 00:00:00,D032,V017,C02896,Periodic Maintenance,Completed,5,1081
SV005091,2026-08-10 00:00:00,D057,V004,C03134,General Service,Completed,5,3129
SV005092,2026-11-01 00:00:00,D047,V006,C00515,Repair,Completed,5,2342
SV005093,2026-04-29 00:00:00,D042,V011,C00856,Periodic Maintenance,Completed,4,2444
SV005094,2025-01-10 00:00:00,D035,V004,C00472,Periodic Maintenance,Completed,3,4476
SV005095,2025-07-29 00:00:00,D012,V003,C03231,Periodic Maintenance,Cancelled,5,1201
SV005096,2025-11-27 00:00:00,D025,V016,C00309,General Service,Completed,4,3499
SV005097,2025-01-08 00:00:00,D057,V019,C02823,Periodic Maintenance,Completed,3,5758
SV005098,2025-09-18 00:00:00,D029,V012,C05337,Periodic Maintenance,Pending,4,2381
SV005099,2025-10-28 00:00:00,D025,V011,C01668,Periodic Maintenance,Completed,4,1974
SV005100,2025-07-12 00:00:00,D033,V007,C05200,General Service,Completed,4,1562
SV005101,2026-02-05 00:00:00,D040,V010,C00123,Oil Change,Completed,5,1494
SV005102,2025-01-20 00:00:00,D018,V001,C04683,Warranty,Completed,5,1958
SV005103,2026-11-14 00:00:00,D045,V014,C05018,General Service,Completed,5,2204
SV005104,2026-11-03 00:00:00,D056,V006,C03376,Periodic Maintenance,Completed,5,1255
SV005105,2026-06-14 00:00:00,D059,V004,C04529,Oil Change,Completed,4,8740
SV005106,2026-10-23 00:00:00,D043,V002,C00244,Repair,Completed,3,2231
SV005107,2025-11-05 00:00:00,D052,V007,C03316,Repair,Completed,3,2952
SV005108,2026-08-16 00:00:00,D036,V016,C00935,General Service,Completed,4,2758
SV005109,2026-05-16 00:00:00,D056,V013,C05359,General Service,Completed,4,1287
SV005110,2025-11-06 00:00:00,D056,V015,C05171,Oil Change,Completed,4,4138
SV005111,2026-01-25 00:00:00,D028,V002,C03882,Warranty,Completed,5,5526
SV005112,2026-12-30 00:00:00,D030,V003,C01525,Periodic Maintenance,Completed,5,4021
SV005113,2026-01-06 00:00:00,D009,V018,C02871,Warranty,Completed,4,4218
SV005114,2025-07-16 00:00:00,D036,V018,C02789,Periodic Maintenance,Completed,5,10240
SV005115,2025-12-07 00:00:00,D003,V015,C01025,General Service,Completed,5,7881
SV005116,2026-10-04 00:00:00,D040,V009,C04627,General Service,Completed,5,6302
SV005117,2025-05-10 00:00:00,D046,V014,C03158,Warranty,Completed,4,3339
SV005118,2026-12-22 00:00:00,D060,V011,C03822,Repair,Completed,3,1880
SV005119,2026-05-07 00:00:00,D047,V011,C01398,Periodic Maintenance,Completed,5,1510
SV005120,2026-07-05 00:00:00,D039,V002,C05012,General Service,Completed,4,3372
SV005121,2025-05-06 00:00:00,D024,V014,C00476,General Service,Completed,5,552
SV005122,2026-10-02 00:00:00,D055,V011,C05502,Periodic Maintenance,Completed,4,1674
SV005123,2026-08-12 00:00:00,D016,V006,C05791,Warranty,Completed,5,3903
SV005124,2025-08-08 00:00:00,D033,V016,C01808,Repair,Completed,1,1153
SV005125,2026-11-26 00:00:00,D040,V013,C05020,Repair,Cancelled,5,3010
SV005126,2025-10-10 00:00:00,D002,V002,C03479,General Service,Completed,4,4025
SV005127,2026-01-25 00:00:00,D025,V001,C02110,Periodic Maintenance,Completed,4,2113
SV005128,2025-11-14 00:00:00,D039,V011,C00046,Repair,Cancelled,4,2316
SV005129,2025-01-08 00:00:00,D057,V016,C05230,Oil Change,Completed,5,2205
SV005130,2025-07-03 00:00:00,D052,V012,C02571,General Service,Completed,4,1731
SV005131,2025-10-06 00:00:00,D003,V017,C05308,General Service,Completed,5,3546
SV005132,2025-06-28 00:00:00,D049,V015,C03843,Periodic Maintenance,Completed,4,2710
SV005133,2025-07-14 00:00:00,D004,V011,C04484,Repair,Completed,5,6126
SV005134,2026-07-03 00:00:00,D036,V013,C02156,Warranty,Completed,4,2135
SV005135,2026-10-03 00:00:00,D031,V005,C02299,Warranty,Completed,4,3269
SV005136,2025-12-15 00:00:00,D018,V006,C05251,General Service,Completed,5,2125
SV005137,2026-03-01 00:00:00,D046,V012,C00987,Periodic Maintenance,Completed,4,6593
SV005138,2025-12-21 00:00:00,D035,V017,C05600,Periodic Maintenance,Pending,4,2173
SV005139,2025-09-30 00:00:00,D024,V011,C01635,Warranty,Completed,4,500
SV005140,2026-01-25 00:00:00,D034,V012,C04189,Repair,Completed,4,2637
SV005141,2025-02-19 00:00:00,D009,V019,C05288,Oil Change,Completed,5,3046
SV005142,2025-08-21 00:00:00,D060,V002,C04415,Repair,Pending,4,1962
SV005143,2026-04-06 00:00:00,D021,V001,C05441,Repair,Completed,5,4960
SV005144,2026-12-10 00:00:00,D006,V020,C02795,General Service,Completed,4,3782
SV005145,2026-05-30 00:00:00,D037,V011,C05506,Repair,Completed,5,2761
SV005146,2026-04-09 00:00:00,D022,V009,C01883,Warranty,Completed,4,4631
SV005147,2025-12-01 00:00:00,D006,V017,C04649,General Service,Completed,5,1287
SV005148,2025-08-10 00:00:00,D036,V002,C03276,Repair,Completed,5,1107
SV005149,2026-08-27 00:00:00,D011,V012,C05025,Periodic Maintenance,Cancelled,5,2329
SV005150,2025-07-31 00:00:00,D021,V001,C04268,General Service,Completed,5,4658
SV005151,2026-12-12 00:00:00,D038,V003,C01541,Oil Change,Completed,4,3712
SV005152,2025-01-31 00:00:00,D007,V010,C00458,Warranty,Completed,4,1490
SV005153,2025-11-12 00:00:00,D043,V020,C01877,General Service,Cancelled,5,1153
SV005154,2026-04-28 00:00:00,D021,V015,C03483,General Service,Completed,4,3486
SV005155,2025-11-03 00:00:00,D051,V005,C05120,General Service,Completed,5,3179
SV005156,2026-10-22 00:00:00,D003,V001,C01464,Warranty,Completed,5,1802
SV005157,2025-06-15 00:00:00,D051,V002,C04802,General Service,Completed,4,3454
SV005158,2025-08-27 00:00:00,D059,V014,C00132,Oil Change,Completed,3,1566
SV005159,2025-08-17 00:00:00,D035,V008,C03961,Periodic Maintenance,Pending,5,2405
SV005160,2025-12-17 00:00:00,D044,V008,C05366,Periodic Maintenance,Completed,5,2245
SV005161,2026-05-06 00:00:00,D001,V009,C02511,Periodic Maintenance,Completed,5,1480
SV005162,2026-01-18 00:00:00,D055,V009,C02276,Repair,Completed,4,829
SV005163,2025-06-16 00:00:00,D042,V017,C04196,Warranty,Completed,4,1299
SV005164,2026-09-20 00:00:00,D011,V015,C05845,Periodic Maintenance,Completed,5,2670
SV005165,2025-06-02 00:00:00,D052,V018,C01845,Warranty,Completed,4,7403
SV005166,2025-05-01 00:00:00,D004,V015,C02421,Warranty,Completed,5,2674
SV005167,2026-05-26 00:00:00,D035,V007,C04937,General Service,Completed,5,1741
SV005168,2026-09-08 00:00:00,D059,V010,C02927,Oil Change,Completed,4,4858
SV005169,2025-01-11 00:00:00,D052,V012,C01509,Periodic Maintenance,Completed,5,4895
SV005170,2026-05-01 00:00:00,D031,V016,C01608,General Service,Completed,5,2406
SV005171,2025-03-26 00:00:00,D030,V020,C01063,General Service,Completed,5,2302
SV005172,2025-07-04 00:00:00,D046,V002,C01524,Oil Change,Completed,5,3928
SV005173,2026-06-27 00:00:00,D030,V016,C02223,Periodic Maintenance,Completed,4,2207
SV005174,2025-02-17 00:00:00,D024,V007,C01807,Periodic Maintenance,Completed,3,1671
SV005175,2026-04-19 00:00:00,D022,V020,C02397,General Service,Completed,3,2619
SV005176,2025-01-25 00:00:00,D056,V005,C02864,General Service,Completed,5,2587
SV005177,2025-03-17 00:00:00,D002,V005,C04797,Periodic Maintenance,Completed,5,1251
SV005178,2026-10-25 00:00:00,D030,V005,C04158,Periodic Maintenance,Completed,4,2969
SV005179,2026-05-27 00:00:00,D019,V009,C05557,Periodic Maintenance,Pending,5,2534
SV005180,2026-11-23 00:00:00,D045,V011,C02273,General Service,Completed,5,2588
SV005181,2025-09-07 00:00:00,D044,V005,C05610,Repair,Completed,5,2374
SV005182,2026-06-22 00:00:00,D046,V007,C01573,Oil Change,Completed,5,1853
SV005183,2026-10-01 00:00:00,D023,V018,C02357,Warranty,Completed,1,3127
SV005184,2026-01-30 00:00:00,D017,V011,C01705,Periodic Maintenance,Completed,1,3028
SV005185,2026-02-11 00:00:00,D049,V010,C04310,Oil Change,Completed,5,4498
SV005186,2025-03-29 00:00:00,D047,V014,C02893,General Service,Completed,3,8341
SV005187,2026-02-17 00:00:00,D057,V008,C04661,General Service,Completed,4,1842
SV005188,2025-11-29 00:00:00,D054,V006,C01613,Periodic Maintenance,Completed,5,1765
SV005189,2025-05-02 00:00:00,D058,V004,C00054,Warranty,Pending,4,4202
SV005190,2025-09-03 00:00:00,D055,V002,C00338,Periodic Maintenance,Completed,4,6599
SV005191,2026-09-20 00:00:00,D023,V013,C00892,Periodic Maintenance,Completed,3,3264
SV005192,2026-11-12 00:00:00,D044,V003,C00732,Oil Change,Completed,5,4343
SV005193,2025-11-23 00:00:00,D005,V010,C03351,Repair,Pending,4,1763
SV005194,2025-08-08 00:00:00,D049,V001,C01403,Repair,Completed,4,2898
SV005195,2025-11-05 00:00:00,D005,V016,C01281,General Service,Completed,4,1695
SV005196,2026-10-08 00:00:00,D022,V011,C00756,Repair,Completed,5,939
SV005197,2025-10-14 00:00:00,D017,V018,C04269,General Service,Completed,3,551
SV005198,2025-10-24 00:00:00,D055,V012,C04109,Oil Change,Completed,4,5388
SV005199,2025-06-08 00:00:00,D037,V008,C02722,Periodic Maintenance,Completed,5,2778
SV005200,2025-11-10 00:00:00,D042,V006,C02066,General Service,Completed,3,1456
SV005201,2025-07-19 00:00:00,D058,V004,C03784,General Service,Completed,5,10803
SV005202,2026-07-19 00:00:00,D046,V010,C02101,General Service,Completed,5,2870
SV005203,2026-04-25 00:00:00,D049,V014,C00231,Repair,Completed,5,1403
SV005204,2025-11-08 00:00:00,D013,V014,C00702,Periodic Maintenance,Completed,3,2630
SV005205,2025-06-12 00:00:00,D038,V001,C05050,Warranty,Cancelled,5,4779
SV005206,2025-03-17 00:00:00,D035,V005,C05454,Periodic Maintenance,Completed,5,1941
SV005207,2025-12-03 00:00:00,D059,V006,C01629,General Service,Completed,4,1900
SV005208,2026-09-25 00:00:00,D006,V015,C01153,Warranty,Completed,1,5633
SV005209,2026-05-27 00:00:00,D020,V008,C05535,General Service,Completed,5,2499
SV005210,2026-11-17 00:00:00,D059,V004,C03330,Oil Change,Completed,5,1886
SV005211,2025-04-21 00:00:00,D050,V007,C05104,General Service,Completed,5,1514
SV005212,2025-04-29 00:00:00,D047,V017,C02125,Periodic Maintenance,Completed,4,1354
SV005213,2026-02-25 00:00:00,D023,V001,C03203,General Service,Completed,4,1068
SV005214,2025-04-08 00:00:00,D011,V010,C05566,General Service,Completed,5,2598
SV005215,2026-03-29 00:00:00,D004,V006,C02113,Periodic Maintenance,Completed,2,4148
SV005216,2025-10-08 00:00:00,D049,V012,C05100,Periodic Maintenance,Completed,4,2505
SV005217,2026-08-26 00:00:00,D014,V020,C02791,Oil Change,Completed,4,1892
SV005218,2026-03-05 00:00:00,D056,V019,C02503,General Service,Completed,4,940
SV005219,2026-01-16 00:00:00,D001,V016,C02833,General Service,Completed,5,4073
SV005220,2025-10-30 00:00:00,D046,V014,C01717,General Service,Completed,4,1222
SV005221,2025-08-01 00:00:00,D030,V009,C03867,Repair,Completed,4,1134
SV005222,2025-07-04 00:00:00,D058,V005,C04842,General Service,Cancelled,5,4816
SV005223,2026-10-24 00:00:00,D042,V009,C03770,General Service,Completed,4,4629
SV005224,2025-06-09 00:00:00,D017,V008,C05649,General Service,Completed,4,1837
SV005225,2025-02-21 00:00:00,D020,V020,C00315,General Service,Completed,3,3209
SV005226,2026-04-24 00:00:00,D036,V011,C03718,Warranty,Completed,5,3097
SV005227,2026-09-09 00:00:00,D057,V004,C05447,General Service,Completed,4,6355
SV005228,2026-12-03 00:00:00,D015,V009,C03340,General Service,Completed,4,1284
SV005229,2026-04-11 00:00:00,D019,V016,C01938,Repair,Pending,5,3056
SV005230,2025-06-24 00:00:00,D052,V016,C01893,Periodic Maintenance,Completed,3,1386
SV005231,2025-10-31 00:00:00,D052,V020,C04472,General Service,Completed,4,4856
SV005232,2025-03-09 00:00:00,D033,V010,C00267,Periodic Maintenance,Completed,5,6078
SV005233,2026-04-05 00:00:00,D009,V003,C01554,General Service,Completed,3,4816
SV005234,2025-11-14 00:00:00,D001,V007,C00982,Periodic Maintenance,Completed,4,1170
SV005235,2025-10-25 00:00:00,D035,V017,C00798,Warranty,Completed,4,1630
SV005236,2025-04-14 00:00:00,D015,V008,C02524,Oil Change,Cancelled,5,2414
SV005237,2025-03-11 00:00:00,D036,V009,C04071,General Service,Completed,2,4607
SV005238,2025-05-12 00:00:00,D039,V015,C01546,Repair,Cancelled,5,5488
SV005239,2026-03-05 00:00:00,D058,V001,C05465,General Service,Completed,5,1568
SV005240,2026-06-17 00:00:00,D025,V018,C03706,Warranty,Completed,4,2163
SV005241,2025-03-10 00:00:00,D022,V008,C04075,Repair,Cancelled,5,4865
SV005242,2026-01-15 00:00:00,D040,V012,C01346,General Service,Completed,5,1979
SV005243,2025-07-06 00:00:00,D056,V012,C00114,Oil Change,Completed,4,1359
SV005244,2026-10-10 00:00:00,D049,V012,C04008,Oil Change,Completed,4,4122
SV005245,2025-01-18 00:00:00,D008,V014,C00419,General Service,Completed,5,3751
SV005246,2025-03-16 00:00:00,D006,V002,C02839,Repair,Completed,5,4382
SV005247,2025-08-12 00:00:00,D046,V019,C02728,Periodic Maintenance,Completed,5,2263
SV005248,2025-02-01 00:00:00,D020,V019,C01386,Warranty,Completed,3,3296
SV005249,2026-06-25 00:00:00,D051,V006,C03893,Periodic Maintenance,Completed,4,1443
SV005250,2025-04-27 00:00:00,D010,V003,C00238,General Service,Completed,4,1734
SV005251,2026-04-16 00:00:00,D053,V007,C01932,Repair,Completed,4,3165
SV005252,2026-10-24 00:00:00,D022,V015,C03613,General Service,Completed,5,3284
SV005253,2025-11-27 00:00:00,D013,V002,C04618,Warranty,Pending,5,3817
SV005254,2026-02-09 00:00:00,D009,V016,C03746,Repair,Completed,5,1836
SV005255,2025-01-12 00:00:00,D049,V015,C01066,Periodic Maintenance,Completed,4,3968
SV005256,2025-11-26 00:00:00,D036,V008,C01134,General Service,Cancelled,4,2969
SV005257,2025-04-05 00:00:00,D026,V015,C04944,Periodic Maintenance,Completed,5,5293
SV005258,2026-05-25 00:00:00,D044,V013,C05083,Oil Change,Completed,4,2997
SV005259,2025-02-16 00:00:00,D045,V017,C05215,General Service,Completed,4,5776
SV005260,2025-04-05 00:00:00,D009,V014,C00198,Warranty,Pending,3,3224
SV005261,2025-07-15 00:00:00,D016,V020,C03816,Periodic Maintenance,Completed,4,2193
SV005262,2025-04-16 00:00:00,D046,V011,C05010,Periodic Maintenance,Completed,4,2644
SV005263,2025-03-19 00:00:00,D059,V003,C00819,Oil Change,Completed,5,1483
SV005264,2026-12-03 00:00:00,D021,V018,C01761,Warranty,Completed,5,2159
SV005265,2026-07-22 00:00:00,D029,V003,C00619,Periodic Maintenance,Completed,4,3229
SV005266,2026-09-25 00:00:00,D042,V018,C01629,General Service,Completed,5,5985
SV005267,2025-01-27 00:00:00,D014,V011,C04969,Periodic Maintenance,Completed,4,2170
SV005268,2025-02-10 00:00:00,D050,V019,C04266,General Service,Pending,3,5757
SV005269,2025-03-01 00:00:00,D016,V020,C03710,General Service,Completed,5,2363
SV005270,2025-06-28 00:00:00,D011,V015,C01972,Periodic Maintenance,Completed,4,3580
SV005271,2025-02-26 00:00:00,D023,V014,C03255,Periodic Maintenance,Completed,1,533
SV005272,2025-02-19 00:00:00,D014,V011,C02368,Oil Change,Completed,4,3630
SV005273,2025-11-17 00:00:00,D007,V011,C03357,Repair,Cancelled,5,10361
SV005274,2026-12-13 00:00:00,D012,V017,C01012,General Service,Completed,3,5623
SV005275,2026-12-14 00:00:00,D030,V006,C04588,Oil Change,Completed,5,2778
SV005276,2026-05-10 00:00:00,D048,V018,C02380,Warranty,Completed,5,2021
SV005277,2026-07-12 00:00:00,D019,V006,C00566,Periodic Maintenance,Completed,5,3579
SV005278,2026-05-14 00:00:00,D007,V002,C03723,Oil Change,Completed,1,2630
SV005279,2026-08-22 00:00:00,D031,V015,C04289,Repair,Completed,4,1707
SV005280,2025-09-16 00:00:00,D020,V003,C05089,General Service,Completed,4,2418
SV005281,2025-08-10 00:00:00,D057,V019,C03108,General Service,Cancelled,5,2988
SV005282,2025-12-03 00:00:00,D023,V007,C03327,General Service,Completed,3,3410
SV005283,2025-11-09 00:00:00,D030,V008,C04874,Repair,Completed,3,1903
SV005284,2025-10-11 00:00:00,D009,V019,C03843,Repair,Completed,5,2266
SV005285,2025-05-04 00:00:00,D047,V001,C04844,Oil Change,Cancelled,4,5818
SV005286,2025-02-10 00:00:00,D038,V019,C00991,Repair,Completed,2,1889
SV005287,2025-12-31 00:00:00,D043,V004,C01553,Warranty,Completed,5,2756
SV005288,2025-06-05 00:00:00,D056,V014,C04084,Repair,Cancelled,5,3598
SV005289,2026-01-12 00:00:00,D047,V017,C00884,General Service,Completed,5,776
SV005290,2025-12-16 00:00:00,D024,V008,C03052,General Service,Completed,1,4644
SV005291,2025-03-29 00:00:00,D043,V018,C02425,Repair,Completed,4,9535
SV005292,2025-10-04 00:00:00,D004,V017,C03193,Periodic Maintenance,Completed,4,1802
SV005293,2025-02-14 00:00:00,D006,V018,C03572,Periodic Maintenance,Completed,4,4775
SV005294,2026-02-24 00:00:00,D045,V003,C04873,General Service,Completed,4,5424
SV005295,2026-06-02 00:00:00,D025,V014,C00020,General Service,Cancelled,2,2188
SV005296,2026-06-28 00:00:00,D013,V005,C05680,General Service,Completed,3,3303
SV005297,2026-10-22 00:00:00,D022,V005,C01788,Repair,Completed,5,2264
SV005298,2026-11-02 00:00:00,D037,V009,C01234,Warranty,Completed,3,5215
SV005299,2026-08-27 00:00:00,D042,V019,C04076,Periodic Maintenance,Completed,4,4910
SV005300,2025-07-06 00:00:00,D049,V020,C04384,Periodic Maintenance,Completed,3,5457
SV005301,2025-08-26 00:00:00,D051,V002,C05361,Repair,Completed,5,3557
SV005302,2025-02-24 00:00:00,D058,V020,C00290,General Service,Completed,5,1157
SV005303,2026-09-09 00:00:00,D009,V016,C05903,General Service,Completed,4,2296
SV005304,2025-09-28 00:00:00,D025,V005,C01164,Repair,Completed,5,897
SV005305,2025-09-21 00:00:00,D038,V003,C02104,Warranty,Completed,4,1374
SV005306,2026-10-08 00:00:00,D008,V007,C05503,Warranty,Completed,4,4836
SV005307,2025-07-31 00:00:00,D024,V011,C05167,Warranty,Completed,4,4390
SV005308,2026-04-05 00:00:00,D019,V002,C01805,Periodic Maintenance,Completed,5,1718
SV005309,2025-04-21 00:00:00,D014,V014,C02749,Repair,Cancelled,5,2004
SV005310,2026-02-04 00:00:00,D007,V004,C00080,Repair,Completed,4,4200
SV005311,2026-08-15 00:00:00,D019,V014,C05118,Periodic Maintenance,Completed,5,3522
SV005312,2025-02-04 00:00:00,D007,V006,C00997,Oil Change,Completed,2,1852
SV005313,2026-08-11 00:00:00,D014,V014,C00882,Oil Change,Completed,5,1514
SV005314,2025-05-07 00:00:00,D053,V012,C05554,Oil Change,Cancelled,3,6403
SV005315,2026-08-19 00:00:00,D044,V013,C02436,Repair,Completed,5,2689
SV005316,2025-03-23 00:00:00,D025,V020,C02866,General Service,Completed,4,2602
SV005317,2025-09-17 00:00:00,D055,V004,C05775,Periodic Maintenance,Completed,5,4524
SV005318,2026-07-30 00:00:00,D015,V006,C05140,General Service,Completed,5,1906
SV005319,2025-07-20 00:00:00,D055,V006,C05126,Oil Change,Completed,5,1344
SV005320,2025-06-28 00:00:00,D026,V018,C01517,Periodic Maintenance,Completed,4,2759
SV005321,2026-11-22 00:00:00,D041,V013,C04686,Periodic Maintenance,Completed,4,2020
SV005322,2025-03-24 00:00:00,D047,V020,C05087,Periodic Maintenance,Completed,5,2455
SV005323,2025-05-28 00:00:00,D034,V010,C05794,Periodic Maintenance,Completed,5,3340
SV005324,2026-12-01 00:00:00,D034,V008,C05169,Repair,Completed,4,5168
SV005325,2025-11-22 00:00:00,D043,V011,C02279,Oil Change,Completed,4,2539
SV005326,2026-01-09 00:00:00,D008,V017,C01051,General Service,Completed,4,1630
SV005327,2025-02-09 00:00:00,D003,V013,C05112,Warranty,Completed,5,2448
SV005328,2025-01-15 00:00:00,D003,V014,C05555,Oil Change,Completed,5,1301
SV005329,2025-07-25 00:00:00,D016,V019,C04170,Repair,Completed,4,2430
SV005330,2025-01-16 00:00:00,D037,V011,C03760,General Service,Completed,5,3119
SV005331,2025-12-04 00:00:00,D009,V002,C02382,General Service,Completed,5,1267
SV005332,2026-11-07 00:00:00,D060,V001,C00264,Repair,Completed,5,1375
SV005333,2026-01-12 00:00:00,D010,V001,C00273,Warranty,Completed,5,3791
SV005334,2026-06-14 00:00:00,D001,V007,C03039,Oil Change,Completed,5,3277
SV005335,2026-07-30 00:00:00,D043,V009,C04529,Periodic Maintenance,Pending,5,2113
SV005336,2025-05-18 00:00:00,D013,V001,C04358,Warranty,Completed,5,1108
SV005337,2026-07-22 00:00:00,D021,V018,C02860,General Service,Completed,5,1309
SV005338,2025-03-11 00:00:00,D041,V007,C05538,Warranty,Completed,3,2007
SV005339,2025-03-24 00:00:00,D035,V010,C03598,Repair,Completed,5,3724
SV005340,2026-05-22 00:00:00,D054,V007,C04078,Oil Change,Completed,5,3850
SV005341,2025-05-31 00:00:00,D039,V005,C04024,Oil Change,Pending,5,2207
SV005342,2026-05-14 00:00:00,D054,V005,C03705,Warranty,Cancelled,5,899
SV005343,2025-09-03 00:00:00,D003,V014,C01749,Oil Change,Completed,4,2417
SV005344,2026-03-29 00:00:00,D025,V018,C04904,Warranty,Pending,2,8794
SV005345,2025-10-10 00:00:00,D007,V004,C02453,Oil Change,Completed,5,905
SV005346,2026-06-04 00:00:00,D005,V003,C03176,Repair,Completed,5,1853
SV005347,2025-05-06 00:00:00,D053,V004,C03316,General Service,Completed,4,1818
SV005348,2026-05-03 00:00:00,D008,V018,C04327,General Service,Completed,1,3324
SV005349,2025-03-12 00:00:00,D023,V017,C02787,Repair,Completed,5,1485
SV005350,2026-12-08 00:00:00,D046,V008,C05287,General Service,Completed,5,6977
SV005351,2026-07-22 00:00:00,D054,V015,C00814,Periodic Maintenance,Completed,5,2841
SV005352,2025-07-14 00:00:00,D039,V018,C04247,Periodic Maintenance,Completed,1,2844
SV005353,2026-11-23 00:00:00,D030,V003,C05044,Warranty,Completed,4,4383
SV005354,2026-07-06 00:00:00,D036,V018,C05348,Repair,Completed,4,3630
SV005355,2026-04-19 00:00:00,D009,V013,C01926,General Service,Completed,4,1941
SV005356,2025-10-10 00:00:00,D046,V020,C00583,Oil Change,Completed,4,2735
SV005357,2025-01-19 00:00:00,D002,V014,C05287,Warranty,Completed,3,899
SV005358,2025-11-28 00:00:00,D018,V012,C02923,Periodic Maintenance,Completed,2,4447
SV005359,2026-07-20 00:00:00,D025,V015,C05609,General Service,Completed,4,1789
SV005360,2026-02-07 00:00:00,D013,V004,C05370,General Service,Cancelled,1,2495
SV005361,2025-07-17 00:00:00,D022,V009,C01398,Repair,Completed,5,2897
SV005362,2026-03-25 00:00:00,D010,V012,C04094,Periodic Maintenance,Completed,3,4581
SV005363,2025-06-08 00:00:00,D044,V016,C02809,General Service,Completed,4,2442
SV005364,2025-08-14 00:00:00,D053,V020,C01956,Periodic Maintenance,Completed,3,5142
SV005365,2025-08-28 00:00:00,D002,V019,C04611,Periodic Maintenance,Completed,5,2374
SV005366,2025-11-22 00:00:00,D006,V013,C03855,General Service,Completed,5,5516
SV005367,2026-08-29 00:00:00,D044,V014,C02119,General Service,Pending,5,1998
SV005368,2025-02-13 00:00:00,D022,V016,C03006,Repair,Completed,5,3921
SV005369,2025-08-24 00:00:00,D048,V012,C05631,Periodic Maintenance,Completed,4,5805
SV005370,2025-08-10 00:00:00,D048,V005,C04814,Repair,Completed,4,10246
SV005371,2025-01-20 00:00:00,D010,V012,C05929,Oil Change,Pending,2,2971
SV005372,2025-04-24 00:00:00,D005,V015,C02603,General Service,Completed,5,8842
SV005373,2025-09-06 00:00:00,D012,V018,C04371,Warranty,Pending,5,3395
SV005374,2025-04-21 00:00:00,D022,V004,C05527,Oil Change,Completed,4,2742
SV005375,2025-08-27 00:00:00,D034,V019,C02530,Periodic Maintenance,Completed,4,4295
SV005376,2026-12-22 00:00:00,D030,V010,C04541,Warranty,Completed,4,1481
SV005377,2026-10-16 00:00:00,D048,V015,C00503,Repair,Cancelled,5,7330
SV005378,2026-05-10 00:00:00,D059,V001,C04900,General Service,Completed,5,4924
SV005379,2026-01-08 00:00:00,D019,V004,C04182,Periodic Maintenance,Completed,5,735
SV005380,2026-10-03 00:00:00,D045,V007,C00058,General Service,Pending,5,1741
SV005381,2025-05-29 00:00:00,D045,V007,C02616,Repair,Completed,5,1043
SV005382,2026-05-14 00:00:00,D023,V012,C05483,General Service,Pending,5,1103
SV005383,2026-04-21 00:00:00,D044,V016,C05924,General Service,Completed,4,2096
SV005384,2025-03-16 00:00:00,D015,V016,C04504,General Service,Completed,5,2953
SV005385,2025-06-11 00:00:00,D017,V018,C00382,Periodic Maintenance,Pending,5,1469
SV005386,2026-10-19 00:00:00,D010,V003,C03631,Oil Change,Completed,5,1661
SV005387,2026-08-25 00:00:00,D041,V001,C01265,General Service,Completed,5,7937
SV005388,2026-03-12 00:00:00,D035,V003,C04533,General Service,Completed,5,2825
SV005389,2026-01-01 00:00:00,D050,V005,C03041,Oil Change,Completed,3,3477
SV005390,2025-03-25 00:00:00,D019,V012,C05273,General Service,Completed,5,1996
SV005391,2025-10-19 00:00:00,D032,V006,C00368,Oil Change,Completed,1,2469
SV005392,2025-12-21 00:00:00,D034,V017,C05243,General Service,Completed,5,1353
SV005393,2026-05-30 00:00:00,D044,V003,C03141,General Service,Completed,5,1819
SV005394,2025-10-03 00:00:00,D016,V012,C01585,Oil Change,Completed,3,671
SV005395,2025-11-30 00:00:00,D009,V011,C04677,Repair,Completed,5,1386
SV005396,2026-09-25 00:00:00,D005,V004,C05653,Periodic Maintenance,Completed,3,5364
SV005397,2026-03-09 00:00:00,D020,V002,C04096,General Service,Completed,3,1569
SV005398,2026-06-29 00:00:00,D010,V020,C02175,Oil Change,Pending,5,2810
SV005399,2025-06-16 00:00:00,D016,V008,C00651,General Service,Completed,5,3272
SV005400,2025-09-30 00:00:00,D035,V010,C04984,Repair,Completed,3,2481
SV005401,2026-02-28 00:00:00,D025,V015,C02246,General Service,Completed,5,2850
SV005402,2025-07-02 00:00:00,D025,V007,C03362,Oil Change,Completed,4,1422
SV005403,2025-06-25 00:00:00,D035,V015,C02534,Repair,Completed,4,4758
SV005404,2025-08-21 00:00:00,D060,V016,C02977,Oil Change,Completed,4,1490
SV005405,2026-12-20 00:00:00,D044,V016,C00433,General Service,Completed,4,2309
SV005406,2025-03-07 00:00:00,D053,V016,C05451,Oil Change,Completed,5,1786
SV005407,2026-05-03 00:00:00,D031,V018,C00917,General Service,Completed,5,1507
SV005408,2025-08-22 00:00:00,D040,V002,C00369,Warranty,Completed,4,1654
SV005409,2026-08-19 00:00:00,D057,V001,C00423,Periodic Maintenance,Completed,3,5002
SV005410,2025-04-01 00:00:00,D055,V001,C02513,General Service,Completed,3,5891
SV005411,2026-07-02 00:00:00,D014,V011,C00385,Warranty,Completed,5,2930
SV005412,2025-02-28 00:00:00,D048,V012,C05114,Oil Change,Completed,5,626
SV005413,2025-06-28 00:00:00,D029,V018,C02198,General Service,Completed,5,2044
SV005414,2025-10-11 00:00:00,D055,V012,C05715,Oil Change,Completed,5,952
SV005415,2025-11-17 00:00:00,D042,V019,C03109,Oil Change,Completed,4,1707
SV005416,2025-04-04 00:00:00,D003,V011,C01343,Oil Change,Completed,5,4230
SV005417,2025-08-09 00:00:00,D005,V005,C04049,Oil Change,Completed,5,4069
SV005418,2025-03-17 00:00:00,D037,V020,C04774,Repair,Cancelled,5,1175
SV005419,2026-11-21 00:00:00,D045,V006,C05576,General Service,Cancelled,2,3171
SV005420,2025-04-30 00:00:00,D008,V019,C01442,General Service,Completed,4,3175
SV005421,2026-02-06 00:00:00,D050,V017,C05028,Periodic Maintenance,Completed,5,1715
SV005422,2026-04-09 00:00:00,D032,V011,C00596,General Service,Cancelled,4,2247
SV005423,2026-12-06 00:00:00,D055,V001,C04303,Warranty,Cancelled,3,1941
SV005424,2025-05-03 00:00:00,D050,V018,C03582,General Service,Cancelled,5,1966
SV005425,2025-06-16 00:00:00,D047,V020,C05121,Repair,Completed,3,4524
SV005426,2026-03-05 00:00:00,D010,V003,C04496,General Service,Completed,5,907
SV005427,2026-09-06 00:00:00,D030,V005,C03726,General Service,Completed,2,3949
SV005428,2026-04-24 00:00:00,D014,V002,C03221,Periodic Maintenance,Cancelled,3,2312
SV005429,2025-01-31 00:00:00,D021,V014,C05247,Periodic Maintenance,Completed,5,4052
SV005430,2025-11-26 00:00:00,D036,V013,C03161,Oil Change,Completed,2,4212
SV005431,2025-04-19 00:00:00,D043,V002,C02895,Periodic Maintenance,Completed,5,6185
SV005432,2025-12-28 00:00:00,D038,V005,C04354,General Service,Completed,4,2167
SV005433,2026-09-30 00:00:00,D059,V004,C02230,General Service,Completed,5,3131
SV005434,2025-03-13 00:00:00,D006,V010,C01501,Periodic Maintenance,Completed,3,1574
SV005435,2025-03-22 00:00:00,D002,V018,C00684,Repair,Completed,5,3314
SV005436,2026-11-20 00:00:00,D041,V009,C04012,Repair,Pending,4,1313
SV005437,2025-09-04 00:00:00,D049,V012,C04467,General Service,Completed,4,2298
SV005438,2025-10-21 00:00:00,D005,V008,C05348,General Service,Completed,5,2376
SV005439,2025-04-09 00:00:00,D013,V001,C03632,General Service,Completed,1,1821
SV005440,2026-01-19 00:00:00,D035,V019,C01107,Repair,Completed,5,5354
SV005441,2025-11-15 00:00:00,D014,V001,C02875,General Service,Completed,4,3839
SV005442,2026-09-25 00:00:00,D027,V006,C03878,Warranty,Completed,4,1699
SV005443,2026-04-25 00:00:00,D046,V014,C03670,Periodic Maintenance,Completed,2,1185
SV005444,2026-05-10 00:00:00,D039,V017,C00110,Oil Change,Completed,5,1907
SV005445,2025-10-13 00:00:00,D019,V004,C00333,Periodic Maintenance,Completed,4,1239
SV005446,2025-10-19 00:00:00,D041,V017,C03445,Repair,Completed,5,3470
SV005447,2026-04-13 00:00:00,D051,V011,C02023,Repair,Completed,3,2518
SV005448,2025-07-18 00:00:00,D001,V018,C04480,General Service,Completed,5,3383
SV005449,2025-04-30 00:00:00,D023,V004,C05087,Repair,Completed,5,2261
SV005450,2025-08-16 00:00:00,D003,V015,C02409,General Service,Completed,4,2460
SV005451,2026-08-01 00:00:00,D011,V005,C01722,Oil Change,Completed,5,823
SV005452,2026-09-13 00:00:00,D043,V015,C05754,General Service,Completed,5,3529
SV005453,2025-02-24 00:00:00,D019,V007,C00385,General Service,Completed,3,967
SV005454,2025-07-30 00:00:00,D020,V016,C03437,Oil Change,Completed,5,2035
SV005455,2025-01-09 00:00:00,D043,V019,C01558,Repair,Completed,4,5545
SV005456,2025-07-06 00:00:00,D019,V002,C01208,Repair,Completed,5,1426
SV005457,2025-01-21 00:00:00,D035,V016,C03617,Repair,Completed,4,3767
SV005458,2026-10-02 00:00:00,D060,V013,C05201,General Service,Completed,4,1806
SV005459,2025-02-17 00:00:00,D039,V016,C02320,Repair,Completed,4,3443
SV005460,2025-06-14 00:00:00,D023,V017,C01065,Periodic Maintenance,Completed,5,1197
SV005461,2026-10-17 00:00:00,D028,V017,C02333,Periodic Maintenance,Completed,4,1168
SV005462,2025-05-28 00:00:00,D055,V009,C02485,Oil Change,Completed,4,4402
SV005463,2025-08-18 00:00:00,D031,V019,C03712,Periodic Maintenance,Completed,2,1398
SV005464,2026-05-22 00:00:00,D039,V019,C04572,Oil Change,Completed,4,2274
SV005465,2025-04-26 00:00:00,D044,V003,C05545,General Service,Completed,5,6672
SV005466,2026-08-28 00:00:00,D006,V020,C01394,Periodic Maintenance,Completed,4,1530
SV005467,2025-10-30 00:00:00,D034,V009,C05429,General Service,Completed,5,3530
SV005468,2026-02-27 00:00:00,D049,V010,C03629,General Service,Completed,5,500
SV005469,2025-01-17 00:00:00,D045,V019,C01238,General Service,Completed,5,2883
SV005470,2026-05-12 00:00:00,D013,V016,C05572,Oil Change,Pending,4,2341
SV005471,2026-04-17 00:00:00,D008,V014,C01905,General Service,Completed,5,3164
SV005472,2025-01-16 00:00:00,D054,V012,C02669,Periodic Maintenance,Pending,3,2882
SV005473,2025-05-28 00:00:00,D007,V007,C02439,General Service,Completed,5,2067
SV005474,2025-09-24 00:00:00,D060,V012,C04821,Periodic Maintenance,Completed,5,995
SV005475,2025-12-19 00:00:00,D051,V018,C04635,Periodic Maintenance,Completed,5,4174
SV005476,2026-11-16 00:00:00,D052,V003,C02010,Oil Change,Completed,2,1933
SV005477,2026-05-17 00:00:00,D019,V011,C02717,Oil Change,Cancelled,5,1898
SV005478,2026-11-05 00:00:00,D007,V019,C00160,General Service,Completed,5,2228
SV005479,2025-02-01 00:00:00,D016,V015,C00731,Warranty,Completed,4,3274
SV005480,2025-01-02 00:00:00,D012,V009,C05007,Oil Change,Completed,4,2849
SV005481,2025-08-26 00:00:00,D022,V009,C00492,Warranty,Completed,5,2828
SV005482,2025-11-16 00:00:00,D024,V020,C05281,General Service,Completed,5,4762
SV005483,2025-03-11 00:00:00,D008,V017,C03293,Repair,Completed,1,1287
SV005484,2026-09-05 00:00:00,D047,V018,C05268,General Service,Completed,4,2302
SV005485,2025-02-12 00:00:00,D040,V006,C00436,Oil Change,Completed,4,2734
SV005486,2025-07-22 00:00:00,D043,V013,C04600,Repair,Completed,3,783
SV005487,2026-11-02 00:00:00,D039,V011,C02101,Periodic Maintenance,Completed,5,856
SV005488,2025-02-09 00:00:00,D012,V013,C02478,Periodic Maintenance,Completed,3,3530
SV005489,2025-10-16 00:00:00,D014,V010,C00775,Periodic Maintenance,Completed,3,2032
SV005490,2026-09-04 00:00:00,D014,V016,C02728,Periodic Maintenance,Completed,5,831
SV005491,2026-03-26 00:00:00,D029,V016,C04008,Repair,Completed,5,1791
SV005492,2025-03-30 00:00:00,D049,V014,C04153,General Service,Completed,4,1839
SV005493,2025-01-02 00:00:00,D027,V006,C03890,General Service,Completed,5,3011
SV005494,2025-11-13 00:00:00,D046,V020,C04799,Repair,Completed,4,1346
SV005495,2026-10-13 00:00:00,D025,V010,C01573,Periodic Maintenance,Completed,5,2434
SV005496,2025-09-20 00:00:00,D028,V018,C04979,Warranty,Completed,4,1397
SV005497,2026-04-25 00:00:00,D030,V018,C02638,Periodic Maintenance,Pending,5,6925
SV005498,2025-01-01 00:00:00,D016,V019,C03204,Oil Change,Completed,5,1087
SV005499,2026-11-28 00:00:00,D016,V006,C03676,Oil Change,Completed,3,1813
SV005500,2025-11-23 00:00:00,D010,V010,C03874,Warranty,Completed,4,1668
SV005501,2026-03-31 00:00:00,D009,V009,C04112,Periodic Maintenance,Completed,4,2653
SV005502,2025-10-12 00:00:00,D053,V010,C03805,Warranty,Completed,4,4136
SV005503,2025-02-12 00:00:00,D046,V011,C04491,Oil Change,Completed,5,1916
SV005504,2025-05-09 00:00:00,D055,V011,C01109,Repair,Completed,5,912
SV005505,2025-10-12 00:00:00,D032,V003,C04095,General Service,Completed,5,5862
SV005506,2025-10-17 00:00:00,D013,V011,C00811,Repair,Completed,2,3348
SV005507,2025-01-19 00:00:00,D043,V014,C00524,General Service,Completed,4,1091
SV005508,2025-01-22 00:00:00,D018,V019,C01196,Periodic Maintenance,Completed,3,1142
SV005509,2025-07-22 00:00:00,D016,V019,C03839,Warranty,Completed,4,1015
SV005510,2025-09-22 00:00:00,D056,V003,C00384,Repair,Completed,5,2225
SV005511,2026-04-06 00:00:00,D023,V009,C00642,General Service,Completed,5,3659
SV005512,2026-09-24 00:00:00,D054,V005,C05850,General Service,Completed,3,1314
SV005513,2025-06-08 00:00:00,D045,V002,C05276,General Service,Completed,4,1664
SV005514,2026-07-17 00:00:00,D035,V006,C03102,Warranty,Completed,4,3540
SV005515,2026-07-13 00:00:00,D015,V009,C04000,Repair,Completed,3,1819
SV005516,2026-08-30 00:00:00,D043,V019,C04514,General Service,Completed,5,2533
SV005517,2025-06-09 00:00:00,D023,V007,C01941,Oil Change,Completed,4,739
SV005518,2025-12-25 00:00:00,D057,V010,C05057,General Service,Completed,4,1455
SV005519,2026-01-14 00:00:00,D034,V011,C02325,General Service,Completed,4,1587
SV005520,2026-02-15 00:00:00,D018,V001,C05209,General Service,Completed,4,2405
SV005521,2025-04-11 00:00:00,D043,V019,C04112,Repair,Completed,4,5445
SV005522,2026-04-06 00:00:00,D048,V009,C00300,Periodic Maintenance,Completed,5,2248
SV005523,2025-06-27 00:00:00,D035,V009,C00674,General Service,Completed,4,1688
SV005524,2026-07-11 00:00:00,D036,V006,C05863,Warranty,Completed,4,8722
SV005525,2025-02-21 00:00:00,D034,V010,C01434,Periodic Maintenance,Completed,5,1714
SV005526,2025-03-02 00:00:00,D027,V009,C05978,Oil Change,Completed,5,2909
SV005527,2026-11-09 00:00:00,D059,V004,C02454,Periodic Maintenance,Completed,4,5186
SV005528,2026-04-19 00:00:00,D003,V006,C00309,General Service,Completed,5,1377
SV005529,2026-06-21 00:00:00,D002,V007,C00537,General Service,Pending,3,2044
SV005530,2025-11-24 00:00:00,D060,V014,C01270,Oil Change,Completed,4,2273
SV005531,2025-12-23 00:00:00,D038,V004,C00403,Oil Change,Completed,5,2226
SV005532,2025-04-09 00:00:00,D044,V002,C03386,Periodic Maintenance,Completed,5,2437
SV005533,2026-05-29 00:00:00,D031,V017,C03788,General Service,Cancelled,5,6612
SV005534,2025-09-21 00:00:00,D028,V011,C01466,General Service,Completed,4,3517
SV005535,2026-04-01 00:00:00,D047,V010,C03408,General Service,Completed,4,1307
SV005536,2026-08-16 00:00:00,D015,V006,C02983,General Service,Completed,3,4850
SV005537,2025-02-19 00:00:00,D024,V016,C02723,Repair,Completed,2,2601
SV005538,2026-09-10 00:00:00,D019,V011,C04496,General Service,Completed,4,1537
SV005539,2025-12-05 00:00:00,D057,V010,C02050,General Service,Completed,1,3688
SV005540,2026-12-11 00:00:00,D055,V001,C04015,Warranty,Cancelled,4,5052
SV005541,2026-12-23 00:00:00,D037,V016,C00105,Oil Change,Completed,4,8555
SV005542,2025-06-26 00:00:00,D025,V019,C00089,General Service,Completed,4,1801
SV005543,2025-09-25 00:00:00,D034,V011,C04336,Periodic Maintenance,Pending,4,2718
SV005544,2025-05-13 00:00:00,D018,V004,C03808,General Service,Completed,5,4719
SV005545,2025-05-23 00:00:00,D021,V013,C03525,General Service,Completed,4,3212
SV005546,2026-12-08 00:00:00,D025,V001,C02431,Warranty,Completed,4,2205
SV005547,2025-06-12 00:00:00,D012,V012,C00126,Periodic Maintenance,Completed,5,3491
SV005548,2025-12-13 00:00:00,D026,V019,C04070,General Service,Completed,5,3558
SV005549,2025-07-01 00:00:00,D060,V010,C01049,General Service,Completed,5,2099
SV005550,2026-12-19 00:00:00,D059,V010,C04223,Repair,Completed,5,2004
SV005551,2025-09-09 00:00:00,D053,V004,C03121,Oil Change,Completed,3,2470
SV005552,2026-11-04 00:00:00,D014,V009,C05036,Periodic Maintenance,Completed,4,4635
SV005553,2025-07-09 00:00:00,D044,V004,C01112,General Service,Pending,5,1475
SV005554,2025-06-01 00:00:00,D048,V009,C01832,Warranty,Pending,5,2308
SV005555,2025-09-21 00:00:00,D044,V004,C05895,Periodic Maintenance,Completed,4,8125
SV005556,2026-04-03 00:00:00,D059,V012,C03652,Repair,Completed,4,1548
SV005557,2026-06-22 00:00:00,D028,V008,C00820,General Service,Completed,4,2181
SV005558,2025-03-18 00:00:00,D060,V007,C05620,Oil Change,Completed,5,5598
SV005559,2025-06-27 00:00:00,D034,V012,C03289,Periodic Maintenance,Completed,5,2382
SV005560,2025-12-21 00:00:00,D025,V019,C03705,Repair,Completed,4,1744
SV005561,2026-05-17 00:00:00,D020,V013,C01336,Repair,Completed,5,1121
SV005562,2025-08-11 00:00:00,D009,V019,C02785,General Service,Completed,5,3815
SV005563,2026-03-30 00:00:00,D044,V020,C04678,Warranty,Completed,4,2491
SV005564,2025-06-13 00:00:00,D044,V001,C03486,Periodic Maintenance,Completed,3,1381
SV005565,2025-01-07 00:00:00,D010,V014,C00156,General Service,Completed,4,2542
SV005566,2026-01-24 00:00:00,D005,V005,C04555,Repair,Completed,4,1842
SV005567,2025-08-14 00:00:00,D059,V015,C00091,General Service,Completed,2,1690
SV005568,2025-09-25 00:00:00,D052,V019,C05762,General Service,Completed,5,1768
SV005569,2026-08-24 00:00:00,D031,V009,C04774,Warranty,Completed,1,2667
SV005570,2025-04-09 00:00:00,D004,V008,C04574,Repair,Completed,4,1609
SV005571,2025-06-30 00:00:00,D034,V003,C04274,Warranty,Pending,4,3233
SV005572,2025-04-21 00:00:00,D037,V004,C00722,General Service,Cancelled,5,4495
SV005573,2026-11-16 00:00:00,D027,V012,C05637,Periodic Maintenance,Completed,5,1912
SV005574,2026-09-13 00:00:00,D016,V016,C01956,Periodic Maintenance,Completed,4,4674
SV005575,2025-09-22 00:00:00,D018,V005,C00537,Oil Change,Completed,4,3269
SV005576,2026-01-03 00:00:00,D011,V008,C03471,Repair,Completed,5,2431
SV005577,2026-11-14 00:00:00,D042,V017,C03086,Warranty,Completed,3,4816
SV005578,2025-06-13 00:00:00,D047,V010,C01760,General Service,Completed,5,1061
SV005579,2026-02-25 00:00:00,D050,V003,C00788,General Service,Completed,3,1301
SV005580,2025-08-23 00:00:00,D044,V019,C00418,Warranty,Completed,4,2519
SV005581,2026-04-21 00:00:00,D024,V002,C05598,Repair,Completed,5,2233
SV005582,2026-02-12 00:00:00,D044,V018,C04141,Periodic Maintenance,Completed,4,2823
SV005583,2025-10-06 00:00:00,D006,V018,C03382,General Service,Completed,5,4107
SV005584,2026-06-04 00:00:00,D024,V007,C05473,Periodic Maintenance,Completed,4,2938
SV005585,2025-08-27 00:00:00,D057,V011,C03962,General Service,Completed,4,3968
SV005586,2025-10-07 00:00:00,D001,V008,C02244,Warranty,Completed,4,1353
SV005587,2025-09-04 00:00:00,D015,V001,C05128,General Service,Completed,5,2442
SV005588,2026-05-25 00:00:00,D029,V001,C03656,General Service,Completed,5,2740
SV005589,2025-05-14 00:00:00,D001,V016,C05504,Periodic Maintenance,Completed,1,1678
SV005590,2025-01-20 00:00:00,D046,V012,C00883,Oil Change,Completed,4,4446
SV005591,2026-03-15 00:00:00,D019,V011,C04965,General Service,Completed,4,5835
SV005592,2025-06-29 00:00:00,D049,V013,C03077,Warranty,Completed,4,1718
SV005593,2026-07-26 00:00:00,D021,V011,C03975,General Service,Pending,4,2178
SV005594,2025-02-02 00:00:00,D049,V019,C02439,Periodic Maintenance,Completed,4,2867
SV005595,2026-09-28 00:00:00,D060,V012,C01954,Oil Change,Completed,4,3560
SV005596,2026-01-21 00:00:00,D026,V014,C01400,General Service,Completed,5,2066
SV005597,2025-01-25 00:00:00,D033,V011,C00514,Oil Change,Completed,5,1952
SV005598,2025-08-30 00:00:00,D052,V011,C04226,Repair,Pending,5,3255
SV005599,2026-10-12 00:00:00,D002,V016,C05765,Oil Change,Completed,4,838
SV005600,2025-02-05 00:00:00,D038,V008,C00988,Periodic Maintenance,Completed,4,1711
SV005601,2026-08-13 00:00:00,D001,V018,C05177,Periodic Maintenance,Pending,4,6511
SV005602,2026-05-21 00:00:00,D031,V005,C02981,Periodic Maintenance,Cancelled,3,886
SV005603,2026-02-18 00:00:00,D016,V017,C05274,General Service,Completed,4,2241
SV005604,2026-09-15 00:00:00,D035,V002,C04265,Periodic Maintenance,Completed,5,1437
SV005605,2025-08-10 00:00:00,D027,V008,C04859,General Service,Completed,5,1502
SV005606,2026-06-08 00:00:00,D056,V012,C02572,General Service,Completed,5,3548
SV005607,2026-03-18 00:00:00,D012,V001,C00118,Periodic Maintenance,Completed,5,1641
SV005608,2026-03-02 00:00:00,D034,V011,C02071,General Service,Completed,5,3353
SV005609,2026-08-01 00:00:00,D049,V001,C05322,General Service,Completed,2,2130
SV005610,2026-07-11 00:00:00,D025,V001,C02376,Periodic Maintenance,Cancelled,5,5473
SV005611,2025-08-03 00:00:00,D060,V007,C01569,General Service,Cancelled,5,3479
SV005612,2025-11-25 00:00:00,D017,V006,C02897,Oil Change,Completed,5,3924
SV005613,2026-01-10 00:00:00,D051,V015,C00688,Warranty,Completed,3,1053
SV005614,2026-10-28 00:00:00,D054,V019,C03172,Oil Change,Completed,5,4129
SV005615,2025-11-19 00:00:00,D052,V018,C04986,Warranty,Cancelled,3,1615
SV005616,2026-05-10 00:00:00,D009,V005,C05520,Periodic Maintenance,Completed,3,2924
SV005617,2026-12-21 00:00:00,D026,V011,C05649,Periodic Maintenance,Completed,4,876
SV005618,2025-05-24 00:00:00,D039,V014,C01529,Oil Change,Completed,4,2456
SV005619,2025-10-12 00:00:00,D022,V016,C01256,Warranty,Completed,5,3575
SV005620,2026-05-25 00:00:00,D025,V007,C01176,Repair,Completed,4,1821
SV005621,2026-08-22 00:00:00,D005,V008,C01551,Periodic Maintenance,Completed,1,1897
SV005622,2026-07-17 00:00:00,D036,V006,C02895,Periodic Maintenance,Completed,3,4121
SV005623,2026-07-07 00:00:00,D016,V015,C05133,Repair,Completed,5,500
SV005624,2025-06-20 00:00:00,D017,V007,C05369,General Service,Pending,4,2015
SV005625,2026-12-23 00:00:00,D012,V016,C04260,General Service,Completed,5,8575
SV005626,2025-05-05 00:00:00,D044,V011,C02121,Oil Change,Completed,1,5147
SV005627,2025-06-16 00:00:00,D047,V019,C02286,Warranty,Completed,3,9439
SV005628,2025-03-29 00:00:00,D002,V018,C05505,Oil Change,Completed,3,1749
SV005629,2025-08-19 00:00:00,D034,V009,C01358,General Service,Completed,5,2362
SV005630,2025-04-27 00:00:00,D019,V015,C04908,Repair,Completed,5,4953
SV005631,2025-01-30 00:00:00,D003,V020,C05409,Oil Change,Cancelled,4,1014
SV005632,2025-08-19 00:00:00,D052,V019,C05803,General Service,Completed,4,2212
SV005633,2025-03-30 00:00:00,D056,V018,C02748,Oil Change,Completed,3,5679
SV005634,2025-04-19 00:00:00,D005,V003,C00809,Warranty,Completed,3,2268
SV005635,2025-10-18 00:00:00,D018,V001,C01207,General Service,Completed,4,4559
SV005636,2026-05-30 00:00:00,D005,V008,C03266,Oil Change,Completed,3,2095
SV005637,2025-08-21 00:00:00,D053,V018,C04479,General Service,Pending,5,2300
SV005638,2025-01-02 00:00:00,D048,V007,C01493,Warranty,Completed,4,1675
SV005639,2025-06-22 00:00:00,D030,V019,C05237,Periodic Maintenance,Completed,5,3059
SV005640,2026-06-05 00:00:00,D028,V012,C03371,Oil Change,Completed,4,1585
SV005641,2026-08-26 00:00:00,D059,V011,C05381,Periodic Maintenance,Completed,1,3015
SV005642,2025-10-03 00:00:00,D026,V007,C04286,Periodic Maintenance,Completed,4,3186
SV005643,2025-02-14 00:00:00,D018,V006,C05232,Warranty,Completed,4,2243
SV005644,2026-03-09 00:00:00,D032,V015,C05416,General Service,Completed,5,1818
SV005645,2025-03-05 00:00:00,D028,V019,C03782,Warranty,Completed,4,2663
SV005646,2025-08-24 00:00:00,D045,V008,C01180,Oil Change,Completed,4,1516
SV005647,2025-11-28 00:00:00,D006,V019,C03939,Warranty,Completed,3,2848
SV005648,2026-03-09 00:00:00,D050,V001,C00091,General Service,Completed,4,2070
SV005649,2026-08-24 00:00:00,D010,V019,C02228,Periodic Maintenance,Completed,3,2672
SV005650,2026-07-20 00:00:00,D002,V020,C03514,General Service,Completed,4,2594
SV005651,2026-04-21 00:00:00,D057,V011,C01109,Periodic Maintenance,Pending,5,2973
SV005652,2026-01-30 00:00:00,D050,V011,C02324,Oil Change,Completed,4,1449
SV005653,2026-10-08 00:00:00,D047,V012,C04832,General Service,Completed,4,870
SV005654,2026-09-11 00:00:00,D030,V009,C03850,Repair,Completed,3,2637
SV005655,2025-02-22 00:00:00,D045,V019,C05909,Repair,Completed,5,2772
SV005656,2025-05-05 00:00:00,D015,V009,C01225,Periodic Maintenance,Completed,5,2751
SV005657,2025-10-11 00:00:00,D038,V015,C05669,Periodic Maintenance,Completed,5,1401
SV005658,2026-12-31 00:00:00,D052,V006,C04214,Repair,Completed,5,2121
SV005659,2025-12-14 00:00:00,D018,V011,C05135,Oil Change,Completed,4,1786
SV005660,2025-05-21 00:00:00,D034,V009,C01994,Periodic Maintenance,Completed,3,4655
SV005661,2025-07-20 00:00:00,D026,V014,C02299,General Service,Completed,5,1857
SV005662,2026-10-09 00:00:00,D029,V004,C03012,Periodic Maintenance,Completed,4,1361
SV005663,2025-08-25 00:00:00,D009,V003,C00479,Oil Change,Pending,4,1308
SV005664,2026-03-04 00:00:00,D022,V012,C02281,Oil Change,Completed,5,3292
SV005665,2026-12-25 00:00:00,D037,V008,C03166,General Service,Completed,3,1556
SV005666,2026-03-02 00:00:00,D050,V011,C01644,General Service,Completed,4,2246
SV005667,2025-10-23 00:00:00,D057,V010,C04375,General Service,Completed,3,2990
SV005668,2025-02-19 00:00:00,D011,V002,C05608,General Service,Completed,2,1984
SV005669,2025-06-12 00:00:00,D024,V005,C02063,General Service,Cancelled,5,3367
SV005670,2025-11-08 00:00:00,D029,V019,C01030,Warranty,Completed,4,6641
SV005671,2026-12-08 00:00:00,D013,V004,C02891,Repair,Completed,5,3326
SV005672,2026-01-08 00:00:00,D036,V018,C04493,Repair,Cancelled,4,2797
SV005673,2025-09-12 00:00:00,D016,V014,C01676,Oil Change,Completed,5,2126
SV005674,2026-07-14 00:00:00,D041,V009,C00880,General Service,Completed,5,1714
SV005675,2025-01-09 00:00:00,D058,V017,C03798,General Service,Completed,5,1143
SV005676,2025-09-29 00:00:00,D057,V015,C01379,Oil Change,Completed,1,3702
SV005677,2026-11-17 00:00:00,D015,V005,C05200,Repair,Completed,5,3539
SV005678,2026-10-13 00:00:00,D010,V016,C00317,Repair,Completed,4,2815
SV005679,2026-06-24 00:00:00,D008,V005,C04454,Oil Change,Completed,5,3799
SV005680,2026-03-05 00:00:00,D058,V020,C01656,General Service,Completed,5,1209
SV005681,2026-11-19 00:00:00,D031,V006,C00957,General Service,Completed,4,2663
SV005682,2026-07-11 00:00:00,D050,V016,C00821,Warranty,Completed,3,4855
SV005683,2026-04-04 00:00:00,D036,V009,C02646,General Service,Completed,4,2200
SV005684,2026-06-21 00:00:00,D029,V018,C04952,Periodic Maintenance,Completed,4,2399
SV005685,2025-10-16 00:00:00,D035,V008,C04817,Warranty,Completed,4,2014
SV005686,2026-10-26 00:00:00,D012,V016,C05251,General Service,Completed,3,2034
SV005687,2025-11-07 00:00:00,D014,V018,C05105,Periodic Maintenance,Completed,2,3482
SV005688,2025-06-14 00:00:00,D055,V019,C00879,General Service,Completed,4,5929
SV005689,2025-01-14 00:00:00,D026,V011,C02693,Oil Change,Completed,5,1821
SV005690,2025-08-09 00:00:00,D053,V016,C01737,Repair,Completed,4,2803
SV005691,2025-10-27 00:00:00,D027,V007,C02531,Periodic Maintenance,Completed,4,7580
SV005692,2026-03-28 00:00:00,D051,V019,C02741,General Service,Completed,5,887
SV005693,2025-06-17 00:00:00,D004,V020,C02762,Repair,Completed,5,1078
SV005694,2025-07-14 00:00:00,D038,V008,C05766,Warranty,Pending,5,3201
SV005695,2026-04-22 00:00:00,D034,V018,C00690,Periodic Maintenance,Completed,5,6887
SV005696,2026-04-27 00:00:00,D033,V013,C01440,General Service,Completed,4,4336
SV005697,2025-10-26 00:00:00,D019,V002,C04601,Repair,Cancelled,2,1787
SV005698,2025-07-16 00:00:00,D010,V018,C05774,General Service,Completed,5,2710
SV005699,2025-03-15 00:00:00,D058,V011,C01478,Warranty,Completed,3,3540
SV005700,2026-07-12 00:00:00,D007,V016,C01416,General Service,Completed,3,1497
SV005701,2026-02-10 00:00:00,D055,V004,C00974,Periodic Maintenance,Completed,3,4377
SV005702,2025-09-09 00:00:00,D039,V003,C00926,General Service,Completed,5,3502
SV005703,2026-02-26 00:00:00,D011,V001,C04429,Repair,Completed,3,7856
SV005704,2026-12-02 00:00:00,D004,V010,C00356,Repair,Completed,4,7785
SV005705,2025-10-21 00:00:00,D060,V010,C04820,Warranty,Completed,3,4306
SV005706,2026-07-14 00:00:00,D031,V011,C00832,Oil Change,Completed,5,1818
SV005707,2025-06-13 00:00:00,D022,V007,C03726,Oil Change,Completed,2,6570
SV005708,2026-06-17 00:00:00,D033,V019,C04853,Periodic Maintenance,Completed,3,3458
SV005709,2025-04-10 00:00:00,D019,V013,C01694,Periodic Maintenance,Completed,1,1481
SV005710,2025-01-13 00:00:00,D044,V016,C01373,Periodic Maintenance,Completed,5,1078
SV005711,2026-09-21 00:00:00,D030,V001,C01813,General Service,Completed,4,2134
SV005712,2025-05-13 00:00:00,D028,V008,C02152,Oil Change,Completed,5,1912
SV005713,2026-12-07 00:00:00,D034,V017,C01560,General Service,Completed,3,1168
SV005714,2026-04-01 00:00:00,D037,V003,C04544,Warranty,Completed,5,1542
SV005715,2026-02-22 00:00:00,D045,V004,C02690,Repair,Completed,5,1974
SV005716,2025-03-25 00:00:00,D002,V007,C02906,Oil Change,Completed,3,3531
SV005717,2026-05-22 00:00:00,D035,V012,C01030,Periodic Maintenance,Completed,4,1773
SV005718,2025-12-18 00:00:00,D032,V012,C05924,General Service,Cancelled,3,2134
SV005719,2025-11-29 00:00:00,D018,V006,C04448,Oil Change,Completed,4,2046
SV005720,2026-01-27 00:00:00,D060,V015,C01740,General Service,Completed,5,1205
SV005721,2025-12-11 00:00:00,D008,V001,C01651,Periodic Maintenance,Completed,1,3779
SV005722,2025-12-01 00:00:00,D014,V013,C00484,Periodic Maintenance,Completed,4,2663
SV005723,2026-04-04 00:00:00,D014,V009,C04137,Oil Change,Completed,5,4001
SV005724,2025-07-31 00:00:00,D021,V001,C02473,General Service,Pending,5,1753
SV005725,2026-09-03 00:00:00,D026,V018,C05417,Warranty,Completed,1,988
SV005726,2025-04-30 00:00:00,D017,V007,C03423,Warranty,Pending,5,1349
SV005727,2025-05-29 00:00:00,D058,V017,C05040,Periodic Maintenance,Completed,4,3545
SV005728,2026-09-28 00:00:00,D010,V015,C03277,General Service,Completed,4,1271
SV005729,2026-09-30 00:00:00,D058,V019,C04129,General Service,Completed,5,3158
SV005730,2025-12-14 00:00:00,D033,V006,C02281,Repair,Completed,5,1976
SV005731,2025-12-25 00:00:00,D037,V018,C02673,General Service,Cancelled,4,8235
SV005732,2025-08-22 00:00:00,D025,V004,C01452,General Service,Completed,5,1379
SV005733,2026-04-09 00:00:00,D038,V011,C00391,General Service,Completed,5,4142
SV005734,2025-01-12 00:00:00,D037,V010,C01552,Oil Change,Completed,5,4454
SV005735,2026-12-11 00:00:00,D042,V001,C00848,Oil Change,Completed,5,2360
SV005736,2025-06-29 00:00:00,D043,V018,C05861,Periodic Maintenance,Pending,4,13569
SV005737,2026-02-22 00:00:00,D040,V017,C05805,Oil Change,Completed,4,1043
SV005738,2025-04-01 00:00:00,D027,V002,C00511,Periodic Maintenance,Pending,5,2003
SV005739,2026-10-11 00:00:00,D052,V007,C02551,General Service,Completed,5,4413
SV005740,2025-07-15 00:00:00,D048,V019,C00007,General Service,Completed,5,1948
SV005741,2026-06-07 00:00:00,D047,V002,C00233,General Service,Completed,4,3178
SV005742,2025-03-09 00:00:00,D051,V015,C00061,Periodic Maintenance,Completed,4,6399
SV005743,2026-04-13 00:00:00,D009,V020,C00924,General Service,Pending,3,1046
SV005744,2025-12-02 00:00:00,D026,V013,C00434,Periodic Maintenance,Completed,5,4656
SV005745,2026-02-21 00:00:00,D051,V007,C04082,Oil Change,Completed,4,5007
SV005746,2026-10-29 00:00:00,D041,V008,C02854,Oil Change,Completed,4,2027
SV005747,2025-10-18 00:00:00,D060,V016,C03335,Periodic Maintenance,Completed,4,1627
SV005748,2026-02-22 00:00:00,D020,V017,C05045,Periodic Maintenance,Completed,3,2421
SV005749,2025-09-14 00:00:00,D042,V020,C00626,Oil Change,Completed,5,1265
SV005750,2026-01-10 00:00:00,D011,V003,C00912,Repair,Completed,4,2192
SV005751,2025-05-06 00:00:00,D029,V001,C03450,Repair,Completed,5,3613
SV005752,2025-12-06 00:00:00,D007,V003,C02164,General Service,Completed,5,5143
SV005753,2026-05-18 00:00:00,D019,V003,C01158,Warranty,Pending,5,3097
SV005754,2025-10-15 00:00:00,D034,V016,C03491,Periodic Maintenance,Completed,5,3512
SV005755,2025-03-19 00:00:00,D050,V020,C00466,General Service,Completed,5,2682
SV005756,2026-06-09 00:00:00,D023,V017,C05560,Oil Change,Completed,5,3639
SV005757,2026-08-23 00:00:00,D020,V004,C02388,Periodic Maintenance,Pending,5,953
SV005758,2026-07-19 00:00:00,D052,V005,C01818,Warranty,Completed,3,1393
SV005759,2025-10-20 00:00:00,D030,V016,C05817,Repair,Cancelled,5,3935
SV005760,2026-01-23 00:00:00,D001,V016,C05383,General Service,Completed,5,1308
SV005761,2025-02-22 00:00:00,D047,V004,C03664,Periodic Maintenance,Completed,5,1835
SV005762,2026-05-16 00:00:00,D011,V011,C05679,Periodic Maintenance,Completed,5,2529
SV005763,2026-03-27 00:00:00,D036,V008,C04448,Oil Change,Completed,5,1370
SV005764,2025-03-01 00:00:00,D042,V018,C05394,Repair,Completed,5,3001
SV005765,2025-09-03 00:00:00,D022,V015,C01128,General Service,Completed,3,2840
SV005766,2026-02-01 00:00:00,D049,V019,C00601,Periodic Maintenance,Completed,4,7482
SV005767,2025-09-10 00:00:00,D051,V019,C03478,General Service,Pending,4,1561
SV005768,2026-08-15 00:00:00,D016,V016,C00823,Oil Change,Completed,4,2460
SV005769,2026-04-21 00:00:00,D013,V014,C00993,Repair,Completed,4,1814
SV005770,2025-11-08 00:00:00,D030,V004,C02674,General Service,Completed,3,4063
SV005771,2026-11-05 00:00:00,D032,V009,C03960,Periodic Maintenance,Completed,5,1329
SV005772,2025-10-10 00:00:00,D054,V001,C05961,Periodic Maintenance,Completed,5,3086
SV005773,2026-05-05 00:00:00,D048,V012,C05708,General Service,Completed,5,3134
SV005774,2026-02-03 00:00:00,D035,V018,C00699,General Service,Completed,5,2634
SV005775,2026-09-24 00:00:00,D025,V018,C04092,Repair,Cancelled,4,2268
SV005776,2026-03-02 00:00:00,D022,V009,C02943,Periodic Maintenance,Completed,5,2366
SV005777,2026-11-09 00:00:00,D051,V001,C03194,Oil Change,Completed,4,1240
SV005778,2026-08-16 00:00:00,D001,V016,C03308,Periodic Maintenance,Completed,3,3255
SV005779,2025-08-12 00:00:00,D017,V017,C02061,General Service,Completed,5,2111
SV005780,2025-02-28 00:00:00,D038,V008,C05076,Warranty,Pending,4,16656
SV005781,2026-05-25 00:00:00,D015,V012,C00193,Repair,Completed,4,2905
SV005782,2026-12-31 00:00:00,D003,V016,C00490,General Service,Completed,5,1639
SV005783,2025-12-20 00:00:00,D016,V005,C05935,Periodic Maintenance,Completed,5,2648
SV005784,2025-05-07 00:00:00,D016,V015,C01744,Periodic Maintenance,Pending,5,3244
SV005785,2026-01-20 00:00:00,D049,V003,C00946,General Service,Completed,5,2741
SV005786,2025-07-04 00:00:00,D050,V004,C00450,Repair,Completed,5,2416
SV005787,2026-06-23 00:00:00,D048,V008,C05732,Periodic Maintenance,Completed,5,1475
SV005788,2025-11-14 00:00:00,D022,V018,C01395,Periodic Maintenance,Completed,4,3810
SV005789,2026-12-16 00:00:00,D003,V005,C01251,Oil Change,Cancelled,4,1760
SV005790,2026-09-28 00:00:00,D001,V001,C05248,Repair,Completed,5,2855
SV005791,2025-05-15 00:00:00,D017,V014,C03702,Repair,Cancelled,4,3432
SV005792,2025-01-09 00:00:00,D029,V007,C01961,Repair,Completed,5,13883
SV005793,2026-03-23 00:00:00,D032,V014,C04947,Warranty,Completed,5,1513
SV005794,2026-06-19 00:00:00,D023,V015,C02409,General Service,Completed,3,6949
SV005795,2026-01-11 00:00:00,D042,V010,C01662,Repair,Completed,2,1532
SV005796,2026-06-05 00:00:00,D025,V020,C02690,Repair,Completed,5,3843
SV005797,2026-08-19 00:00:00,D046,V003,C03584,Warranty,Completed,4,1749
SV005798,2026-09-25 00:00:00,D019,V010,C05824,Repair,Cancelled,3,3901
SV005799,2025-05-13 00:00:00,D055,V011,C01427,General Service,Completed,4,2543
SV005800,2025-04-22 00:00:00,D026,V008,C02756,Oil Change,Completed,5,5262
SV005801,2025-12-14 00:00:00,D034,V018,C03340,Oil Change,Completed,5,2463
SV005802,2026-05-19 00:00:00,D023,V010,C05245,Warranty,Completed,1,2585
SV005803,2026-02-19 00:00:00,D012,V018,C05867,Warranty,Completed,5,9653
SV005804,2026-06-05 00:00:00,D042,V017,C05990,Warranty,Completed,3,3822
SV005805,2025-01-09 00:00:00,D035,V019,C05599,Repair,Completed,4,3248
SV005806,2026-08-08 00:00:00,D028,V019,C01342,Oil Change,Pending,2,15310
SV005807,2025-08-26 00:00:00,D020,V020,C04164,General Service,Completed,1,1463
SV005808,2025-11-14 00:00:00,D005,V019,C04159,General Service,Completed,4,2860
SV005809,2026-05-27 00:00:00,D036,V015,C00998,Oil Change,Completed,5,1981
SV005810,2026-09-16 00:00:00,D042,V001,C00513,Oil Change,Completed,5,1966
SV005811,2025-06-01 00:00:00,D001,V001,C02450,Warranty,Completed,3,3295
SV005812,2025-08-21 00:00:00,D006,V007,C02912,General Service,Completed,4,1335
SV005813,2025-07-28 00:00:00,D029,V017,C04668,General Service,Completed,3,3799
SV005814,2026-09-18 00:00:00,D016,V010,C01962,Periodic Maintenance,Completed,4,1877
SV005815,2026-03-21 00:00:00,D033,V014,C05872,General Service,Completed,5,6570
SV005816,2025-05-12 00:00:00,D022,V018,C05678,Periodic Maintenance,Cancelled,4,1532
SV005817,2026-04-10 00:00:00,D034,V014,C02610,Oil Change,Completed,3,3363
SV005818,2025-04-28 00:00:00,D003,V013,C02499,Repair,Completed,4,2317
SV005819,2025-12-21 00:00:00,D039,V008,C05844,Periodic Maintenance,Completed,4,3577
SV005820,2026-01-09 00:00:00,D038,V017,C04173,Periodic Maintenance,Completed,5,1933
SV005821,2026-12-10 00:00:00,D030,V002,C02862,Periodic Maintenance,Completed,4,4432
SV005822,2025-05-20 00:00:00,D054,V007,C04086,Repair,Completed,5,1966
SV005823,2026-03-03 00:00:00,D054,V019,C02965,Repair,Completed,4,2224
SV005824,2025-06-22 00:00:00,D026,V015,C02517,General Service,Completed,5,2152
SV005825,2026-10-29 00:00:00,D024,V020,C02026,Repair,Completed,5,1703
SV005826,2026-01-10 00:00:00,D012,V017,C02614,Warranty,Completed,4,2283
SV005827,2025-04-15 00:00:00,D018,V002,C05313,Periodic Maintenance,Pending,4,4720
SV005828,2026-01-14 00:00:00,D010,V017,C02009,General Service,Completed,5,1387
SV005829,2026-07-26 00:00:00,D026,V011,C05351,Periodic Maintenance,Pending,4,3200
SV005830,2026-06-06 00:00:00,D049,V017,C02223,Periodic Maintenance,Completed,4,3793
SV005831,2025-10-05 00:00:00,D001,V001,C04504,Oil Change,Completed,1,1519
SV005832,2025-05-29 00:00:00,D003,V010,C02163,Oil Change,Completed,5,2583
SV005833,2026-01-24 00:00:00,D001,V006,C00314,Periodic Maintenance,Completed,3,1253
SV005834,2026-09-12 00:00:00,D045,V011,C02578,Oil Change,Completed,5,1150
SV005835,2025-07-14 00:00:00,D004,V010,C01621,General Service,Completed,5,4871
SV005836,2026-07-30 00:00:00,D047,V016,C00593,Periodic Maintenance,Pending,4,1563
SV005837,2025-03-12 00:00:00,D002,V020,C02522,Periodic Maintenance,Completed,5,2250
SV005838,2025-10-09 00:00:00,D014,V015,C04217,Repair,Completed,1,2090
SV005839,2025-07-11 00:00:00,D030,V016,C03643,Periodic Maintenance,Completed,5,2149
SV005840,2025-09-30 00:00:00,D005,V006,C05197,Repair,Completed,3,3817
SV005841,2026-07-27 00:00:00,D033,V011,C05953,General Service,Completed,5,2126
SV005842,2025-12-31 00:00:00,D007,V019,C00041,General Service,Completed,5,5855
SV005843,2025-05-24 00:00:00,D009,V008,C00185,Oil Change,Completed,5,3690
SV005844,2025-07-18 00:00:00,D058,V019,C05722,Oil Change,Completed,3,2527
SV005845,2026-10-31 00:00:00,D053,V006,C00942,Oil Change,Completed,4,3376
SV005846,2025-08-03 00:00:00,D001,V009,C01040,Periodic Maintenance,Completed,3,1916
SV005847,2025-11-02 00:00:00,D040,V013,C05874,Oil Change,Completed,4,2689
SV005848,2026-02-20 00:00:00,D055,V010,C00919,Warranty,Completed,5,1261
SV005849,2025-08-30 00:00:00,D020,V020,C05896,Periodic Maintenance,Completed,4,4859
SV005850,2025-07-08 00:00:00,D023,V006,C05118,Periodic Maintenance,Pending,5,7961
SV005851,2025-02-13 00:00:00,D058,V012,C04399,Warranty,Completed,5,4947
SV005852,2025-07-20 00:00:00,D016,V004,C00756,Periodic Maintenance,Completed,5,1814
SV005853,2026-01-14 00:00:00,D011,V012,C00019,General Service,Pending,1,2223
SV005854,2025-07-11 00:00:00,D060,V002,C02343,Periodic Maintenance,Completed,3,6605
SV005855,2025-07-21 00:00:00,D012,V008,C01073,General Service,Completed,5,1965
SV005856,2026-01-26 00:00:00,D055,V015,C05308,Repair,Cancelled,4,3620
SV005857,2026-06-19 00:00:00,D051,V007,C01030,General Service,Completed,4,1164
SV005858,2025-05-18 00:00:00,D047,V013,C01637,Warranty,Completed,5,2487
SV005859,2025-09-16 00:00:00,D056,V002,C01944,Repair,Completed,5,1791
SV005860,2025-10-30 00:00:00,D047,V013,C00477,Periodic Maintenance,Completed,5,3643
SV005861,2025-02-20 00:00:00,D005,V001,C04568,Oil Change,Completed,5,2116
SV005862,2026-10-11 00:00:00,D057,V014,C01193,Oil Change,Completed,2,916
SV005863,2026-12-14 00:00:00,D032,V008,C02003,General Service,Completed,4,2320
SV005864,2025-04-22 00:00:00,D035,V006,C00688,Warranty,Pending,5,1041
SV005865,2025-12-07 00:00:00,D008,V010,C02151,Periodic Maintenance,Cancelled,5,2638
SV005866,2026-06-09 00:00:00,D001,V014,C01596,Periodic Maintenance,Completed,5,6002
SV005867,2025-05-03 00:00:00,D022,V005,C02888,Warranty,Completed,5,3051
SV005868,2025-10-04 00:00:00,D054,V012,C00864,Periodic Maintenance,Completed,4,2910
SV005869,2026-09-08 00:00:00,D048,V007,C02158,Oil Change,Completed,5,4615
SV005870,2025-12-11 00:00:00,D025,V012,C00709,Repair,Completed,3,2134
SV005871,2025-06-11 00:00:00,D046,V009,C01607,General Service,Completed,3,3430
SV005872,2026-06-27 00:00:00,D055,V012,C04242,Oil Change,Completed,3,1394
SV005873,2026-10-27 00:00:00,D003,V008,C03507,General Service,Completed,5,2660
SV005874,2025-07-19 00:00:00,D034,V002,C01321,General Service,Completed,2,956
SV005875,2026-12-27 00:00:00,D021,V013,C01631,General Service,Cancelled,5,1640
SV005876,2026-12-28 00:00:00,D036,V010,C04025,Periodic Maintenance,Completed,4,4911
SV005877,2026-08-23 00:00:00,D012,V002,C01412,Periodic Maintenance,Completed,4,1426
SV005878,2026-02-23 00:00:00,D027,V007,C04344,Warranty,Completed,5,2778
SV005879,2025-11-30 00:00:00,D017,V001,C02352,Oil Change,Completed,4,1598
SV005880,2026-01-07 00:00:00,D046,V008,C02874,Oil Change,Completed,3,3124
SV005881,2026-10-10 00:00:00,D048,V019,C05191,Warranty,Completed,4,5450
SV005882,2025-11-23 00:00:00,D037,V002,C04771,General Service,Pending,5,1632
SV005883,2026-11-28 00:00:00,D016,V004,C03602,General Service,Completed,5,2826
SV005884,2026-09-24 00:00:00,D056,V020,C03244,Periodic Maintenance,Completed,1,1490
SV005885,2025-02-13 00:00:00,D057,V003,C02682,General Service,Completed,5,4395
SV005886,2025-09-19 00:00:00,D001,V005,C03501,General Service,Completed,5,2154
SV005887,2026-11-20 00:00:00,D044,V008,C02044,Oil Change,Completed,4,4241
SV005888,2025-05-02 00:00:00,D001,V014,C02150,Oil Change,Completed,4,4294
SV005889,2026-04-22 00:00:00,D027,V008,C05779,Oil Change,Pending,3,1586
SV005890,2025-11-21 00:00:00,D009,V014,C00012,Oil Change,Completed,1,1535
SV005891,2026-12-25 00:00:00,D032,V005,C04613,Oil Change,Completed,2,1546
SV005892,2026-12-29 00:00:00,D024,V015,C02513,General Service,Completed,1,1655
SV005893,2025-05-18 00:00:00,D055,V003,C01660,General Service,Completed,5,6194
SV005894,2025-05-31 00:00:00,D043,V015,C02828,General Service,Completed,5,2959
SV005895,2026-11-17 00:00:00,D059,V009,C05717,General Service,Completed,1,3212
SV005896,2026-07-19 00:00:00,D008,V016,C04112,Oil Change,Completed,4,2840
SV005897,2025-07-23 00:00:00,D001,V007,C00139,General Service,Cancelled,3,4193
SV005898,2025-11-02 00:00:00,D012,V016,C03415,General Service,Completed,4,4754
SV005899,2025-08-20 00:00:00,D052,V012,C02045,General Service,Completed,4,4020
SV005900,2025-09-22 00:00:00,D044,V011,C01016,Warranty,Completed,3,2060
SV005901,2025-01-17 00:00:00,D044,V004,C03790,Repair,Completed,4,1058
SV005902,2026-04-07 00:00:00,D037,V002,C05088,Oil Change,Pending,5,1597
SV005903,2026-04-05 00:00:00,D016,V006,C05900,Warranty,Completed,1,3602
SV005904,2025-08-23 00:00:00,D016,V018,C05676,Oil Change,Completed,4,2746
SV005905,2025-07-04 00:00:00,D033,V003,C01379,General Service,Cancelled,3,2343
SV005906,2025-10-23 00:00:00,D001,V017,C05419,General Service,Completed,5,2542
SV005907,2025-07-25 00:00:00,D024,V012,C04285,General Service,Completed,3,886
SV005908,2025-10-27 00:00:00,D028,V016,C04642,Repair,Pending,5,2876
SV005909,2025-12-28 00:00:00,D040,V008,C04035,Periodic Maintenance,Completed,3,1483
SV005910,2025-03-18 00:00:00,D005,V001,C03194,Repair,Completed,5,961
SV005911,2025-12-03 00:00:00,D012,V015,C01583,Oil Change,Completed,5,2423
SV005912,2025-11-04 00:00:00,D053,V020,C01959,Repair,Completed,5,1846
SV005913,2025-04-03 00:00:00,D055,V009,C05906,Periodic Maintenance,Pending,5,1239
SV005914,2025-08-09 00:00:00,D005,V003,C01557,Periodic Maintenance,Completed,5,3587
SV005915,2026-04-13 00:00:00,D049,V003,C03482,Repair,Completed,2,1818
SV005916,2025-06-10 00:00:00,D050,V019,C05713,Repair,Completed,4,3288
SV005917,2025-08-14 00:00:00,D009,V010,C02010,Oil Change,Completed,4,537
SV005918,2026-12-24 00:00:00,D008,V009,C02116,Periodic Maintenance,Completed,4,2312
SV005919,2026-01-19 00:00:00,D056,V010,C05859,Warranty,Completed,5,4773
SV005920,2025-06-22 00:00:00,D039,V007,C03791,Repair,Completed,5,2830
SV005921,2025-10-24 00:00:00,D014,V008,C03191,Periodic Maintenance,Completed,5,4515
SV005922,2026-11-22 00:00:00,D049,V015,C04377,General Service,Completed,4,4510
SV005923,2026-06-07 00:00:00,D032,V006,C00776,General Service,Cancelled,3,3480
SV005924,2025-03-25 00:00:00,D035,V010,C03783,General Service,Completed,2,2680
SV005925,2025-03-22 00:00:00,D053,V003,C03412,Periodic Maintenance,Completed,5,4202
SV005926,2026-07-23 00:00:00,D002,V002,C02930,General Service,Completed,5,2737
SV005927,2026-06-09 00:00:00,D029,V018,C04567,Repair,Completed,3,1293
SV005928,2025-10-17 00:00:00,D033,V009,C04196,Periodic Maintenance,Pending,5,3927
SV005929,2025-03-01 00:00:00,D022,V014,C03690,Repair,Completed,1,4225
SV005930,2025-05-21 00:00:00,D034,V012,C02633,General Service,Completed,4,3062
SV005931,2026-08-16 00:00:00,D052,V014,C05410,Warranty,Completed,4,1287
SV005932,2025-06-11 00:00:00,D044,V001,C01567,Periodic Maintenance,Completed,3,5902
SV005933,2026-03-16 00:00:00,D012,V009,C00142,General Service,Completed,4,2601
SV005934,2025-05-13 00:00:00,D010,V020,C00974,Warranty,Completed,4,3183
SV005935,2026-05-06 00:00:00,D029,V012,C01077,Warranty,Completed,4,3889
SV005936,2025-08-19 00:00:00,D053,V002,C04981,Repair,Completed,4,2902
SV005937,2026-09-10 00:00:00,D022,V017,C05289,General Service,Completed,5,869
SV005938,2025-11-28 00:00:00,D014,V003,C02449,General Service,Completed,5,1004
SV005939,2025-06-02 00:00:00,D034,V016,C02274,General Service,Completed,1,7651
SV005940,2026-04-02 00:00:00,D059,V009,C01582,Warranty,Completed,3,3722
SV005941,2025-06-29 00:00:00,D059,V008,C03215,Repair,Completed,2,2758
SV005942,2025-01-06 00:00:00,D053,V014,C00789,General Service,Completed,3,2458
SV005943,2025-05-13 00:00:00,D059,V002,C00876,General Service,Completed,4,4348
SV005944,2025-08-12 00:00:00,D014,V011,C05258,Repair,Completed,3,1720
SV005945,2025-08-17 00:00:00,D008,V019,C02004,General Service,Completed,4,6203
SV005946,2026-08-25 00:00:00,D051,V009,C01994,Repair,Completed,5,1310
SV005947,2026-07-24 00:00:00,D040,V011,C05004,Oil Change,Completed,5,2516
SV005948,2026-12-30 00:00:00,D049,V011,C02204,Oil Change,Completed,4,3916
SV005949,2025-08-27 00:00:00,D039,V008,C02664,General Service,Completed,4,3419
SV005950,2025-09-07 00:00:00,D015,V010,C04934,General Service,Cancelled,5,4065
SV005951,2026-11-13 00:00:00,D017,V014,C02361,General Service,Completed,4,4292
SV005952,2026-08-23 00:00:00,D026,V009,C04576,Oil Change,Completed,5,2360
SV005953,2025-11-13 00:00:00,D051,V015,C00125,Repair,Completed,4,2175
SV005954,2026-11-05 00:00:00,D042,V008,C03966,Periodic Maintenance,Completed,4,2331
SV005955,2025-06-27 00:00:00,D051,V007,C02908,General Service,Completed,1,4554
SV005956,2026-06-12 00:00:00,D015,V011,C03812,General Service,Completed,5,3800
SV005957,2025-01-19 00:00:00,D017,V005,C03731,Periodic Maintenance,Completed,3,13970
SV005958,2025-11-10 00:00:00,D011,V019,C03384,Repair,Completed,3,1697
SV005959,2025-05-10 00:00:00,D033,V005,C01549,General Service,Completed,2,4716
SV005960,2025-01-11 00:00:00,D056,V012,C04676,Warranty,Completed,4,2089
SV005961,2025-03-08 00:00:00,D036,V017,C02683,Warranty,Completed,4,2242
SV005962,2026-06-03 00:00:00,D008,V007,C03756,Oil Change,Completed,5,875
SV005963,2025-07-03 00:00:00,D052,V003,C05888,Periodic Maintenance,Completed,5,2857
SV005964,2026-09-16 00:00:00,D058,V010,C04262,Oil Change,Completed,5,11013
SV005965,2026-08-11 00:00:00,D053,V007,C04598,General Service,Completed,5,1899
SV005966,2026-09-20 00:00:00,D027,V006,C05746,General Service,Cancelled,5,4278
SV005967,2026-10-22 00:00:00,D031,V015,C02181,General Service,Completed,5,745
SV005968,2026-12-21 00:00:00,D022,V010,C01173,Periodic Maintenance,Completed,5,2602
SV005969,2025-08-30 00:00:00,D044,V014,C01777,General Service,Completed,4,2149
SV005970,2026-07-29 00:00:00,D001,V006,C05169,Warranty,Completed,5,2623
SV005971,2025-03-03 00:00:00,D012,V015,C04553,Warranty,Completed,4,1590
SV005972,2025-10-03 00:00:00,D016,V015,C02120,Periodic Maintenance,Completed,5,1667
SV005973,2025-06-30 00:00:00,D002,V001,C05991,Periodic Maintenance,Completed,1,2247
SV005974,2025-01-17 00:00:00,D021,V006,C05674,Repair,Completed,5,4144
SV005975,2026-04-15 00:00:00,D036,V019,C04518,Repair,Pending,5,4864
SV005976,2026-12-19 00:00:00,D012,V005,C05143,Oil Change,Cancelled,5,1258
SV005977,2025-08-13 00:00:00,D002,V001,C02214,General Service,Completed,4,2928
SV005978,2025-03-15 00:00:00,D019,V016,C03694,Oil Change,Completed,4,3616
SV005979,2026-07-10 00:00:00,D053,V016,C04397,General Service,Completed,5,1880
SV005980,2025-08-21 00:00:00,D027,V015,C04735,Repair,Completed,5,3211
SV005981,2025-08-18 00:00:00,D023,V013,C01819,Periodic Maintenance,Completed,5,1978
SV005982,2026-12-25 00:00:00,D002,V004,C01901,General Service,Completed,5,2054
SV005983,2025-06-19 00:00:00,D035,V016,C03699,Oil Change,Completed,3,614
SV005984,2026-12-31 00:00:00,D046,V015,C04015,General Service,Completed,5,4985
SV005985,2025-04-20 00:00:00,D059,V015,C01684,General Service,Completed,5,2217
SV005986,2026-08-24 00:00:00,D025,V019,C05729,General Service,Completed,5,5555
SV005987,2025-09-15 00:00:00,D004,V008,C02591,Periodic Maintenance,Pending,4,4360
SV005988,2026-10-30 00:00:00,D046,V003,C03532,Periodic Maintenance,Pending,5,2157
SV005989,2025-05-31 00:00:00,D028,V009,C05013,General Service,Completed,5,4892
SV005990,2025-01-19 00:00:00,D032,V004,C00753,General Service,Completed,4,1907
SV005991,2026-11-07 00:00:00,D058,V020,C03658,Warranty,Completed,3,2602
SV005992,2026-04-14 00:00:00,D019,V004,C01472,Repair,Completed,4,5524
SV005993,2026-06-02 00:00:00,D018,V005,C03196,Periodic Maintenance,Completed,3,1011
SV005994,2026-02-21 00:00:00,D023,V004,C02270,Periodic Maintenance,Completed,5,1551
SV005995,2025-03-30 00:00:00,D002,V002,C05249,Repair,Completed,4,6396
SV005996,2026-06-05 00:00:00,D010,V016,C02142,General Service,Completed,4,3308
SV005997,2025-05-06 00:00:00,D029,V008,C04372,Oil Change,Completed,4,3248
SV005998,2025-12-09 00:00:00,D045,V011,C02816,Warranty,Completed,5,2341
SV005999,2026-03-06 00:00:00,D013,V007,C03890,General Service,Completed,4,1543
SV006000,2025-12-14 00:00:00,D014,V008,C00512,Oil Change,Completed,5,2952
SV006001,2025-09-08 00:00:00,D011,V019,C02559,Repair,Completed,5,3071
SV006002,2025-08-19 00:00:00,D027,V004,C03222,General Service,Pending,5,4006
SV006003,2025-11-16 00:00:00,D016,V016,C02555,Repair,Completed,5,4421
SV006004,2026-03-14 00:00:00,D039,V013,C00821,General Service,Completed,5,2117
SV006005,2025-02-10 00:00:00,D033,V010,C00488,Periodic Maintenance,Completed,5,1087
SV006006,2026-10-16 00:00:00,D038,V014,C04385,Repair,Completed,5,3075
SV006007,2026-11-06 00:00:00,D002,V005,C02507,General Service,Completed,3,3511
SV006008,2026-01-17 00:00:00,D003,V010,C03641,Warranty,Pending,3,1801
SV006009,2025-02-15 00:00:00,D036,V014,C02873,Repair,Pending,1,3948
SV006010,2025-01-23 00:00:00,D059,V018,C04805,Repair,Completed,5,2769
SV006011,2025-09-07 00:00:00,D018,V018,C03191,Periodic Maintenance,Completed,5,2273
SV006012,2026-09-05 00:00:00,D040,V011,C02997,Repair,Completed,5,2261
SV006013,2026-04-25 00:00:00,D039,V019,C04237,Periodic Maintenance,Completed,5,2157
SV006014,2026-11-13 00:00:00,D044,V018,C03849,General Service,Completed,5,6034
SV006015,2025-11-27 00:00:00,D016,V003,C03435,Repair,Completed,5,2545
SV006016,2026-06-02 00:00:00,D009,V011,C03622,Warranty,Completed,5,1510
SV006017,2025-09-13 00:00:00,D058,V020,C02873,Oil Change,Completed,5,1565
SV006018,2025-01-29 00:00:00,D022,V016,C00888,Periodic Maintenance,Completed,4,1880
SV006019,2025-07-24 00:00:00,D011,V006,C05760,Oil Change,Pending,5,5872
SV006020,2026-10-11 00:00:00,D016,V018,C00085,Repair,Completed,4,2343
SV006021,2026-11-06 00:00:00,D022,V006,C02347,General Service,Completed,5,4041
SV006022,2025-05-30 00:00:00,D008,V007,C01946,Oil Change,Completed,3,1199
SV006023,2025-02-25 00:00:00,D007,V002,C00056,General Service,Completed,4,1119
SV006024,2025-08-30 00:00:00,D001,V010,C02751,Warranty,Completed,5,3187
SV006025,2025-03-25 00:00:00,D035,V008,C03391,Periodic Maintenance,Completed,5,1016
SV006026,2026-07-13 00:00:00,D046,V005,C02755,Oil Change,Completed,5,1733
SV006027,2026-06-22 00:00:00,D049,V010,C02547,General Service,Completed,5,2120
SV006028,2026-10-29 00:00:00,D011,V005,C04743,General Service,Completed,5,1671
SV006029,2026-07-03 00:00:00,D005,V007,C00439,Oil Change,Completed,5,1879
SV006030,2026-06-28 00:00:00,D010,V016,C02260,General Service,Completed,5,4137
SV006031,2025-03-12 00:00:00,D029,V003,C03157,General Service,Pending,4,2847
SV006032,2025-03-19 00:00:00,D038,V017,C05216,Periodic Maintenance,Completed,5,2811
SV006033,2026-09-04 00:00:00,D016,V010,C05789,Oil Change,Completed,1,4584
SV006034,2025-05-21 00:00:00,D044,V020,C00820,Oil Change,Completed,5,1842
SV006035,2025-02-04 00:00:00,D039,V015,C03497,General Service,Completed,3,2012
SV006036,2026-12-07 00:00:00,D045,V012,C05894,General Service,Completed,5,6410
SV006037,2026-11-14 00:00:00,D023,V013,C02976,Periodic Maintenance,Completed,5,922
SV006038,2025-05-04 00:00:00,D005,V018,C02450,General Service,Completed,4,1162
SV006039,2026-12-01 00:00:00,D033,V010,C05117,Periodic Maintenance,Completed,5,1703
SV006040,2025-04-21 00:00:00,D048,V012,C01573,Repair,Completed,3,1659
SV006041,2025-08-31 00:00:00,D011,V011,C02763,General Service,Cancelled,4,2544
SV006042,2026-10-14 00:00:00,D057,V016,C05673,General Service,Completed,4,1971
SV006043,2025-10-27 00:00:00,D053,V020,C04292,Repair,Completed,1,3634
SV006044,2025-07-01 00:00:00,D023,V005,C05336,Periodic Maintenance,Pending,3,3836
SV006045,2026-09-18 00:00:00,D057,V002,C00504,Repair,Completed,5,2979
SV006046,2026-10-16 00:00:00,D055,V012,C04090,General Service,Completed,5,1995
SV006047,2026-10-29 00:00:00,D060,V016,C04776,Periodic Maintenance,Completed,5,2451
SV006048,2026-12-18 00:00:00,D037,V017,C00630,General Service,Completed,4,3079
SV006049,2025-06-09 00:00:00,D010,V002,C05453,Oil Change,Completed,5,1235
SV006050,2026-01-31 00:00:00,D050,V003,C04614,Repair,Completed,5,2664
SV006051,2025-11-15 00:00:00,D056,V004,C04561,General Service,Completed,4,10509
SV006052,2025-12-18 00:00:00,D006,V003,C05787,Warranty,Completed,4,3625
SV006053,2026-11-23 00:00:00,D029,V005,C04085,General Service,Completed,5,2485
SV006054,2025-12-01 00:00:00,D043,V008,C01720,Periodic Maintenance,Completed,3,5505
SV006055,2025-06-12 00:00:00,D035,V013,C01570,General Service,Completed,2,3271
SV006056,2025-04-10 00:00:00,D021,V004,C05591,Repair,Completed,5,1996
SV006057,2025-09-09 00:00:00,D036,V005,C00822,Periodic Maintenance,Completed,5,8212
SV006058,2026-02-17 00:00:00,D029,V019,C02315,Oil Change,Completed,5,2623
SV006059,2025-01-22 00:00:00,D027,V018,C02485,Periodic Maintenance,Completed,5,854
SV006060,2025-06-25 00:00:00,D051,V012,C00608,Warranty,Completed,5,2850
SV006061,2026-11-13 00:00:00,D055,V011,C04287,Periodic Maintenance,Cancelled,5,1820
SV006062,2025-07-07 00:00:00,D039,V007,C00046,Warranty,Completed,4,3343
SV006063,2025-01-27 00:00:00,D037,V014,C02825,Repair,Completed,5,4385
SV006064,2025-08-30 00:00:00,D029,V014,C02517,Oil Change,Completed,5,4653
SV006065,2026-09-20 00:00:00,D022,V018,C00078,General Service,Completed,3,3610
SV006066,2026-08-29 00:00:00,D032,V009,C01299,Oil Change,Completed,5,3894
SV006067,2025-08-01 00:00:00,D030,V016,C05731,General Service,Completed,5,2091
SV006068,2025-01-18 00:00:00,D046,V003,C05365,Warranty,Completed,1,1672
SV006069,2026-07-22 00:00:00,D034,V008,C02717,Oil Change,Completed,4,1548
SV006070,2026-11-07 00:00:00,D048,V007,C00128,Oil Change,Completed,5,2390
SV006071,2026-03-24 00:00:00,D047,V008,C01494,Warranty,Completed,5,2030
SV006072,2025-12-11 00:00:00,D008,V002,C03418,Repair,Completed,4,2035
SV006073,2026-10-12 00:00:00,D007,V005,C05643,Repair,Pending,4,2227
SV006074,2026-10-24 00:00:00,D013,V002,C04682,General Service,Cancelled,5,3578
SV006075,2026-10-02 00:00:00,D011,V018,C04087,Periodic Maintenance,Completed,5,4553
SV006076,2026-01-31 00:00:00,D059,V010,C04471,Warranty,Completed,5,7104
SV006077,2026-10-17 00:00:00,D046,V018,C03667,Oil Change,Completed,4,4120
SV006078,2026-04-05 00:00:00,D038,V016,C00539,Periodic Maintenance,Completed,5,2023
SV006079,2025-05-19 00:00:00,D021,V013,C01900,Oil Change,Completed,5,2488
SV006080,2026-01-13 00:00:00,D006,V001,C05376,Warranty,Completed,4,2520
SV006081,2026-02-25 00:00:00,D044,V017,C05990,General Service,Completed,4,2847
SV006082,2025-06-24 00:00:00,D024,V008,C05789,Periodic Maintenance,Completed,4,3399
SV006083,2025-05-16 00:00:00,D038,V010,C03646,Warranty,Completed,5,3159
SV006084,2026-12-20 00:00:00,D001,V014,C04198,General Service,Completed,5,1119
SV006085,2026-10-30 00:00:00,D048,V011,C05339,Warranty,Completed,5,1040
SV006086,2026-03-02 00:00:00,D039,V019,C05279,General Service,Completed,2,4763
SV006087,2025-10-09 00:00:00,D002,V018,C01376,Periodic Maintenance,Completed,3,5629
SV006088,2026-09-25 00:00:00,D027,V011,C02451,General Service,Completed,4,1758
SV006089,2025-06-27 00:00:00,D029,V019,C02064,Oil Change,Completed,4,847
SV006090,2026-06-29 00:00:00,D023,V010,C05292,Periodic Maintenance,Completed,4,2374
SV006091,2026-12-07 00:00:00,D041,V008,C00066,Repair,Completed,4,1957
SV006092,2025-12-28 00:00:00,D014,V018,C02529,Oil Change,Completed,1,2072
SV006093,2026-06-14 00:00:00,D060,V020,C02428,Repair,Completed,2,1895
SV006094,2025-03-16 00:00:00,D049,V019,C05034,Warranty,Completed,5,2815
SV006095,2026-06-11 00:00:00,D055,V007,C05131,Oil Change,Completed,5,2385
SV006096,2025-03-03 00:00:00,D014,V002,C02267,General Service,Completed,5,1492
SV006097,2025-10-13 00:00:00,D007,V007,C04669,Periodic Maintenance,Cancelled,5,752
SV006098,2026-03-28 00:00:00,D013,V005,C01844,Oil Change,Completed,5,2321
SV006099,2026-10-02 00:00:00,D056,V017,C01252,General Service,Completed,4,2144
SV006100,2025-08-11 00:00:00,D059,V005,C00465,Warranty,Completed,5,1141
SV006101,2026-09-29 00:00:00,D056,V012,C00815,General Service,Completed,5,2947
SV006102,2026-05-22 00:00:00,D014,V007,C01108,General Service,Completed,5,1947
SV006103,2026-11-04 00:00:00,D017,V014,C04522,Repair,Completed,5,1971
SV006104,2025-11-15 00:00:00,D033,V012,C04225,General Service,Completed,5,2038
SV006105,2026-04-11 00:00:00,D028,V020,C01298,Oil Change,Completed,5,1372
SV006106,2025-06-06 00:00:00,D038,V017,C00154,Repair,Completed,3,2815
SV006107,2025-09-27 00:00:00,D035,V018,C01314,Repair,Completed,5,4004
SV006108,2026-09-14 00:00:00,D058,V008,C03921,General Service,Completed,5,2738
SV006109,2025-12-06 00:00:00,D033,V003,C05509,Repair,Completed,5,2133
SV006110,2025-08-25 00:00:00,D001,V015,C05515,General Service,Completed,5,2168
SV006111,2026-12-25 00:00:00,D033,V019,C00447,Warranty,Completed,5,1307
SV006112,2026-09-07 00:00:00,D046,V012,C01424,Oil Change,Completed,4,3344
SV006113,2026-05-27 00:00:00,D024,V005,C00591,General Service,Completed,3,1552
SV006114,2025-05-27 00:00:00,D058,V015,C05857,General Service,Pending,4,2651
SV006115,2026-09-24 00:00:00,D044,V012,C05591,Periodic Maintenance,Completed,5,1083
SV006116,2025-06-12 00:00:00,D054,V018,C03716,Repair,Completed,5,2247
SV006117,2025-01-07 00:00:00,D015,V013,C04583,General Service,Completed,4,1389
SV006118,2026-10-27 00:00:00,D015,V010,C05428,General Service,Completed,3,1808
SV006119,2026-06-19 00:00:00,D005,V009,C01267,Repair,Completed,3,1929
SV006120,2026-07-07 00:00:00,D037,V004,C04830,Warranty,Completed,4,2681
SV006121,2026-10-23 00:00:00,D015,V003,C00154,Oil Change,Completed,4,3698
SV006122,2025-08-01 00:00:00,D042,V009,C03022,Warranty,Pending,4,1249
SV006123,2025-07-27 00:00:00,D053,V017,C05629,Repair,Completed,4,1007
SV006124,2025-05-31 00:00:00,D028,V017,C00098,Periodic Maintenance,Completed,2,1034
SV006125,2025-04-19 00:00:00,D051,V008,C03597,Warranty,Completed,5,3741
SV006126,2026-09-21 00:00:00,D001,V014,C04215,Oil Change,Completed,3,1896
SV006127,2025-01-19 00:00:00,D048,V013,C02110,Warranty,Completed,4,3016
SV006128,2026-05-10 00:00:00,D031,V003,C00753,Periodic Maintenance,Completed,5,4376
SV006129,2025-03-05 00:00:00,D006,V011,C01378,Periodic Maintenance,Completed,5,2166
SV006130,2025-09-21 00:00:00,D034,V012,C03424,General Service,Completed,5,1696
SV006131,2025-06-23 00:00:00,D006,V020,C04108,General Service,Completed,5,2205
SV006132,2026-06-28 00:00:00,D057,V020,C04374,Periodic Maintenance,Completed,4,3430
SV006133,2026-12-23 00:00:00,D045,V009,C02898,General Service,Completed,4,1956
SV006134,2026-02-08 00:00:00,D055,V004,C02919,General Service,Completed,3,1637
SV006135,2025-03-17 00:00:00,D043,V008,C01199,Oil Change,Completed,4,1269
SV006136,2025-04-16 00:00:00,D041,V003,C02206,Periodic Maintenance,Pending,1,3178
SV006137,2025-08-12 00:00:00,D019,V012,C00696,General Service,Completed,4,1533
SV006138,2025-11-17 00:00:00,D011,V020,C05394,General Service,Completed,2,1431
SV006139,2026-07-21 00:00:00,D043,V005,C04310,Periodic Maintenance,Completed,3,10162
SV006140,2025-01-24 00:00:00,D059,V016,C01090,Periodic Maintenance,Completed,5,3073
SV006141,2025-11-30 00:00:00,D025,V020,C04449,Repair,Completed,2,3180
SV006142,2026-10-19 00:00:00,D038,V015,C03013,Warranty,Completed,5,2405
SV006143,2025-02-17 00:00:00,D037,V017,C00657,General Service,Completed,5,1439
SV006144,2025-08-10 00:00:00,D030,V011,C00973,Warranty,Completed,5,3979
SV006145,2025-05-02 00:00:00,D040,V003,C04970,Repair,Completed,4,6140
SV006146,2026-11-29 00:00:00,D008,V004,C05211,Periodic Maintenance,Cancelled,5,1890
SV006147,2026-09-26 00:00:00,D020,V010,C05837,General Service,Completed,5,1311
SV006148,2025-02-28 00:00:00,D050,V010,C00981,General Service,Completed,4,2655
SV006149,2026-02-27 00:00:00,D004,V006,C03165,Repair,Completed,4,1386
SV006150,2026-04-03 00:00:00,D003,V014,C03778,Periodic Maintenance,Completed,4,3699
SV006151,2026-12-03 00:00:00,D028,V005,C03856,Repair,Completed,4,2994
SV006152,2025-12-28 00:00:00,D002,V001,C02180,Oil Change,Completed,3,1728
SV006153,2026-03-09 00:00:00,D048,V019,C02573,Warranty,Completed,5,2665
SV006154,2026-06-05 00:00:00,D037,V016,C01262,Repair,Completed,3,2857
SV006155,2025-01-28 00:00:00,D026,V006,C01033,General Service,Completed,3,2532
SV006156,2025-02-12 00:00:00,D039,V001,C02815,General Service,Completed,5,1876
SV006157,2025-10-25 00:00:00,D058,V005,C03555,General Service,Completed,4,1543
SV006158,2025-08-10 00:00:00,D059,V010,C05528,Periodic Maintenance,Cancelled,5,2287
SV006159,2025-08-17 00:00:00,D003,V006,C05969,Oil Change,Pending,5,2496
SV006160,2025-01-16 00:00:00,D038,V015,C00361,General Service,Completed,3,3065
SV006161,2025-03-25 00:00:00,D054,V017,C03046,Warranty,Completed,5,2106
SV006162,2026-07-24 00:00:00,D031,V013,C02478,Warranty,Completed,5,3591
SV006163,2026-10-03 00:00:00,D020,V002,C02742,Oil Change,Completed,4,1592
SV006164,2026-03-07 00:00:00,D014,V002,C05876,General Service,Completed,4,2035
SV006165,2026-08-07 00:00:00,D005,V015,C05273,General Service,Completed,4,6224
SV006166,2025-09-30 00:00:00,D054,V016,C01382,General Service,Completed,4,2622
SV006167,2026-12-09 00:00:00,D034,V017,C01077,Periodic Maintenance,Completed,4,3258
SV006168,2026-07-19 00:00:00,D015,V001,C00888,General Service,Completed,5,6152
SV006169,2026-02-15 00:00:00,D003,V005,C02144,Oil Change,Completed,5,3710
SV006170,2025-07-15 00:00:00,D006,V002,C00304,General Service,Completed,2,3361
SV006171,2025-05-09 00:00:00,D022,V003,C03008,Repair,Completed,4,2432
SV006172,2025-07-14 00:00:00,D021,V010,C02008,Periodic Maintenance,Completed,3,1381
SV006173,2025-03-25 00:00:00,D002,V012,C05330,General Service,Completed,4,2614
SV006174,2025-11-28 00:00:00,D058,V007,C03756,Oil Change,Pending,4,2798
SV006175,2025-02-26 00:00:00,D005,V018,C00686,General Service,Completed,4,2812
SV006176,2025-07-02 00:00:00,D036,V011,C04051,Oil Change,Completed,3,2637
SV006177,2025-12-04 00:00:00,D012,V015,C00110,Warranty,Completed,4,2451
SV006178,2026-10-06 00:00:00,D052,V012,C01117,General Service,Completed,5,1228
SV006179,2025-08-01 00:00:00,D031,V009,C00764,Repair,Completed,3,4509
SV006180,2025-10-23 00:00:00,D053,V004,C01300,General Service,Completed,4,1874
SV006181,2026-11-03 00:00:00,D015,V016,C00123,Periodic Maintenance,Completed,5,6587
SV006182,2026-12-16 00:00:00,D001,V020,C00464,Repair,Completed,4,753
SV006183,2025-08-28 00:00:00,D022,V006,C02891,Repair,Pending,5,3194
SV006184,2025-02-07 00:00:00,D028,V019,C01246,Periodic Maintenance,Pending,3,1484
SV006185,2026-10-28 00:00:00,D025,V011,C04273,General Service,Completed,3,2825
SV006186,2026-08-03 00:00:00,D060,V013,C01987,Periodic Maintenance,Completed,3,1541
SV006187,2026-12-13 00:00:00,D060,V004,C00684,General Service,Completed,5,2425
SV006188,2025-10-09 00:00:00,D015,V019,C01624,Periodic Maintenance,Pending,3,10731
SV006189,2026-03-01 00:00:00,D043,V019,C01569,Oil Change,Completed,4,3542
SV006190,2026-03-11 00:00:00,D047,V001,C05222,General Service,Completed,5,1604
SV006191,2026-11-09 00:00:00,D049,V016,C02459,Repair,Completed,5,2925
SV006192,2025-01-06 00:00:00,D028,V014,C01389,Warranty,Completed,4,1860
SV006193,2026-09-25 00:00:00,D004,V009,C04486,Periodic Maintenance,Completed,4,6553
SV006194,2026-12-19 00:00:00,D044,V002,C01771,General Service,Completed,1,1126
SV006195,2025-07-20 00:00:00,D048,V018,C04224,General Service,Completed,4,1755
SV006196,2025-11-09 00:00:00,D017,V019,C01514,General Service,Cancelled,5,3308
SV006197,2026-09-27 00:00:00,D030,V020,C03858,Oil Change,Completed,5,1436
SV006198,2025-04-25 00:00:00,D050,V019,C05491,Repair,Pending,2,1272
SV006199,2025-06-26 00:00:00,D023,V012,C04315,General Service,Completed,4,1307
SV006200,2026-08-10 00:00:00,D010,V012,C03578,General Service,Completed,3,4500
SV006201,2025-04-12 00:00:00,D015,V008,C04491,General Service,Completed,5,2480
SV006202,2026-11-30 00:00:00,D045,V018,C05802,General Service,Completed,4,3558
SV006203,2025-03-27 00:00:00,D057,V005,C01769,Oil Change,Completed,5,2212
SV006204,2026-07-07 00:00:00,D006,V020,C03451,General Service,Completed,4,1630
SV006205,2026-07-28 00:00:00,D060,V005,C00437,Warranty,Completed,4,2345
SV006206,2026-11-01 00:00:00,D031,V012,C01056,Oil Change,Pending,4,2014
SV006207,2025-05-17 00:00:00,D009,V016,C05936,General Service,Completed,2,2729
SV006208,2025-07-31 00:00:00,D052,V017,C03465,General Service,Completed,5,1115
SV006209,2026-09-23 00:00:00,D060,V004,C04343,Oil Change,Completed,3,1537
SV006210,2025-07-15 00:00:00,D037,V015,C02613,Periodic Maintenance,Completed,5,1872
SV006211,2026-11-10 00:00:00,D053,V016,C04698,Oil Change,Completed,4,500
SV006212,2026-05-26 00:00:00,D004,V008,C04415,Periodic Maintenance,Completed,5,2287
SV006213,2026-08-10 00:00:00,D039,V010,C02526,Oil Change,Completed,5,2063
SV006214,2026-12-16 00:00:00,D005,V003,C03590,Periodic Maintenance,Pending,4,3171
SV006215,2025-08-24 00:00:00,D015,V011,C04809,General Service,Completed,5,2211
SV006216,2026-10-26 00:00:00,D031,V014,C04618,General Service,Completed,5,4120
SV006217,2026-01-27 00:00:00,D036,V008,C00404,Periodic Maintenance,Completed,2,4581
SV006218,2025-06-23 00:00:00,D046,V016,C05182,Repair,Completed,4,1492
SV006219,2025-10-19 00:00:00,D048,V002,C00234,Warranty,Cancelled,4,8110
SV006220,2025-08-11 00:00:00,D034,V003,C01353,Periodic Maintenance,Completed,4,1400
SV006221,2025-05-10 00:00:00,D059,V007,C04022,General Service,Completed,4,1658
SV006222,2025-12-04 00:00:00,D019,V009,C01068,Oil Change,Completed,4,5262
SV006223,2025-11-28 00:00:00,D046,V001,C01681,General Service,Completed,5,1009
SV006224,2025-11-11 00:00:00,D048,V011,C00703,Oil Change,Completed,2,4838
SV006225,2026-07-25 00:00:00,D038,V017,C05356,General Service,Completed,4,2632
SV006226,2025-05-03 00:00:00,D003,V013,C04161,General Service,Completed,5,3014
SV006227,2025-11-15 00:00:00,D053,V010,C03272,Oil Change,Completed,2,2502
SV006228,2026-02-21 00:00:00,D052,V003,C01185,General Service,Completed,4,3766
SV006229,2026-04-21 00:00:00,D045,V001,C04280,Periodic Maintenance,Completed,4,1115
SV006230,2026-07-13 00:00:00,D026,V005,C04493,Periodic Maintenance,Completed,3,2470
SV006231,2025-05-17 00:00:00,D034,V014,C00412,Repair,Completed,4,852
SV006232,2025-05-07 00:00:00,D038,V013,C03253,General Service,Pending,5,2134
SV006233,2026-01-03 00:00:00,D050,V019,C02849,General Service,Completed,5,2244
SV006234,2025-09-02 00:00:00,D053,V009,C05842,Periodic Maintenance,Completed,4,2302
SV006235,2025-11-10 00:00:00,D013,V011,C01025,Warranty,Completed,4,1864
SV006236,2025-03-20 00:00:00,D002,V002,C03696,Periodic Maintenance,Completed,4,1570
SV006237,2026-11-13 00:00:00,D057,V010,C00655,General Service,Completed,5,3301
SV006238,2025-08-25 00:00:00,D036,V014,C04251,General Service,Completed,3,1817
SV006239,2026-02-08 00:00:00,D051,V017,C04417,General Service,Completed,4,1081
SV006240,2025-01-07 00:00:00,D048,V017,C04478,Warranty,Completed,2,4083
SV006241,2026-09-15 00:00:00,D014,V012,C00634,General Service,Completed,4,2482
SV006242,2025-12-10 00:00:00,D042,V007,C01014,General Service,Completed,4,2655
SV006243,2025-01-12 00:00:00,D003,V008,C03103,Warranty,Completed,4,2389
SV006244,2026-10-14 00:00:00,D039,V003,C02483,Repair,Completed,4,2639
SV006245,2025-04-13 00:00:00,D007,V019,C04052,Oil Change,Completed,4,3079
SV006246,2026-02-18 00:00:00,D035,V011,C01538,Oil Change,Completed,4,2038
SV006247,2026-06-07 00:00:00,D038,V010,C03091,Oil Change,Completed,2,1946
SV006248,2026-01-23 00:00:00,D059,V016,C04464,Oil Change,Completed,4,2085
SV006249,2026-04-24 00:00:00,D051,V005,C04569,General Service,Completed,5,2523
SV006250,2025-09-17 00:00:00,D015,V004,C01920,Periodic Maintenance,Completed,5,2533
SV006251,2026-05-04 00:00:00,D006,V005,C03887,General Service,Cancelled,5,718
SV006252,2026-09-28 00:00:00,D038,V015,C05496,Oil Change,Completed,3,3703
SV006253,2025-08-21 00:00:00,D021,V001,C05139,Oil Change,Completed,5,3030
SV006254,2025-09-03 00:00:00,D055,V016,C04806,General Service,Completed,5,1440
SV006255,2026-04-30 00:00:00,D023,V012,C03302,Periodic Maintenance,Completed,3,1283
SV006256,2026-07-13 00:00:00,D009,V016,C03160,Oil Change,Completed,4,2261
SV006257,2025-07-06 00:00:00,D029,V009,C01720,General Service,Cancelled,4,957
SV006258,2025-02-03 00:00:00,D046,V008,C02954,Repair,Completed,4,1601
SV006259,2026-12-16 00:00:00,D059,V016,C00846,General Service,Completed,4,2573
SV006260,2026-11-16 00:00:00,D019,V004,C03080,General Service,Completed,4,1075
SV006261,2026-02-18 00:00:00,D035,V017,C05142,Periodic Maintenance,Completed,5,3305
SV006262,2026-09-26 00:00:00,D015,V009,C04035,Periodic Maintenance,Completed,4,1535
SV006263,2025-08-07 00:00:00,D024,V008,C02167,Warranty,Completed,5,1844
SV006264,2025-12-28 00:00:00,D019,V009,C02113,General Service,Completed,5,4477
SV006265,2025-12-10 00:00:00,D044,V013,C00729,Warranty,Completed,4,3930
SV006266,2026-03-31 00:00:00,D028,V010,C00189,Oil Change,Completed,4,5157
SV006267,2025-10-09 00:00:00,D012,V005,C00003,General Service,Completed,3,1857
SV006268,2026-12-19 00:00:00,D021,V016,C04282,General Service,Completed,5,1747
SV006269,2026-07-09 00:00:00,D032,V005,C01190,General Service,Completed,3,2554
SV006270,2026-10-13 00:00:00,D054,V008,C00210,General Service,Completed,3,2773
SV006271,2026-04-03 00:00:00,D059,V016,C01722,General Service,Completed,5,12970
SV006272,2025-10-16 00:00:00,D034,V011,C04419,Periodic Maintenance,Completed,5,3876
SV006273,2025-03-29 00:00:00,D027,V018,C02055,Repair,Pending,5,3444
SV006274,2026-07-22 00:00:00,D017,V019,C05869,General Service,Completed,2,953
SV006275,2026-04-24 00:00:00,D020,V018,C01739,Warranty,Completed,5,8226
SV006276,2025-05-31 00:00:00,D021,V008,C00111,Periodic Maintenance,Completed,4,1708
SV006277,2025-07-30 00:00:00,D033,V018,C01340,General Service,Completed,5,1672
SV006278,2026-03-31 00:00:00,D006,V003,C02374,Warranty,Completed,4,2698
SV006279,2025-08-03 00:00:00,D057,V016,C02031,Repair,Completed,5,2066
SV006280,2026-06-30 00:00:00,D026,V012,C01634,Repair,Completed,5,3100
SV006281,2025-10-24 00:00:00,D049,V009,C00193,General Service,Pending,4,4753
SV006282,2025-09-09 00:00:00,D033,V005,C05743,General Service,Completed,5,1321
SV006283,2025-05-23 00:00:00,D021,V002,C03182,Oil Change,Completed,4,4058
SV006284,2025-08-30 00:00:00,D041,V017,C02991,Periodic Maintenance,Completed,5,1631
SV006285,2025-02-27 00:00:00,D040,V016,C03791,Repair,Completed,2,4512
SV006286,2025-02-20 00:00:00,D047,V002,C02161,General Service,Completed,5,5732
SV006287,2026-01-04 00:00:00,D023,V001,C04952,Warranty,Completed,5,5183
SV006288,2026-07-17 00:00:00,D049,V006,C02867,Warranty,Completed,4,3296
SV006289,2026-05-12 00:00:00,D027,V002,C05974,Oil Change,Completed,2,11109
SV006290,2025-09-11 00:00:00,D055,V008,C04163,Periodic Maintenance,Completed,5,2139
SV006291,2026-05-22 00:00:00,D023,V020,C04494,General Service,Completed,5,1905
SV006292,2026-02-05 00:00:00,D019,V018,C05790,Warranty,Completed,5,2802
SV006293,2026-03-31 00:00:00,D003,V017,C03040,Oil Change,Completed,5,1392
SV006294,2025-09-13 00:00:00,D050,V007,C01840,Repair,Completed,3,2186
SV006295,2025-07-06 00:00:00,D042,V016,C01166,General Service,Completed,5,1140
SV006296,2025-07-27 00:00:00,D052,V013,C04962,Repair,Completed,3,1536
SV006297,2025-12-22 00:00:00,D006,V015,C02296,General Service,Completed,5,7556
SV006298,2026-07-15 00:00:00,D035,V014,C01057,General Service,Completed,5,1096
SV006299,2025-11-29 00:00:00,D027,V013,C04301,Oil Change,Completed,5,1990
SV006300,2025-12-06 00:00:00,D011,V014,C03976,Oil Change,Completed,3,1676
SV006301,2026-08-04 00:00:00,D046,V018,C02004,Warranty,Completed,4,2407
SV006302,2025-04-07 00:00:00,D014,V008,C01402,Periodic Maintenance,Completed,4,2238
SV006303,2025-10-23 00:00:00,D041,V001,C00705,General Service,Completed,5,3271
SV006304,2025-12-21 00:00:00,D030,V011,C05657,Oil Change,Completed,4,2134
SV006305,2025-03-16 00:00:00,D038,V001,C02026,General Service,Completed,4,3428
SV006306,2025-04-04 00:00:00,D040,V015,C04961,Oil Change,Pending,5,1440
SV006307,2025-05-19 00:00:00,D034,V007,C05440,Oil Change,Completed,5,3175
SV006308,2025-12-31 00:00:00,D030,V003,C03380,Oil Change,Pending,5,4886
SV006309,2026-08-24 00:00:00,D035,V008,C02966,Periodic Maintenance,Pending,5,1397
SV006310,2025-05-27 00:00:00,D059,V015,C04682,Periodic Maintenance,Completed,4,2412
SV006311,2025-01-18 00:00:00,D005,V015,C04770,Periodic Maintenance,Completed,5,3591
SV006312,2026-03-03 00:00:00,D032,V006,C00476,Oil Change,Completed,5,7001
SV006313,2026-09-14 00:00:00,D004,V019,C03658,General Service,Completed,5,4136
SV006314,2025-07-29 00:00:00,D033,V013,C01762,Periodic Maintenance,Completed,4,3048
SV006315,2025-12-31 00:00:00,D049,V007,C00892,Warranty,Pending,1,2569
SV006316,2025-07-17 00:00:00,D042,V006,C00406,Periodic Maintenance,Completed,3,4540
SV006317,2025-09-08 00:00:00,D019,V001,C01174,Periodic Maintenance,Completed,5,999
SV006318,2025-11-25 00:00:00,D057,V002,C03935,General Service,Completed,5,2834
SV006319,2025-10-14 00:00:00,D001,V020,C04181,Oil Change,Completed,4,2127
SV006320,2026-04-10 00:00:00,D012,V013,C04361,Periodic Maintenance,Completed,3,5455
SV006321,2026-07-21 00:00:00,D054,V016,C02589,Periodic Maintenance,Completed,5,5252
SV006322,2025-01-02 00:00:00,D041,V018,C03008,General Service,Completed,5,10126
SV006323,2025-02-25 00:00:00,D010,V010,C01283,Repair,Completed,2,861
SV006324,2026-01-18 00:00:00,D049,V014,C00608,Periodic Maintenance,Completed,4,2174
SV006325,2025-01-31 00:00:00,D049,V007,C03187,Repair,Completed,4,1380
SV006326,2025-05-28 00:00:00,D046,V019,C00283,General Service,Completed,3,1196
SV006327,2025-11-03 00:00:00,D032,V008,C03786,Repair,Completed,3,2981
SV006328,2025-09-08 00:00:00,D018,V011,C01089,Periodic Maintenance,Completed,4,5475
SV006329,2025-04-28 00:00:00,D026,V015,C01959,General Service,Completed,3,3362
SV006330,2025-10-22 00:00:00,D036,V003,C05407,Repair,Completed,3,2785
SV006331,2025-12-25 00:00:00,D056,V006,C05565,General Service,Completed,4,2293
SV006332,2025-10-22 00:00:00,D039,V005,C03596,General Service,Completed,2,1963
SV006333,2026-04-25 00:00:00,D004,V019,C03830,Periodic Maintenance,Completed,4,2312
SV006334,2026-01-17 00:00:00,D020,V016,C00410,Repair,Pending,3,4642
SV006335,2025-03-23 00:00:00,D023,V009,C01874,Warranty,Completed,5,3116
SV006336,2025-07-06 00:00:00,D028,V018,C01811,General Service,Completed,5,8505
SV006337,2026-05-12 00:00:00,D001,V020,C02882,General Service,Completed,2,4022
SV006338,2025-10-24 00:00:00,D010,V016,C03228,General Service,Completed,5,7301
SV006339,2026-01-27 00:00:00,D017,V014,C01684,Repair,Completed,5,6701
SV006340,2025-07-10 00:00:00,D041,V006,C01665,General Service,Completed,4,3780
SV006341,2026-08-02 00:00:00,D039,V014,C05418,General Service,Completed,5,2383
SV006342,2025-01-18 00:00:00,D051,V006,C04673,Repair,Completed,4,2254
SV006343,2025-12-30 00:00:00,D022,V020,C02101,Warranty,Pending,2,2201
SV006344,2025-07-12 00:00:00,D004,V019,C05257,Oil Change,Completed,5,1757
SV006345,2026-12-22 00:00:00,D003,V013,C06000,Periodic Maintenance,Completed,3,4773
SV006346,2025-04-09 00:00:00,D023,V018,C03976,Oil Change,Pending,5,3514
SV006347,2026-10-16 00:00:00,D040,V003,C01049,Warranty,Completed,5,6501
SV006348,2026-04-18 00:00:00,D013,V019,C00268,Oil Change,Completed,4,2928
SV006349,2026-05-19 00:00:00,D029,V010,C01407,Warranty,Completed,5,5229
SV006350,2026-05-29 00:00:00,D038,V019,C01272,Periodic Maintenance,Completed,4,3391
SV006351,2025-12-22 00:00:00,D058,V017,C05691,Periodic Maintenance,Completed,4,2155
SV006352,2025-12-28 00:00:00,D055,V013,C03718,Warranty,Completed,4,5740
SV006353,2025-12-08 00:00:00,D015,V004,C01521,Warranty,Completed,5,2107
SV006354,2025-08-25 00:00:00,D051,V012,C04957,Repair,Completed,5,4433
SV006355,2025-01-29 00:00:00,D016,V013,C00223,Warranty,Completed,5,3144
SV006356,2026-05-10 00:00:00,D058,V020,C05515,Periodic Maintenance,Completed,5,5072
SV006357,2025-12-25 00:00:00,D055,V017,C04915,Oil Change,Completed,4,3266
SV006358,2026-07-02 00:00:00,D018,V012,C02990,General Service,Completed,4,2536
SV006359,2026-03-27 00:00:00,D060,V019,C03802,General Service,Completed,5,3883
SV006360,2025-12-19 00:00:00,D053,V007,C03986,Periodic Maintenance,Completed,5,2657
SV006361,2025-07-24 00:00:00,D019,V010,C00545,General Service,Pending,5,2050
SV006362,2026-02-17 00:00:00,D059,V001,C04642,General Service,Completed,5,2595
SV006363,2026-10-09 00:00:00,D048,V006,C04333,Periodic Maintenance,Completed,4,4215
SV006364,2025-08-13 00:00:00,D016,V006,C01064,Periodic Maintenance,Completed,4,2256
SV006365,2025-09-19 00:00:00,D017,V004,C03760,Periodic Maintenance,Completed,3,3703
SV006366,2025-04-03 00:00:00,D044,V012,C03958,General Service,Pending,5,2416
SV006367,2026-09-20 00:00:00,D046,V017,C05557,Repair,Completed,5,1091
SV006368,2026-12-22 00:00:00,D032,V004,C03563,Oil Change,Completed,5,1916
SV006369,2026-07-05 00:00:00,D039,V017,C05641,Periodic Maintenance,Completed,3,1919
SV006370,2026-07-26 00:00:00,D018,V001,C04455,General Service,Completed,5,4406
SV006371,2026-05-23 00:00:00,D040,V019,C05074,Periodic Maintenance,Pending,5,2444
SV006372,2026-04-14 00:00:00,D007,V004,C04428,General Service,Completed,3,2679
SV006373,2025-03-08 00:00:00,D008,V018,C05746,Periodic Maintenance,Completed,5,2745
SV006374,2025-01-06 00:00:00,D023,V007,C02855,Oil Change,Completed,4,2064
SV006375,2026-05-30 00:00:00,D040,V013,C05862,General Service,Cancelled,4,1487
SV006376,2025-08-21 00:00:00,D044,V018,C00584,Oil Change,Completed,5,3019
SV006377,2025-10-14 00:00:00,D029,V018,C00185,Periodic Maintenance,Cancelled,5,2110
SV006378,2025-03-01 00:00:00,D048,V003,C03536,Repair,Completed,3,1555
SV006379,2025-01-29 00:00:00,D048,V009,C02893,Oil Change,Completed,5,2034
SV006380,2026-05-23 00:00:00,D022,V014,C03943,General Service,Completed,4,1344
SV006381,2026-12-27 00:00:00,D031,V007,C05867,Oil Change,Completed,4,2717
SV006382,2025-11-17 00:00:00,D049,V016,C01672,Oil Change,Completed,5,1974
SV006383,2026-10-17 00:00:00,D047,V009,C04473,Oil Change,Completed,4,5276
SV006384,2025-03-18 00:00:00,D016,V012,C05040,General Service,Pending,4,4286
SV006385,2025-03-16 00:00:00,D051,V007,C00415,Warranty,Completed,5,1233
SV006386,2025-11-26 00:00:00,D045,V003,C03749,Periodic Maintenance,Pending,4,7143
SV006387,2025-02-28 00:00:00,D010,V004,C00358,General Service,Completed,5,3662
SV006388,2025-01-07 00:00:00,D006,V014,C03901,Repair,Completed,4,2151
SV006389,2025-03-05 00:00:00,D030,V016,C00555,Oil Change,Completed,5,3657
SV006390,2025-06-02 00:00:00,D040,V007,C03593,General Service,Completed,5,2442
SV006391,2025-12-20 00:00:00,D017,V002,C03948,General Service,Completed,4,4428
SV006392,2025-05-23 00:00:00,D052,V008,C00229,Oil Change,Completed,5,1315
SV006393,2025-12-21 00:00:00,D055,V011,C02535,Repair,Completed,4,3935
SV006394,2026-12-19 00:00:00,D027,V020,C05038,General Service,Completed,4,1494
SV006395,2026-06-16 00:00:00,D017,V020,C00281,Periodic Maintenance,Completed,5,11823
SV006396,2025-09-13 00:00:00,D054,V008,C02497,Oil Change,Completed,5,4074
SV006397,2025-11-13 00:00:00,D052,V014,C05679,Periodic Maintenance,Completed,4,3647
SV006398,2026-05-10 00:00:00,D008,V013,C01603,Oil Change,Completed,4,1954
SV006399,2025-02-21 00:00:00,D002,V011,C03659,Periodic Maintenance,Completed,5,2946
SV006400,2026-09-11 00:00:00,D011,V012,C02443,Periodic Maintenance,Cancelled,5,1194
SV006401,2025-07-08 00:00:00,D010,V003,C02777,Periodic Maintenance,Completed,3,1601
SV006402,2025-06-22 00:00:00,D053,V007,C05179,General Service,Completed,4,2812
SV006403,2026-09-05 00:00:00,D017,V003,C01765,Periodic Maintenance,Completed,4,3132
SV006404,2025-08-11 00:00:00,D040,V015,C04785,Warranty,Completed,4,5085
SV006405,2025-04-11 00:00:00,D017,V017,C05206,Repair,Completed,5,709
SV006406,2026-02-06 00:00:00,D018,V010,C00889,Repair,Pending,5,3533
SV006407,2025-03-30 00:00:00,D030,V018,C05296,Oil Change,Completed,2,3262
SV006408,2025-07-05 00:00:00,D046,V009,C04189,Oil Change,Completed,4,1905
SV006409,2025-10-09 00:00:00,D059,V011,C00179,Periodic Maintenance,Completed,4,5466
SV006410,2025-09-30 00:00:00,D033,V020,C05822,General Service,Completed,4,1753
SV006411,2026-12-24 00:00:00,D022,V002,C05338,Periodic Maintenance,Completed,4,4026
SV006412,2025-05-30 00:00:00,D036,V012,C00731,Oil Change,Completed,2,2811
SV006413,2025-04-02 00:00:00,D042,V018,C04301,Oil Change,Completed,4,2468
SV006414,2025-10-17 00:00:00,D035,V005,C05681,Repair,Completed,5,2998
SV006415,2025-02-03 00:00:00,D013,V007,C02612,General Service,Completed,4,2496
SV006416,2025-05-06 00:00:00,D059,V016,C04033,General Service,Pending,5,2038
SV006417,2025-08-18 00:00:00,D048,V016,C01291,Periodic Maintenance,Completed,5,2669
SV006418,2025-10-13 00:00:00,D007,V007,C05730,Periodic Maintenance,Completed,5,3606
SV006419,2026-05-13 00:00:00,D031,V010,C01159,General Service,Completed,5,3271
SV006420,2026-11-23 00:00:00,D009,V013,C03138,Warranty,Completed,5,1639
SV006421,2026-10-16 00:00:00,D039,V001,C03080,Periodic Maintenance,Completed,4,1693
SV006422,2026-08-04 00:00:00,D023,V017,C00477,Periodic Maintenance,Completed,4,5541
SV006423,2025-10-25 00:00:00,D047,V006,C05057,Periodic Maintenance,Cancelled,4,3927
SV006424,2025-10-12 00:00:00,D041,V006,C05731,Repair,Completed,5,3224
SV006425,2025-12-20 00:00:00,D035,V011,C02824,General Service,Completed,4,2285
SV006426,2026-05-26 00:00:00,D005,V004,C00158,General Service,Completed,1,2053
SV006427,2025-05-15 00:00:00,D053,V017,C01684,Repair,Completed,3,4505
SV006428,2026-01-10 00:00:00,D034,V010,C03696,Repair,Completed,3,2678
SV006429,2025-07-26 00:00:00,D059,V003,C00900,Oil Change,Cancelled,2,1774
SV006430,2025-06-23 00:00:00,D016,V012,C01691,General Service,Cancelled,5,5085
SV006431,2025-07-12 00:00:00,D014,V009,C04327,Warranty,Completed,2,1388
SV006432,2025-09-21 00:00:00,D029,V003,C05248,Oil Change,Completed,5,2105
SV006433,2026-11-27 00:00:00,D039,V019,C00009,Oil Change,Completed,4,1375
SV006434,2025-01-17 00:00:00,D036,V019,C00632,Periodic Maintenance,Completed,5,4190
SV006435,2025-09-05 00:00:00,D040,V014,C01689,Repair,Completed,5,2914
SV006436,2025-09-25 00:00:00,D012,V002,C04314,Periodic Maintenance,Cancelled,5,1837
SV006437,2025-02-24 00:00:00,D046,V013,C03335,Oil Change,Completed,4,2141
SV006438,2025-03-23 00:00:00,D026,V001,C04128,Periodic Maintenance,Cancelled,4,1923
SV006439,2025-03-31 00:00:00,D044,V001,C00789,General Service,Completed,4,4471
SV006440,2025-05-06 00:00:00,D021,V009,C03165,Oil Change,Completed,3,6849
SV006441,2026-05-24 00:00:00,D011,V017,C02891,General Service,Completed,4,5847
SV006442,2026-12-09 00:00:00,D034,V015,C03071,Periodic Maintenance,Completed,1,2476
SV006443,2026-09-02 00:00:00,D029,V016,C03143,Warranty,Completed,5,2978
SV006444,2026-10-04 00:00:00,D019,V011,C02617,General Service,Pending,5,2087
SV006445,2026-01-22 00:00:00,D018,V012,C03490,Periodic Maintenance,Completed,5,1750
SV006446,2025-01-10 00:00:00,D038,V001,C05402,Oil Change,Completed,2,3385
SV006447,2025-10-24 00:00:00,D029,V009,C02041,General Service,Completed,3,2196
SV006448,2025-12-04 00:00:00,D031,V013,C04553,General Service,Completed,5,2851
SV006449,2026-10-25 00:00:00,D029,V015,C04517,Periodic Maintenance,Completed,4,1779
SV006450,2026-10-22 00:00:00,D012,V011,C00437,Periodic Maintenance,Completed,2,1375
SV006451,2025-09-05 00:00:00,D003,V014,C05806,General Service,Cancelled,4,1518
SV006452,2025-08-19 00:00:00,D014,V012,C00456,Oil Change,Pending,4,987
SV006453,2026-01-07 00:00:00,D039,V004,C01880,Repair,Completed,5,1578
SV006454,2025-12-05 00:00:00,D051,V002,C02980,Periodic Maintenance,Completed,2,3430
SV006455,2025-12-26 00:00:00,D057,V001,C03263,Periodic Maintenance,Completed,5,1741
SV006456,2025-09-07 00:00:00,D037,V009,C03625,Repair,Completed,3,1527
SV006457,2025-07-08 00:00:00,D007,V016,C00754,General Service,Completed,4,997
SV006458,2025-04-09 00:00:00,D016,V013,C02520,General Service,Completed,2,3470
SV006459,2026-12-27 00:00:00,D047,V003,C05965,General Service,Completed,5,6534
SV006460,2026-06-06 00:00:00,D041,V015,C04276,Oil Change,Pending,5,4739
SV006461,2026-04-02 00:00:00,D007,V007,C05352,General Service,Completed,5,5394
SV006462,2026-12-17 00:00:00,D050,V002,C01754,Repair,Completed,4,2607
SV006463,2025-12-19 00:00:00,D055,V008,C02430,Periodic Maintenance,Completed,4,1166
SV006464,2025-01-25 00:00:00,D031,V015,C03120,Oil Change,Completed,4,3425
SV006465,2025-01-03 00:00:00,D059,V014,C03531,Oil Change,Completed,3,2493
SV006466,2025-08-08 00:00:00,D001,V010,C05301,General Service,Pending,5,3079
SV006467,2025-07-14 00:00:00,D020,V014,C00613,Periodic Maintenance,Completed,4,1669
SV006468,2026-06-22 00:00:00,D011,V019,C05727,Periodic Maintenance,Completed,4,3037
SV006469,2026-04-16 00:00:00,D038,V006,C03957,Periodic Maintenance,Completed,5,1192
SV006470,2026-08-30 00:00:00,D042,V005,C04469,Periodic Maintenance,Completed,3,1939
SV006471,2025-09-04 00:00:00,D035,V016,C01121,Periodic Maintenance,Completed,4,1933
SV006472,2026-01-23 00:00:00,D042,V014,C03663,General Service,Completed,5,2500
SV006473,2026-08-31 00:00:00,D049,V003,C01934,Warranty,Pending,4,2077
SV006474,2025-01-18 00:00:00,D012,V009,C03528,Repair,Completed,5,1489
SV006475,2025-03-13 00:00:00,D049,V008,C02220,General Service,Completed,2,1965
SV006476,2025-10-02 00:00:00,D043,V009,C00747,Periodic Maintenance,Completed,3,6490
SV006477,2025-09-02 00:00:00,D036,V012,C04480,Periodic Maintenance,Completed,4,1351
SV006478,2026-10-22 00:00:00,D059,V011,C05960,General Service,Completed,2,1880
SV006479,2025-01-08 00:00:00,D034,V001,C01992,Repair,Completed,5,1988
SV006480,2025-10-05 00:00:00,D036,V006,C04090,General Service,Completed,5,8226
SV006481,2025-03-14 00:00:00,D049,V006,C01000,General Service,Completed,1,2357
SV006482,2026-01-01 00:00:00,D027,V003,C03074,Oil Change,Completed,2,5835
SV006483,2025-05-19 00:00:00,D036,V006,C04321,Periodic Maintenance,Cancelled,5,1874
SV006484,2026-07-29 00:00:00,D027,V010,C03056,Oil Change,Completed,5,1851
SV006485,2026-07-26 00:00:00,D002,V009,C03876,General Service,Completed,3,4695
SV006486,2025-04-16 00:00:00,D038,V003,C01893,General Service,Completed,4,736
SV006487,2026-05-16 00:00:00,D050,V014,C03903,Repair,Pending,4,1466
SV006488,2026-06-11 00:00:00,D015,V009,C04835,Periodic Maintenance,Completed,5,4215
SV006489,2025-08-16 00:00:00,D004,V019,C00169,Periodic Maintenance,Completed,4,4129
SV006490,2025-10-07 00:00:00,D035,V016,C04319,Periodic Maintenance,Completed,4,1831
SV006491,2026-12-15 00:00:00,D052,V017,C02421,General Service,Completed,4,4866
SV006492,2025-01-19 00:00:00,D027,V010,C01524,Repair,Completed,5,4025
SV006493,2026-03-26 00:00:00,D026,V012,C01271,Oil Change,Completed,4,8743
SV006494,2025-10-14 00:00:00,D060,V019,C01774,Repair,Completed,5,5235
SV006495,2025-12-19 00:00:00,D021,V003,C04384,General Service,Pending,4,2009
SV006496,2025-10-09 00:00:00,D046,V012,C03255,Oil Change,Completed,3,3378
SV006497,2026-12-26 00:00:00,D037,V020,C04003,Periodic Maintenance,Completed,3,1081
SV006498,2025-08-25 00:00:00,D007,V002,C03567,Oil Change,Completed,4,2926
SV006499,2026-01-23 00:00:00,D027,V007,C01214,Oil Change,Completed,5,1102
SV006500,2025-12-26 00:00:00,D031,V010,C04604,Periodic Maintenance,Completed,4,1588
SV006501,2026-04-28 00:00:00,D030,V018,C02697,Repair,Completed,4,10922
SV006502,2026-06-24 00:00:00,D021,V003,C02801,Oil Change,Completed,5,3857
SV006503,2025-07-24 00:00:00,D033,V015,C03171,Repair,Completed,5,1693
SV006504,2026-04-12 00:00:00,D022,V010,C00771,Oil Change,Completed,4,2573
SV006505,2025-08-14 00:00:00,D014,V005,C00151,Repair,Completed,4,1052
SV006506,2026-03-10 00:00:00,D040,V014,C00686,Warranty,Completed,5,1416
SV006507,2026-06-02 00:00:00,D004,V014,C04677,Repair,Completed,4,1317
SV006508,2025-05-03 00:00:00,D050,V002,C00016,General Service,Completed,4,621
SV006509,2026-09-23 00:00:00,D004,V019,C00196,Periodic Maintenance,Completed,4,2710
SV006510,2025-01-20 00:00:00,D038,V007,C00614,Periodic Maintenance,Completed,4,3586
SV006511,2026-03-01 00:00:00,D029,V009,C05858,Warranty,Completed,3,6794
SV006512,2026-09-03 00:00:00,D015,V005,C02898,General Service,Cancelled,3,2562
SV006513,2025-10-16 00:00:00,D059,V005,C02009,General Service,Pending,4,1335
SV006514,2025-02-25 00:00:00,D024,V017,C05628,Repair,Completed,2,2807
SV006515,2026-10-16 00:00:00,D023,V012,C04530,Periodic Maintenance,Completed,4,1450
SV006516,2026-06-04 00:00:00,D034,V004,C04936,General Service,Completed,5,1226
SV006517,2025-08-26 00:00:00,D011,V012,C01295,General Service,Completed,5,4643
SV006518,2026-01-12 00:00:00,D057,V018,C00608,General Service,Cancelled,1,3592
SV006519,2026-08-11 00:00:00,D020,V017,C05072,Warranty,Completed,4,1214
SV006520,2026-07-25 00:00:00,D012,V011,C05365,Repair,Completed,3,4794
SV006521,2025-05-06 00:00:00,D056,V001,C03977,Periodic Maintenance,Completed,4,2061
SV006522,2026-04-17 00:00:00,D029,V008,C04640,Periodic Maintenance,Completed,5,2627
SV006523,2025-10-12 00:00:00,D040,V012,C01463,General Service,Completed,5,5234
SV006524,2026-06-05 00:00:00,D009,V007,C03914,General Service,Completed,4,11300
SV006525,2025-01-09 00:00:00,D030,V002,C02519,General Service,Completed,5,3381
SV006526,2026-03-03 00:00:00,D014,V019,C00623,Repair,Completed,2,1481
SV006527,2025-03-31 00:00:00,D038,V017,C04780,General Service,Completed,3,2574
SV006528,2025-01-02 00:00:00,D003,V020,C00004,Periodic Maintenance,Completed,3,4243
SV006529,2025-10-03 00:00:00,D006,V017,C03544,Repair,Completed,2,1061
SV006530,2025-05-01 00:00:00,D057,V013,C01085,Oil Change,Cancelled,5,2719
SV006531,2026-05-03 00:00:00,D036,V009,C03267,Warranty,Pending,5,1450
SV006532,2025-02-23 00:00:00,D046,V011,C05582,Periodic Maintenance,Completed,5,2387
SV006533,2025-07-01 00:00:00,D009,V009,C00942,Oil Change,Completed,4,2555
SV006534,2026-08-13 00:00:00,D058,V013,C04572,Oil Change,Completed,5,3521
SV006535,2025-01-29 00:00:00,D004,V003,C00002,Oil Change,Completed,2,2728
SV006536,2026-11-25 00:00:00,D018,V020,C05982,General Service,Completed,4,1010
SV006537,2025-08-12 00:00:00,D003,V001,C03215,Oil Change,Cancelled,5,4651
SV006538,2025-10-01 00:00:00,D059,V006,C00963,Warranty,Completed,1,1668
SV006539,2025-05-09 00:00:00,D058,V008,C02094,Periodic Maintenance,Completed,3,4293
SV006540,2025-11-29 00:00:00,D030,V014,C02071,General Service,Completed,5,2595
SV006541,2025-09-09 00:00:00,D011,V005,C05693,Oil Change,Completed,5,4137
SV006542,2025-06-08 00:00:00,D016,V012,C03344,Periodic Maintenance,Completed,5,5905
SV006543,2025-06-06 00:00:00,D026,V011,C02057,General Service,Completed,5,1765
SV006544,2025-05-05 00:00:00,D054,V006,C05689,Periodic Maintenance,Pending,3,3395
SV006545,2025-12-15 00:00:00,D021,V001,C05579,Oil Change,Completed,4,6930
SV006546,2026-10-31 00:00:00,D023,V017,C04237,Repair,Completed,3,1861
SV006547,2025-06-09 00:00:00,D003,V020,C01605,General Service,Completed,5,1304
SV006548,2025-06-25 00:00:00,D028,V009,C04440,Oil Change,Completed,5,2180
SV006549,2025-04-01 00:00:00,D042,V004,C02110,General Service,Completed,5,1956
SV006550,2025-04-29 00:00:00,D037,V015,C03617,General Service,Completed,4,1182
SV006551,2025-04-17 00:00:00,D041,V014,C02750,Periodic Maintenance,Completed,5,1927
SV006552,2026-05-24 00:00:00,D019,V013,C02490,Repair,Completed,5,4023
SV006553,2025-06-26 00:00:00,D047,V015,C04814,General Service,Completed,5,2451
SV006554,2025-10-30 00:00:00,D026,V014,C00173,General Service,Cancelled,5,1959
SV006555,2026-11-04 00:00:00,D002,V017,C02541,Periodic Maintenance,Completed,5,5629
SV006556,2025-09-13 00:00:00,D004,V005,C01927,Repair,Completed,4,2161
SV006557,2025-12-28 00:00:00,D046,V004,C02429,Warranty,Completed,5,1549
SV006558,2026-10-13 00:00:00,D005,V020,C03279,General Service,Completed,5,1717
SV006559,2025-10-26 00:00:00,D056,V011,C00150,Oil Change,Completed,4,5211
SV006560,2026-11-13 00:00:00,D055,V018,C03129,Periodic Maintenance,Completed,2,2937
SV006561,2025-06-04 00:00:00,D018,V002,C03086,Oil Change,Completed,4,2400
SV006562,2026-12-07 00:00:00,D025,V008,C01176,General Service,Completed,4,1700
SV006563,2025-02-01 00:00:00,D044,V014,C01205,General Service,Completed,4,1918
SV006564,2025-08-04 00:00:00,D060,V013,C05713,Repair,Completed,5,2429
SV006565,2026-12-12 00:00:00,D002,V006,C04820,Warranty,Completed,2,1402
SV006566,2025-10-09 00:00:00,D054,V016,C03765,Oil Change,Completed,3,5938
SV006567,2026-09-16 00:00:00,D051,V016,C01749,General Service,Completed,3,1317
SV006568,2025-03-09 00:00:00,D056,V003,C04020,Repair,Completed,5,2681
SV006569,2025-06-12 00:00:00,D012,V004,C01858,Oil Change,Completed,3,1384
SV006570,2026-06-16 00:00:00,D056,V015,C00746,Periodic Maintenance,Cancelled,4,3102
SV006571,2026-01-13 00:00:00,D055,V001,C05738,Periodic Maintenance,Completed,2,6448
SV006572,2025-02-10 00:00:00,D003,V005,C04633,Oil Change,Completed,5,3571
SV006573,2025-01-21 00:00:00,D023,V007,C02970,Oil Change,Completed,5,1507
SV006574,2025-07-05 00:00:00,D010,V007,C03687,General Service,Completed,3,4642
SV006575,2025-11-13 00:00:00,D027,V003,C00708,General Service,Pending,4,8328
SV006576,2026-07-26 00:00:00,D043,V001,C01303,Periodic Maintenance,Completed,3,1069
SV006577,2026-07-23 00:00:00,D044,V012,C04797,Periodic Maintenance,Completed,4,2538
SV006578,2026-06-06 00:00:00,D003,V020,C05499,Periodic Maintenance,Completed,3,1863
SV006579,2025-12-21 00:00:00,D045,V016,C03775,General Service,Completed,3,4343
SV006580,2025-06-12 00:00:00,D037,V017,C04020,Repair,Completed,4,6651
SV006581,2025-04-28 00:00:00,D057,V011,C05432,Repair,Completed,5,2485
SV006582,2025-05-05 00:00:00,D043,V014,C02079,Repair,Completed,4,2332
SV006583,2026-03-06 00:00:00,D036,V006,C02249,General Service,Completed,4,2281
SV006584,2026-09-04 00:00:00,D040,V005,C01127,Periodic Maintenance,Completed,5,2447
SV006585,2026-08-14 00:00:00,D042,V005,C03337,Repair,Completed,4,2244
SV006586,2026-05-04 00:00:00,D043,V007,C02969,Oil Change,Completed,5,1695
SV006587,2026-11-29 00:00:00,D018,V002,C00768,Repair,Completed,4,4285
SV006588,2026-12-30 00:00:00,D013,V015,C04369,Warranty,Completed,4,2235
SV006589,2026-09-07 00:00:00,D037,V020,C01323,Repair,Pending,4,2950
SV006590,2025-06-30 00:00:00,D053,V001,C04626,Warranty,Completed,2,2000
SV006591,2025-07-13 00:00:00,D001,V011,C02008,General Service,Completed,5,2832
SV006592,2025-07-27 00:00:00,D048,V010,C03878,General Service,Completed,4,3914
SV006593,2026-07-09 00:00:00,D014,V013,C04096,Repair,Completed,4,3170
SV006594,2025-07-22 00:00:00,D020,V006,C00459,Warranty,Completed,3,1465
SV006595,2026-05-07 00:00:00,D017,V018,C01287,Repair,Completed,4,3560
SV006596,2026-06-24 00:00:00,D058,V019,C01016,General Service,Completed,5,982
SV006597,2025-08-06 00:00:00,D005,V008,C01166,Periodic Maintenance,Cancelled,4,1598
SV006598,2026-11-01 00:00:00,D048,V005,C00548,Repair,Completed,5,2710
SV006599,2025-11-14 00:00:00,D021,V015,C04974,Periodic Maintenance,Completed,5,2216
SV006600,2026-06-24 00:00:00,D033,V005,C03040,Periodic Maintenance,Completed,5,2141
SV006601,2025-01-12 00:00:00,D008,V012,C00711,General Service,Completed,5,2905
SV006602,2025-11-23 00:00:00,D043,V010,C03576,Warranty,Completed,4,1335
SV006603,2025-11-05 00:00:00,D002,V011,C03547,Repair,Completed,4,4572
SV006604,2025-11-01 00:00:00,D038,V013,C05669,General Service,Completed,2,5059
SV006605,2025-03-29 00:00:00,D033,V001,C00599,Oil Change,Pending,4,3862
SV006606,2026-07-07 00:00:00,D049,V017,C04268,General Service,Completed,5,2172
SV006607,2026-03-02 00:00:00,D016,V007,C00611,General Service,Pending,4,3395
SV006608,2025-11-02 00:00:00,D011,V008,C02288,General Service,Completed,4,4171
SV006609,2026-08-29 00:00:00,D053,V015,C03622,Repair,Completed,5,2511
SV006610,2026-02-13 00:00:00,D003,V008,C01211,Repair,Completed,5,1956
SV006611,2025-04-03 00:00:00,D044,V013,C03609,Repair,Completed,4,2070
SV006612,2025-12-03 00:00:00,D057,V014,C01221,Repair,Completed,2,3133
SV006613,2026-03-05 00:00:00,D058,V002,C04945,Periodic Maintenance,Completed,3,1808
SV006614,2026-06-28 00:00:00,D059,V008,C03837,General Service,Completed,4,1595
SV006615,2026-06-24 00:00:00,D002,V006,C04888,Warranty,Pending,5,1734
SV006616,2026-08-26 00:00:00,D030,V002,C00879,General Service,Completed,4,1317
SV006617,2025-10-24 00:00:00,D007,V004,C04633,Repair,Completed,4,2490
SV006618,2026-10-07 00:00:00,D026,V009,C01037,Periodic Maintenance,Completed,5,1872
SV006619,2026-06-08 00:00:00,D055,V002,C05216,Periodic Maintenance,Completed,5,2277
SV006620,2025-09-13 00:00:00,D004,V008,C03371,Repair,Completed,5,3286
SV006621,2025-06-13 00:00:00,D003,V012,C00446,General Service,Pending,5,3404
SV006622,2025-01-29 00:00:00,D058,V004,C04695,Oil Change,Pending,5,2001
SV006623,2026-10-17 00:00:00,D005,V004,C03786,Oil Change,Completed,4,705
SV006624,2026-03-03 00:00:00,D041,V004,C01289,Repair,Completed,4,3686
SV006625,2025-10-22 00:00:00,D058,V017,C05859,Repair,Completed,2,4033
SV006626,2026-07-26 00:00:00,D055,V002,C00145,Periodic Maintenance,Completed,3,2608
SV006627,2026-09-02 00:00:00,D047,V006,C00345,Periodic Maintenance,Completed,4,3515
SV006628,2025-05-16 00:00:00,D027,V016,C05284,Periodic Maintenance,Pending,3,2570
SV006629,2025-12-05 00:00:00,D054,V001,C00769,Warranty,Pending,3,5329
SV006630,2025-09-11 00:00:00,D057,V001,C01023,General Service,Completed,4,1159
SV006631,2025-04-04 00:00:00,D007,V012,C00346,General Service,Completed,4,1882
SV006632,2025-11-02 00:00:00,D049,V003,C03158,Periodic Maintenance,Completed,5,1343
SV006633,2026-06-27 00:00:00,D057,V012,C02534,Repair,Completed,4,1773
SV006634,2025-05-30 00:00:00,D012,V014,C03322,Periodic Maintenance,Completed,4,2074
SV006635,2026-11-27 00:00:00,D044,V016,C03628,Repair,Completed,4,1142
SV006636,2026-10-07 00:00:00,D060,V007,C02300,Warranty,Completed,5,4553
SV006637,2026-11-03 00:00:00,D031,V005,C03788,Warranty,Completed,5,1267
SV006638,2026-12-07 00:00:00,D005,V007,C01834,Periodic Maintenance,Completed,3,2655
SV006639,2025-03-16 00:00:00,D013,V008,C02147,General Service,Completed,4,2164
SV006640,2025-05-09 00:00:00,D037,V005,C00685,Periodic Maintenance,Completed,3,966
SV006641,2026-03-17 00:00:00,D055,V001,C04573,Periodic Maintenance,Completed,5,2685
SV006642,2026-05-29 00:00:00,D054,V011,C00397,General Service,Completed,4,1768
SV006643,2025-05-16 00:00:00,D023,V002,C02050,Repair,Completed,4,2077
SV006644,2025-03-18 00:00:00,D052,V010,C04374,General Service,Completed,1,3030
SV006645,2025-03-29 00:00:00,D009,V005,C01087,Periodic Maintenance,Completed,5,2458
SV006646,2025-03-12 00:00:00,D010,V007,C04226,General Service,Completed,4,2564
SV006647,2026-08-02 00:00:00,D012,V015,C04547,General Service,Completed,1,4827
SV006648,2025-12-04 00:00:00,D023,V008,C00669,Repair,Completed,2,3530
SV006649,2025-12-18 00:00:00,D006,V013,C05073,Periodic Maintenance,Completed,5,4098
SV006650,2026-03-20 00:00:00,D047,V012,C04813,Periodic Maintenance,Completed,5,1185
SV006651,2026-07-02 00:00:00,D005,V004,C00791,Periodic Maintenance,Completed,3,1093
SV006652,2026-12-30 00:00:00,D050,V020,C02370,Warranty,Completed,5,1160
SV006653,2025-10-09 00:00:00,D055,V006,C02841,Warranty,Completed,4,2070
SV006654,2025-04-20 00:00:00,D005,V018,C03998,General Service,Completed,5,2726
SV006655,2026-11-12 00:00:00,D051,V010,C04551,Repair,Completed,4,500
SV006656,2025-11-20 00:00:00,D057,V014,C00389,General Service,Completed,2,1051
SV006657,2025-01-21 00:00:00,D006,V006,C04518,Oil Change,Completed,3,846
SV006658,2025-07-27 00:00:00,D047,V014,C03289,Warranty,Completed,5,2916
SV006659,2026-01-24 00:00:00,D030,V006,C05122,Repair,Completed,4,1968
SV006660,2026-02-18 00:00:00,D009,V015,C05835,Warranty,Pending,5,2253
SV006661,2025-03-26 00:00:00,D060,V004,C05557,General Service,Completed,4,3023
SV006662,2025-01-06 00:00:00,D039,V001,C03056,Oil Change,Completed,4,1623
SV006663,2025-04-06 00:00:00,D025,V013,C02189,Periodic Maintenance,Completed,5,5802
SV006664,2026-04-21 00:00:00,D007,V009,C01684,Periodic Maintenance,Completed,4,3656
SV006665,2025-09-28 00:00:00,D046,V013,C05481,Warranty,Completed,5,3936
SV006666,2025-01-11 00:00:00,D049,V011,C02648,Repair,Completed,3,1799
SV006667,2026-03-29 00:00:00,D048,V016,C01147,General Service,Completed,5,2166
SV006668,2026-06-19 00:00:00,D023,V019,C05083,Warranty,Completed,2,3453
SV006669,2026-05-31 00:00:00,D029,V007,C01306,Oil Change,Completed,5,1460
SV006670,2026-07-16 00:00:00,D031,V012,C00867,Oil Change,Completed,4,4726
SV006671,2025-08-08 00:00:00,D036,V009,C02072,General Service,Completed,5,1011
SV006672,2025-06-08 00:00:00,D028,V013,C05741,Oil Change,Completed,5,3392
SV006673,2026-01-30 00:00:00,D008,V009,C02319,Periodic Maintenance,Completed,5,4381
SV006674,2025-07-02 00:00:00,D051,V019,C00335,General Service,Completed,5,4294
SV006675,2025-08-19 00:00:00,D034,V007,C00664,General Service,Completed,5,5235
SV006676,2026-10-03 00:00:00,D039,V007,C05931,General Service,Completed,4,1008
SV006677,2025-02-24 00:00:00,D022,V007,C02049,Repair,Completed,4,1300
SV006678,2025-02-25 00:00:00,D029,V012,C00529,General Service,Completed,5,1589
SV006679,2025-08-16 00:00:00,D052,V002,C01585,Periodic Maintenance,Completed,4,1450
SV006680,2025-04-11 00:00:00,D051,V007,C05655,General Service,Completed,4,2169
SV006681,2026-12-25 00:00:00,D024,V008,C03684,General Service,Completed,5,1949
SV006682,2026-01-27 00:00:00,D024,V005,C04716,Repair,Completed,3,3985
SV006683,2026-09-03 00:00:00,D056,V014,C02387,Warranty,Completed,1,1034
SV006684,2026-09-14 00:00:00,D023,V004,C02419,Warranty,Completed,5,1638
SV006685,2026-05-04 00:00:00,D053,V006,C01319,General Service,Completed,4,3963
SV006686,2025-11-19 00:00:00,D013,V009,C04879,General Service,Cancelled,3,1340
SV006687,2025-02-24 00:00:00,D030,V006,C02057,Periodic Maintenance,Completed,5,3249
SV006688,2026-04-25 00:00:00,D005,V018,C04076,Periodic Maintenance,Completed,5,1137
SV006689,2026-10-01 00:00:00,D018,V017,C00146,Oil Change,Pending,4,3108
SV006690,2025-02-20 00:00:00,D041,V007,C02773,Periodic Maintenance,Completed,5,3564
SV006691,2025-12-04 00:00:00,D006,V002,C03612,General Service,Completed,5,2307
SV006692,2026-04-24 00:00:00,D039,V014,C03057,Oil Change,Completed,4,1678
SV006693,2025-03-14 00:00:00,D021,V016,C03905,Repair,Completed,3,2836
SV006694,2025-06-30 00:00:00,D007,V007,C01102,Oil Change,Completed,5,3303
SV006695,2026-11-18 00:00:00,D012,V015,C04615,Oil Change,Completed,5,2798
SV006696,2025-10-06 00:00:00,D018,V020,C05457,Repair,Completed,4,2885
SV006697,2025-11-28 00:00:00,D026,V006,C03210,General Service,Completed,3,3299
SV006698,2025-07-09 00:00:00,D038,V014,C04976,Periodic Maintenance,Completed,5,2624
SV006699,2026-11-09 00:00:00,D003,V018,C01647,General Service,Completed,2,3223
SV006700,2025-12-26 00:00:00,D048,V016,C04557,Warranty,Completed,5,702
SV006701,2026-11-01 00:00:00,D016,V020,C02706,Periodic Maintenance,Completed,4,1159
SV006702,2026-05-23 00:00:00,D033,V019,C00900,Repair,Cancelled,2,2002
SV006703,2026-11-20 00:00:00,D028,V010,C01552,General Service,Completed,3,4482
SV006704,2026-09-22 00:00:00,D060,V016,C00823,General Service,Completed,3,1298
SV006705,2026-12-11 00:00:00,D048,V005,C00433,Repair,Completed,5,1513
SV006706,2025-08-02 00:00:00,D047,V012,C05118,General Service,Completed,5,4440
SV006707,2026-09-22 00:00:00,D018,V019,C03445,Periodic Maintenance,Completed,3,679
SV006708,2026-07-22 00:00:00,D058,V007,C04040,Oil Change,Completed,4,10855
SV006709,2025-06-24 00:00:00,D032,V018,C03836,General Service,Pending,3,1348
SV006710,2026-11-09 00:00:00,D045,V001,C02093,Oil Change,Completed,5,2097
SV006711,2026-02-09 00:00:00,D036,V011,C00140,Repair,Pending,2,2876
SV006712,2026-09-11 00:00:00,D001,V009,C05439,Periodic Maintenance,Completed,4,1601
SV006713,2025-04-16 00:00:00,D016,V004,C00291,General Service,Completed,4,1398
SV006714,2025-03-26 00:00:00,D018,V002,C02843,General Service,Completed,5,2130
SV006715,2026-10-07 00:00:00,D051,V011,C05248,Repair,Cancelled,5,1229
SV006716,2025-02-15 00:00:00,D006,V012,C05376,Oil Change,Completed,4,2602
SV006717,2026-04-05 00:00:00,D060,V012,C00446,Oil Change,Completed,4,5527
SV006718,2025-12-13 00:00:00,D017,V016,C00574,General Service,Completed,3,1460
SV006719,2025-06-03 00:00:00,D009,V007,C05403,Repair,Completed,4,2543
SV006720,2025-10-30 00:00:00,D023,V020,C03762,Repair,Completed,5,2292
SV006721,2026-03-24 00:00:00,D013,V007,C03651,General Service,Completed,4,6929
SV006722,2025-07-16 00:00:00,D004,V009,C03809,Periodic Maintenance,Completed,3,2616
SV006723,2026-02-04 00:00:00,D050,V020,C03281,Repair,Completed,4,1075
SV006724,2026-11-04 00:00:00,D001,V019,C03807,Warranty,Pending,4,2218
SV006725,2025-10-24 00:00:00,D009,V008,C02739,General Service,Completed,5,2963
SV006726,2025-06-24 00:00:00,D001,V008,C04512,General Service,Completed,4,5815
SV006727,2026-11-08 00:00:00,D054,V012,C00913,Oil Change,Completed,5,3941
SV006728,2025-06-02 00:00:00,D044,V011,C05770,General Service,Completed,4,2733
SV006729,2026-12-02 00:00:00,D017,V003,C02767,Repair,Completed,3,3125
SV006730,2025-01-17 00:00:00,D020,V020,C03590,Warranty,Completed,4,1952
SV006731,2025-06-23 00:00:00,D011,V018,C01992,Oil Change,Completed,5,2207
SV006732,2025-10-25 00:00:00,D052,V010,C00636,Warranty,Completed,4,2919
SV006733,2026-06-30 00:00:00,D055,V005,C03358,Oil Change,Completed,5,1229
SV006734,2026-07-10 00:00:00,D058,V016,C00844,Periodic Maintenance,Cancelled,5,4288
SV006735,2026-05-23 00:00:00,D024,V013,C04189,Oil Change,Completed,4,1706
SV006736,2025-04-23 00:00:00,D001,V008,C04857,General Service,Completed,3,1849
SV006737,2025-12-21 00:00:00,D010,V009,C05930,Oil Change,Completed,4,2944
SV006738,2026-06-05 00:00:00,D042,V008,C04068,Oil Change,Completed,5,4365
SV006739,2025-10-11 00:00:00,D041,V003,C02556,Periodic Maintenance,Completed,4,3428
SV006740,2025-02-03 00:00:00,D055,V011,C03215,General Service,Completed,3,1391
SV006741,2026-02-26 00:00:00,D049,V010,C01979,General Service,Completed,4,997
SV006742,2025-04-23 00:00:00,D014,V019,C01162,Repair,Completed,5,2278
SV006743,2026-02-28 00:00:00,D039,V006,C00383,Warranty,Completed,4,1792
SV006744,2025-08-30 00:00:00,D028,V006,C02696,Periodic Maintenance,Pending,4,2752
SV006745,2025-05-07 00:00:00,D019,V020,C02738,Oil Change,Completed,4,3065
SV006746,2025-11-30 00:00:00,D056,V003,C04176,Repair,Completed,5,1162
SV006747,2026-01-11 00:00:00,D023,V002,C05995,General Service,Completed,5,2130
SV006748,2026-11-17 00:00:00,D033,V016,C05031,Oil Change,Completed,4,5968
SV006749,2026-09-14 00:00:00,D041,V020,C00363,Periodic Maintenance,Completed,5,6760
SV006750,2025-10-20 00:00:00,D048,V008,C05276,General Service,Completed,1,1348
SV006751,2026-01-27 00:00:00,D050,V008,C05452,General Service,Completed,3,1168
SV006752,2026-09-14 00:00:00,D011,V007,C02546,General Service,Completed,4,2743
SV006753,2025-08-05 00:00:00,D017,V010,C03181,Oil Change,Completed,5,5865
SV006754,2026-12-12 00:00:00,D052,V019,C04901,Repair,Completed,4,1606
SV006755,2025-09-21 00:00:00,D015,V006,C01131,Periodic Maintenance,Completed,5,1954
SV006756,2025-11-21 00:00:00,D002,V002,C01936,Periodic Maintenance,Completed,5,1182
SV006757,2026-11-30 00:00:00,D021,V007,C00519,Warranty,Completed,5,2935
SV006758,2025-10-16 00:00:00,D044,V003,C01658,General Service,Completed,3,2843
SV006759,2026-10-10 00:00:00,D018,V009,C04402,General Service,Completed,4,2693
SV006760,2025-10-24 00:00:00,D028,V016,C02978,Periodic Maintenance,Completed,4,1796
SV006761,2025-10-11 00:00:00,D001,V002,C01511,Periodic Maintenance,Cancelled,4,3346
SV006762,2025-08-13 00:00:00,D034,V009,C01175,General Service,Cancelled,5,716
SV006763,2026-09-04 00:00:00,D032,V008,C03054,General Service,Completed,5,1098
SV006764,2025-12-27 00:00:00,D050,V011,C03280,Periodic Maintenance,Completed,4,1038
SV006765,2026-12-30 00:00:00,D033,V019,C00778,Periodic Maintenance,Completed,4,4693
SV006766,2026-01-09 00:00:00,D057,V020,C01317,General Service,Pending,4,3988
SV006767,2026-07-02 00:00:00,D011,V003,C02821,Periodic Maintenance,Completed,2,2040
SV006768,2026-12-22 00:00:00,D048,V014,C02051,General Service,Completed,5,2065
SV006769,2025-11-02 00:00:00,D026,V020,C03969,Periodic Maintenance,Completed,3,1920
SV006770,2026-01-31 00:00:00,D053,V007,C03494,General Service,Completed,4,3945
SV006771,2026-10-10 00:00:00,D028,V017,C05619,Warranty,Pending,4,5232
SV006772,2025-08-20 00:00:00,D043,V008,C04104,General Service,Completed,5,3482
SV006773,2026-02-26 00:00:00,D002,V002,C00575,Periodic Maintenance,Completed,4,3686
SV006774,2025-10-07 00:00:00,D053,V002,C02958,Periodic Maintenance,Completed,4,3816
SV006775,2026-09-05 00:00:00,D040,V019,C02218,Warranty,Completed,5,3244
SV006776,2026-12-20 00:00:00,D029,V001,C05134,Repair,Completed,5,2312
SV006777,2025-09-25 00:00:00,D017,V002,C02661,Periodic Maintenance,Cancelled,1,1727
SV006778,2026-10-30 00:00:00,D010,V013,C03649,General Service,Cancelled,4,9470
SV006779,2025-06-05 00:00:00,D038,V018,C03811,General Service,Completed,5,1592
SV006780,2025-09-17 00:00:00,D044,V009,C00299,General Service,Pending,5,2433
SV006781,2025-09-30 00:00:00,D021,V020,C05896,General Service,Completed,4,4200
SV006782,2026-06-10 00:00:00,D020,V020,C03976,General Service,Completed,5,1667
SV006783,2025-05-07 00:00:00,D024,V011,C05620,Periodic Maintenance,Completed,5,3006
SV006784,2025-01-19 00:00:00,D060,V006,C01949,General Service,Completed,4,2181
SV006785,2025-08-27 00:00:00,D006,V020,C04552,Warranty,Cancelled,4,2020
SV006786,2025-01-28 00:00:00,D005,V010,C02882,Oil Change,Completed,2,1816
SV006787,2025-08-16 00:00:00,D052,V016,C01255,Warranty,Completed,4,832
SV006788,2025-06-16 00:00:00,D054,V011,C03242,Periodic Maintenance,Completed,4,7288
SV006789,2025-08-18 00:00:00,D011,V020,C04278,Oil Change,Completed,2,3390
SV006790,2025-08-19 00:00:00,D043,V007,C00446,General Service,Completed,4,4042
SV006791,2026-05-05 00:00:00,D010,V011,C02662,Periodic Maintenance,Completed,3,2208
SV006792,2025-08-06 00:00:00,D030,V010,C05789,General Service,Completed,2,1289
SV006793,2025-01-04 00:00:00,D045,V003,C02038,Warranty,Completed,4,3268
SV006794,2025-05-17 00:00:00,D047,V007,C02304,Periodic Maintenance,Completed,4,2580
SV006795,2025-01-06 00:00:00,D025,V014,C00149,General Service,Completed,5,2765
SV006796,2025-07-22 00:00:00,D021,V009,C04324,General Service,Pending,5,1669
SV006797,2025-03-16 00:00:00,D044,V007,C04521,General Service,Completed,5,1130
SV006798,2026-01-26 00:00:00,D051,V007,C03612,General Service,Completed,4,2819
SV006799,2025-07-08 00:00:00,D028,V019,C05189,Periodic Maintenance,Completed,4,943
SV006800,2025-08-06 00:00:00,D001,V010,C00059,General Service,Completed,4,4076
SV006801,2026-06-23 00:00:00,D034,V005,C01002,Repair,Pending,4,1425
SV006802,2026-07-15 00:00:00,D057,V006,C01722,General Service,Pending,4,5927
SV006803,2026-06-08 00:00:00,D001,V018,C02548,Warranty,Completed,5,771
SV006804,2025-12-14 00:00:00,D013,V009,C00306,Oil Change,Pending,5,1130
SV006805,2025-11-05 00:00:00,D007,V009,C01544,Oil Change,Completed,4,1926
SV006806,2026-05-28 00:00:00,D026,V020,C00870,Oil Change,Completed,5,7322
SV006807,2026-11-18 00:00:00,D011,V015,C02371,Periodic Maintenance,Completed,5,2069
SV006808,2025-04-29 00:00:00,D051,V013,C03187,General Service,Completed,5,1921
SV006809,2026-05-04 00:00:00,D012,V015,C00659,Periodic Maintenance,Completed,3,3204
SV006810,2025-05-15 00:00:00,D048,V003,C05475,Repair,Completed,5,2120
SV006811,2026-09-08 00:00:00,D013,V004,C01548,Repair,Cancelled,5,3405
SV006812,2026-09-16 00:00:00,D032,V001,C00375,General Service,Completed,3,2278
SV006813,2025-01-10 00:00:00,D041,V017,C01205,Oil Change,Completed,4,5333
SV006814,2025-05-07 00:00:00,D014,V010,C01381,Warranty,Completed,5,1119
SV006815,2025-09-08 00:00:00,D034,V019,C04493,Oil Change,Completed,5,1384
SV006816,2026-08-04 00:00:00,D013,V009,C00977,Repair,Completed,4,2218
SV006817,2025-07-31 00:00:00,D059,V012,C00700,Warranty,Completed,5,2531
SV006818,2026-03-10 00:00:00,D042,V008,C02681,General Service,Completed,3,5101
SV006819,2026-11-23 00:00:00,D008,V008,C02144,Warranty,Completed,5,2034
SV006820,2025-07-27 00:00:00,D030,V015,C05568,General Service,Completed,5,1970
SV006821,2026-01-11 00:00:00,D018,V001,C02622,Warranty,Completed,4,3038
SV006822,2025-10-31 00:00:00,D054,V006,C02833,Warranty,Completed,2,3521
SV006823,2026-03-19 00:00:00,D027,V014,C04305,General Service,Pending,5,2876
SV006824,2025-08-25 00:00:00,D049,V003,C04891,Repair,Completed,4,3208
SV006825,2026-12-18 00:00:00,D043,V008,C03088,General Service,Completed,4,3219
SV006826,2026-08-04 00:00:00,D044,V003,C04920,Periodic Maintenance,Completed,5,2230
SV006827,2025-08-23 00:00:00,D011,V016,C01478,Oil Change,Completed,5,1639
SV006828,2026-09-04 00:00:00,D019,V005,C00457,General Service,Completed,5,1209
SV006829,2026-09-06 00:00:00,D014,V015,C00170,Warranty,Completed,5,1379
SV006830,2026-07-20 00:00:00,D011,V004,C01498,Periodic Maintenance,Completed,3,3913
SV006831,2025-07-31 00:00:00,D001,V007,C02530,Periodic Maintenance,Completed,5,6912
SV006832,2025-03-14 00:00:00,D052,V013,C05487,Periodic Maintenance,Completed,5,2020
SV006833,2025-09-02 00:00:00,D037,V007,C02520,Oil Change,Completed,5,2522
SV006834,2026-03-21 00:00:00,D005,V003,C00714,Periodic Maintenance,Completed,3,2200
SV006835,2025-05-03 00:00:00,D010,V013,C01284,Repair,Completed,3,2985
SV006836,2025-01-15 00:00:00,D012,V011,C05175,General Service,Completed,1,942
SV006837,2026-09-03 00:00:00,D037,V015,C03739,General Service,Completed,5,2025
SV006838,2026-06-01 00:00:00,D003,V015,C05958,General Service,Completed,4,1931
SV006839,2026-04-02 00:00:00,D056,V009,C05930,General Service,Completed,5,973
SV006840,2025-04-14 00:00:00,D051,V006,C05672,General Service,Completed,5,2381
SV006841,2025-02-13 00:00:00,D051,V018,C00724,General Service,Completed,5,4012
SV006842,2025-11-03 00:00:00,D028,V009,C03199,General Service,Cancelled,4,2600
SV006843,2026-08-01 00:00:00,D003,V012,C03081,Oil Change,Completed,4,4219
SV006844,2026-09-23 00:00:00,D055,V018,C04845,General Service,Completed,3,1976
SV006845,2025-11-10 00:00:00,D046,V015,C05330,General Service,Completed,5,1519
SV006846,2025-01-06 00:00:00,D031,V018,C03688,General Service,Completed,4,1352
SV006847,2026-01-20 00:00:00,D006,V019,C03539,General Service,Completed,2,3783
SV006848,2025-01-20 00:00:00,D050,V003,C04145,Oil Change,Completed,5,5374
SV006849,2025-01-04 00:00:00,D020,V016,C00202,Periodic Maintenance,Completed,5,1140
SV006850,2025-06-01 00:00:00,D060,V003,C00160,Repair,Completed,2,5788
SV006851,2025-11-10 00:00:00,D038,V010,C02589,Periodic Maintenance,Cancelled,5,4031
SV006852,2026-09-25 00:00:00,D015,V013,C00136,Repair,Completed,2,6615
SV006853,2026-04-12 00:00:00,D037,V004,C05447,Repair,Completed,3,5609
SV006854,2026-01-17 00:00:00,D007,V005,C04005,General Service,Completed,5,958
SV006855,2025-05-06 00:00:00,D006,V019,C01255,General Service,Cancelled,5,3681
SV006856,2026-01-10 00:00:00,D004,V008,C03805,Periodic Maintenance,Cancelled,4,1562
SV006857,2025-03-01 00:00:00,D027,V001,C00689,Periodic Maintenance,Pending,5,3166
SV006858,2026-09-13 00:00:00,D034,V011,C00901,Repair,Completed,4,3061
SV006859,2025-01-05 00:00:00,D037,V006,C01314,General Service,Completed,4,3568
SV006860,2026-06-23 00:00:00,D033,V004,C03888,Periodic Maintenance,Completed,5,2539
SV006861,2025-03-17 00:00:00,D025,V006,C01848,Periodic Maintenance,Completed,5,2019
SV006862,2025-05-05 00:00:00,D053,V002,C03020,Periodic Maintenance,Completed,4,5679
SV006863,2026-12-25 00:00:00,D017,V004,C00538,Warranty,Completed,4,1826
SV006864,2026-03-20 00:00:00,D020,V011,C04434,General Service,Completed,4,3752
SV006865,2026-07-30 00:00:00,D059,V008,C02141,Periodic Maintenance,Completed,5,1580
SV006866,2025-02-05 00:00:00,D050,V006,C05955,Oil Change,Completed,5,1352
SV006867,2025-03-27 00:00:00,D044,V019,C01953,Warranty,Completed,4,1710
SV006868,2026-07-05 00:00:00,D001,V002,C03519,Periodic Maintenance,Completed,4,1243
SV006869,2026-02-28 00:00:00,D058,V011,C04604,General Service,Completed,3,1088
SV006870,2026-11-27 00:00:00,D008,V017,C02915,Oil Change,Completed,4,3688
SV006871,2025-01-05 00:00:00,D050,V013,C01126,Warranty,Cancelled,5,3785
SV006872,2025-12-13 00:00:00,D058,V001,C03702,General Service,Cancelled,5,5847
SV006873,2025-12-16 00:00:00,D003,V010,C02236,General Service,Completed,4,2089
SV006874,2026-01-02 00:00:00,D034,V004,C04026,Oil Change,Completed,5,7056
SV006875,2025-09-07 00:00:00,D043,V012,C04068,Repair,Pending,5,2232
SV006876,2025-10-15 00:00:00,D040,V014,C00024,General Service,Completed,4,3507
SV006877,2025-12-12 00:00:00,D034,V006,C05563,Periodic Maintenance,Completed,4,3181
SV006878,2025-03-21 00:00:00,D015,V019,C02840,Repair,Completed,5,7855
SV006879,2026-05-09 00:00:00,D003,V008,C01556,Repair,Completed,4,2449
SV006880,2025-05-18 00:00:00,D036,V013,C01410,General Service,Completed,4,3863
SV006881,2025-05-10 00:00:00,D056,V020,C02224,Warranty,Completed,4,2020
SV006882,2026-04-04 00:00:00,D041,V015,C01847,General Service,Completed,4,1463
SV006883,2026-08-22 00:00:00,D014,V015,C04552,Repair,Completed,4,3474
SV006884,2026-05-09 00:00:00,D058,V001,C02548,Periodic Maintenance,Completed,2,2968
SV006885,2025-08-27 00:00:00,D044,V014,C00854,General Service,Completed,2,1924
SV006886,2026-02-24 00:00:00,D006,V015,C05390,Repair,Completed,4,2948
SV006887,2025-10-17 00:00:00,D056,V005,C04761,General Service,Completed,5,813
SV006888,2025-04-29 00:00:00,D053,V012,C00339,Periodic Maintenance,Completed,4,3703
SV006889,2025-07-11 00:00:00,D001,V004,C05834,Periodic Maintenance,Completed,5,2949
SV006890,2026-07-30 00:00:00,D021,V015,C00043,Periodic Maintenance,Completed,5,1692
SV006891,2026-05-16 00:00:00,D049,V019,C00355,Repair,Completed,5,7269
SV006892,2026-07-27 00:00:00,D016,V017,C01543,General Service,Completed,4,2107
SV006893,2026-10-11 00:00:00,D035,V003,C05273,Periodic Maintenance,Completed,5,6346
SV006894,2025-03-31 00:00:00,D032,V008,C04843,Periodic Maintenance,Completed,4,8827
SV006895,2026-06-15 00:00:00,D031,V014,C01202,General Service,Completed,4,3673
SV006896,2025-08-23 00:00:00,D010,V014,C05032,Periodic Maintenance,Completed,4,1969
SV006897,2026-02-09 00:00:00,D004,V013,C02946,General Service,Pending,5,3334
SV006898,2026-11-16 00:00:00,D056,V010,C02513,Repair,Completed,2,1337
SV006899,2026-01-09 00:00:00,D033,V010,C00166,General Service,Completed,5,2740
SV006900,2026-08-17 00:00:00,D049,V007,C00518,Periodic Maintenance,Completed,5,3078
SV006901,2026-11-10 00:00:00,D021,V013,C04665,General Service,Completed,5,1094
SV006902,2026-10-11 00:00:00,D052,V016,C05392,General Service,Completed,5,4497
SV006903,2025-11-11 00:00:00,D052,V015,C02805,Oil Change,Completed,5,1694
SV006904,2025-04-12 00:00:00,D022,V010,C02573,Periodic Maintenance,Pending,5,2419
SV006905,2025-06-21 00:00:00,D039,V019,C03558,Oil Change,Completed,5,4465
SV006906,2025-10-18 00:00:00,D031,V011,C03193,General Service,Completed,5,3937
SV006907,2025-04-11 00:00:00,D002,V002,C05535,Periodic Maintenance,Completed,4,733
SV006908,2026-11-30 00:00:00,D039,V019,C05842,Periodic Maintenance,Completed,1,3505
SV006909,2025-06-23 00:00:00,D033,V011,C04451,Repair,Completed,4,1592
SV006910,2025-08-22 00:00:00,D041,V020,C05077,General Service,Completed,4,3758
SV006911,2026-03-25 00:00:00,D053,V007,C05456,General Service,Completed,4,3122
SV006912,2025-12-06 00:00:00,D060,V020,C03339,Repair,Completed,1,2450
SV006913,2026-09-13 00:00:00,D042,V004,C05550,General Service,Completed,5,1372
SV006914,2025-12-03 00:00:00,D052,V008,C00370,Repair,Completed,4,4345
SV006915,2025-02-09 00:00:00,D026,V018,C01951,General Service,Completed,5,3264
SV006916,2026-12-09 00:00:00,D044,V002,C01923,Repair,Completed,5,2237
SV006917,2026-01-21 00:00:00,D046,V020,C00208,Repair,Pending,4,1073
SV006918,2025-12-31 00:00:00,D048,V008,C00404,Periodic Maintenance,Completed,1,2210
SV006919,2025-03-07 00:00:00,D010,V020,C04065,Oil Change,Completed,5,6401
SV006920,2025-07-21 00:00:00,D051,V014,C05096,Repair,Completed,5,3032
SV006921,2025-12-02 00:00:00,D020,V010,C01526,General Service,Completed,4,908
SV006922,2025-09-16 00:00:00,D015,V004,C01027,Periodic Maintenance,Completed,5,2454
SV006923,2025-12-08 00:00:00,D041,V003,C04408,General Service,Completed,3,5400
SV006924,2025-06-21 00:00:00,D056,V002,C02742,Periodic Maintenance,Completed,4,4187
SV006925,2025-02-03 00:00:00,D025,V015,C03103,Periodic Maintenance,Completed,4,1062
SV006926,2026-03-13 00:00:00,D030,V001,C05577,Repair,Cancelled,4,3246
SV006927,2026-08-25 00:00:00,D003,V005,C00045,General Service,Completed,4,5673
SV006928,2025-06-05 00:00:00,D056,V017,C00170,Oil Change,Completed,4,1686
SV006929,2026-01-01 00:00:00,D050,V010,C03321,Repair,Completed,4,2812
SV006930,2025-12-13 00:00:00,D023,V005,C02775,Oil Change,Completed,5,3305
SV006931,2026-02-24 00:00:00,D049,V008,C03691,Warranty,Completed,5,1341
SV006932,2025-08-08 00:00:00,D009,V009,C00678,Periodic Maintenance,Completed,5,1548
SV006933,2026-12-20 00:00:00,D042,V017,C03336,General Service,Completed,4,500
SV006934,2025-03-23 00:00:00,D020,V017,C00478,Repair,Completed,1,2877
SV006935,2026-08-04 00:00:00,D027,V016,C01508,General Service,Completed,4,2581
SV006936,2025-07-29 00:00:00,D034,V008,C02856,Oil Change,Pending,5,2433
SV006937,2026-09-26 00:00:00,D014,V001,C00124,Oil Change,Completed,5,890
SV006938,2026-04-04 00:00:00,D040,V015,C03402,Repair,Completed,4,1525
SV006939,2025-04-13 00:00:00,D018,V019,C02375,General Service,Pending,4,3299
SV006940,2026-03-10 00:00:00,D056,V003,C03174,Periodic Maintenance,Completed,2,2181
SV006941,2026-02-07 00:00:00,D028,V012,C00010,Warranty,Completed,3,1433
SV006942,2025-07-22 00:00:00,D055,V004,C01639,General Service,Completed,5,1141
SV006943,2026-02-10 00:00:00,D040,V015,C00345,Oil Change,Completed,4,963
SV006944,2026-11-03 00:00:00,D036,V020,C01288,Repair,Completed,4,1473
SV006945,2025-03-19 00:00:00,D027,V003,C05172,Periodic Maintenance,Completed,4,3341
SV006946,2026-02-19 00:00:00,D007,V011,C04241,Oil Change,Pending,4,2782
SV006947,2026-09-18 00:00:00,D035,V018,C03531,General Service,Completed,5,3012
SV006948,2026-08-17 00:00:00,D037,V001,C01403,Repair,Completed,5,704
SV006949,2026-06-17 00:00:00,D057,V004,C05666,General Service,Pending,4,2164
SV006950,2025-10-03 00:00:00,D049,V006,C05879,General Service,Completed,5,2762
SV006951,2025-11-19 00:00:00,D016,V017,C02405,Repair,Pending,3,4871
SV006952,2026-06-07 00:00:00,D044,V019,C04236,General Service,Completed,3,1591
SV006953,2025-06-14 00:00:00,D012,V017,C02262,General Service,Completed,2,1353
SV006954,2025-02-06 00:00:00,D017,V019,C05652,Periodic Maintenance,Completed,4,6366
SV006955,2026-04-29 00:00:00,D059,V005,C03732,Repair,Completed,5,3345
SV006956,2026-12-18 00:00:00,D049,V002,C05311,General Service,Completed,5,2344
SV006957,2025-07-31 00:00:00,D034,V002,C02496,General Service,Completed,4,9910
SV006958,2026-10-13 00:00:00,D004,V006,C04761,General Service,Completed,5,2740
SV006959,2026-11-09 00:00:00,D006,V019,C03719,General Service,Completed,4,1577
SV006960,2026-09-06 00:00:00,D017,V014,C05402,Warranty,Completed,4,6088
SV006961,2026-05-12 00:00:00,D021,V014,C00022,Oil Change,Completed,5,1233
SV006962,2025-08-20 00:00:00,D034,V010,C02992,General Service,Completed,5,1791
SV006963,2025-12-12 00:00:00,D055,V002,C02108,Oil Change,Pending,4,1076
SV006964,2025-09-18 00:00:00,D002,V016,C02031,Periodic Maintenance,Completed,4,1168
SV006965,2026-12-27 00:00:00,D031,V012,C03886,Oil Change,Completed,4,3705
SV006966,2026-04-04 00:00:00,D020,V002,C03202,General Service,Completed,4,1902
SV006967,2025-08-22 00:00:00,D056,V007,C05616,General Service,Completed,3,2565
SV006968,2026-10-31 00:00:00,D058,V016,C05485,Repair,Completed,2,3392
SV006969,2025-08-08 00:00:00,D029,V014,C00387,General Service,Completed,3,6619
SV006970,2025-09-17 00:00:00,D030,V003,C05922,Periodic Maintenance,Completed,5,3461
SV006971,2025-09-23 00:00:00,D009,V008,C01340,Periodic Maintenance,Pending,4,1944
SV006972,2026-03-05 00:00:00,D015,V011,C04313,Warranty,Completed,5,3963
SV006973,2026-09-22 00:00:00,D051,V010,C02407,General Service,Completed,5,2149
SV006974,2026-10-06 00:00:00,D023,V016,C01733,General Service,Completed,3,2208
SV006975,2026-06-13 00:00:00,D058,V015,C05018,Periodic Maintenance,Completed,5,5096
SV006976,2025-06-17 00:00:00,D043,V003,C00034,General Service,Completed,5,1537
SV006977,2025-02-23 00:00:00,D035,V006,C01494,Periodic Maintenance,Pending,5,2469
SV006978,2025-03-18 00:00:00,D025,V012,C02538,Periodic Maintenance,Completed,4,1230
SV006979,2025-12-06 00:00:00,D032,V016,C01123,Warranty,Completed,5,2254
SV006980,2026-07-23 00:00:00,D047,V005,C00077,General Service,Completed,5,785
SV006981,2026-05-18 00:00:00,D059,V013,C05973,General Service,Completed,5,1765
SV006982,2026-12-30 00:00:00,D019,V006,C04807,General Service,Completed,5,1716
SV006983,2025-12-12 00:00:00,D036,V008,C05282,Repair,Completed,5,2107
SV006984,2026-03-16 00:00:00,D055,V014,C00335,Periodic Maintenance,Completed,2,1817
SV006985,2025-01-14 00:00:00,D005,V015,C02340,Warranty,Completed,4,5448
SV006986,2025-12-22 00:00:00,D040,V020,C01571,Periodic Maintenance,Completed,4,3864
SV006987,2025-09-04 00:00:00,D023,V014,C02797,General Service,Completed,4,2936
SV006988,2026-01-06 00:00:00,D018,V008,C01246,Periodic Maintenance,Completed,5,1938
SV006989,2025-02-24 00:00:00,D038,V011,C05379,General Service,Completed,2,8080
SV006990,2025-09-12 00:00:00,D006,V015,C00400,General Service,Completed,5,7747
SV006991,2026-09-23 00:00:00,D014,V012,C03122,Repair,Completed,1,2094
SV006992,2025-02-04 00:00:00,D017,V015,C02639,General Service,Completed,5,866
SV006993,2026-07-02 00:00:00,D024,V012,C04217,General Service,Completed,4,4225
SV006994,2026-06-03 00:00:00,D011,V019,C00899,General Service,Completed,4,3858
SV006995,2025-06-12 00:00:00,D005,V014,C01189,Repair,Completed,1,6746
SV006996,2026-10-05 00:00:00,D037,V017,C04234,Periodic Maintenance,Completed,5,1966
SV006997,2025-10-24 00:00:00,D023,V004,C00463,Repair,Completed,5,3291
SV006998,2025-11-16 00:00:00,D026,V001,C05636,General Service,Completed,4,2875
SV006999,2025-10-08 00:00:00,D038,V003,C03547,Repair,Pending,2,1100
SV007000,2026-08-03 00:00:00,D049,V007,C00725,General Service,Completed,4,1981
SV007001,2026-10-26 00:00:00,D058,V012,C05642,Warranty,Completed,2,1485
SV007002,2026-03-11 00:00:00,D029,V007,C03531,General Service,Completed,2,910
SV007003,2026-10-23 00:00:00,D032,V010,C01656,General Service,Completed,3,2195
SV007004,2025-09-01 00:00:00,D056,V020,C04225,Periodic Maintenance,Completed,4,2255
SV007005,2025-04-06 00:00:00,D003,V019,C03052,General Service,Completed,5,2178
SV007006,2025-10-07 00:00:00,D051,V017,C02720,Periodic Maintenance,Completed,2,3288
SV007007,2026-01-07 00:00:00,D053,V016,C00746,Periodic Maintenance,Completed,5,2724
SV007008,2025-05-14 00:00:00,D052,V010,C05897,Periodic Maintenance,Completed,1,2999
SV007009,2026-03-25 00:00:00,D041,V008,C02277,General Service,Completed,5,1382
SV007010,2026-03-24 00:00:00,D059,V013,C03761,General Service,Completed,4,1347
SV007011,2026-10-01 00:00:00,D057,V017,C05420,General Service,Completed,3,1937
SV007012,2025-12-04 00:00:00,D002,V005,C00499,General Service,Completed,5,945
SV007013,2026-11-01 00:00:00,D005,V013,C03152,General Service,Completed,5,1794
SV007014,2026-07-03 00:00:00,D001,V017,C03680,Warranty,Completed,5,2368
SV007015,2025-04-03 00:00:00,D012,V018,C01124,Periodic Maintenance,Completed,5,4573
SV007016,2025-06-24 00:00:00,D015,V010,C05383,Warranty,Completed,3,2149
SV007017,2025-05-23 00:00:00,D045,V006,C02148,Periodic Maintenance,Completed,4,1153
SV007018,2025-06-11 00:00:00,D028,V019,C00512,Oil Change,Completed,5,1870
SV007019,2025-01-19 00:00:00,D026,V017,C00127,General Service,Completed,4,3544
SV007020,2026-07-19 00:00:00,D049,V006,C02411,Oil Change,Completed,5,826
SV007021,2026-11-05 00:00:00,D020,V017,C01411,Repair,Completed,5,2413
SV007022,2025-02-22 00:00:00,D009,V005,C01377,General Service,Completed,4,1763
SV007023,2026-12-20 00:00:00,D050,V014,C03859,Periodic Maintenance,Completed,5,5040
SV007024,2026-09-06 00:00:00,D036,V011,C01729,General Service,Cancelled,5,2933
SV007025,2025-03-25 00:00:00,D025,V005,C04742,Warranty,Completed,5,1307
SV007026,2026-10-29 00:00:00,D033,V003,C04059,General Service,Completed,3,5766
SV007027,2026-09-17 00:00:00,D048,V011,C04260,Oil Change,Cancelled,4,3083
SV007028,2025-01-06 00:00:00,D012,V009,C04705,General Service,Completed,5,1035
SV007029,2026-08-21 00:00:00,D022,V005,C04633,General Service,Completed,4,2301
SV007030,2026-03-21 00:00:00,D059,V018,C02025,Repair,Completed,4,4002
SV007031,2025-01-01 00:00:00,D009,V005,C04846,General Service,Completed,4,1981
SV007032,2025-12-20 00:00:00,D052,V002,C01634,General Service,Completed,2,3542
SV007033,2025-12-20 00:00:00,D002,V010,C04485,Oil Change,Completed,4,1214
SV007034,2025-02-14 00:00:00,D006,V005,C03297,General Service,Completed,5,769
SV007035,2025-11-06 00:00:00,D053,V012,C02259,Repair,Completed,4,5198
SV007036,2026-02-05 00:00:00,D053,V009,C03558,Repair,Completed,5,3062
SV007037,2025-08-21 00:00:00,D055,V015,C01286,Repair,Completed,3,2328
SV007038,2026-09-30 00:00:00,D003,V008,C03587,Repair,Completed,5,3753
SV007039,2025-03-14 00:00:00,D015,V016,C03966,Periodic Maintenance,Completed,5,1484
SV007040,2026-11-03 00:00:00,D025,V012,C04023,Periodic Maintenance,Completed,5,2339
SV007041,2026-07-23 00:00:00,D059,V016,C05999,Oil Change,Completed,4,1742
SV007042,2025-01-21 00:00:00,D047,V010,C04306,Oil Change,Completed,5,6268
SV007043,2026-10-03 00:00:00,D059,V011,C05675,Periodic Maintenance,Completed,1,4531
SV007044,2025-05-21 00:00:00,D001,V005,C00116,Oil Change,Completed,5,6216
SV007045,2025-08-24 00:00:00,D030,V011,C02372,General Service,Completed,5,2408
SV007046,2026-04-12 00:00:00,D055,V016,C04580,Repair,Completed,5,2605
SV007047,2025-07-07 00:00:00,D055,V004,C02909,Repair,Completed,5,758
SV007048,2025-06-22 00:00:00,D032,V001,C02649,General Service,Completed,5,2047
SV007049,2025-10-01 00:00:00,D019,V002,C00434,Repair,Completed,3,909
SV007050,2026-02-28 00:00:00,D045,V001,C03429,Periodic Maintenance,Completed,5,3402
SV007051,2025-09-18 00:00:00,D045,V012,C04615,General Service,Completed,4,1289
SV007052,2025-11-30 00:00:00,D030,V020,C05693,General Service,Completed,4,2112
SV007053,2025-03-29 00:00:00,D039,V019,C01797,Oil Change,Completed,5,4595
SV007054,2026-08-17 00:00:00,D004,V009,C05766,General Service,Completed,4,2488
SV007055,2026-06-30 00:00:00,D001,V014,C03751,General Service,Pending,4,2109
SV007056,2025-06-21 00:00:00,D045,V003,C02972,General Service,Completed,3,2075
SV007057,2026-12-31 00:00:00,D033,V005,C05611,Warranty,Completed,4,1579
SV007058,2025-11-09 00:00:00,D039,V009,C03658,General Service,Completed,5,2281
SV007059,2025-11-15 00:00:00,D027,V012,C04746,Repair,Completed,2,1828
SV007060,2026-01-25 00:00:00,D041,V012,C03710,Periodic Maintenance,Cancelled,4,3807
SV007061,2026-09-03 00:00:00,D031,V005,C00796,Repair,Completed,5,1112
SV007062,2026-12-23 00:00:00,D031,V003,C00602,Periodic Maintenance,Completed,4,2028
SV007063,2026-10-31 00:00:00,D057,V010,C00063,Periodic Maintenance,Completed,5,4454
SV007064,2026-07-07 00:00:00,D004,V020,C04415,General Service,Completed,2,2271
SV007065,2026-12-24 00:00:00,D004,V006,C03209,General Service,Completed,5,1755
SV007066,2026-12-30 00:00:00,D002,V005,C01726,General Service,Completed,5,1879
SV007067,2026-06-14 00:00:00,D057,V016,C03060,Oil Change,Completed,5,4043
SV007068,2026-10-31 00:00:00,D058,V015,C03924,General Service,Completed,3,2297
SV007069,2026-01-08 00:00:00,D034,V012,C04757,Oil Change,Completed,5,1296
SV007070,2025-12-17 00:00:00,D055,V003,C02282,Periodic Maintenance,Completed,4,1023
SV007071,2026-04-12 00:00:00,D022,V010,C04105,Oil Change,Completed,4,2346
SV007072,2026-05-10 00:00:00,D057,V010,C05836,Warranty,Pending,5,4296
SV007073,2026-11-10 00:00:00,D008,V004,C02562,General Service,Completed,2,1166
SV007074,2025-06-28 00:00:00,D031,V020,C00339,General Service,Completed,5,3570
SV007075,2026-11-29 00:00:00,D056,V010,C04847,Warranty,Completed,4,8855
SV007076,2025-03-07 00:00:00,D023,V019,C03208,Oil Change,Completed,5,2467
SV007077,2026-01-19 00:00:00,D007,V014,C05532,General Service,Completed,1,4024
SV007078,2026-12-22 00:00:00,D030,V018,C00922,General Service,Pending,4,2235
SV007079,2026-04-28 00:00:00,D019,V009,C02790,Repair,Completed,5,3902
SV007080,2025-04-16 00:00:00,D021,V003,C05916,General Service,Completed,5,2808
SV007081,2026-07-22 00:00:00,D021,V009,C04266,General Service,Completed,5,3291
SV007082,2026-01-05 00:00:00,D023,V011,C03111,Periodic Maintenance,Completed,5,2193
SV007083,2025-04-30 00:00:00,D001,V019,C00752,Warranty,Completed,5,3077
SV007084,2025-01-16 00:00:00,D002,V010,C00570,General Service,Completed,4,4906
SV007085,2025-05-26 00:00:00,D049,V017,C03068,Oil Change,Completed,4,3627
SV007086,2026-07-25 00:00:00,D052,V012,C00740,Warranty,Completed,4,2888
SV007087,2025-07-26 00:00:00,D018,V008,C05292,Repair,Completed,4,3159
SV007088,2025-04-13 00:00:00,D003,V005,C01404,Oil Change,Completed,1,3263
SV007089,2025-09-20 00:00:00,D055,V009,C01648,General Service,Completed,5,2543
SV007090,2025-11-28 00:00:00,D007,V003,C05170,Periodic Maintenance,Completed,4,1858
SV007091,2026-06-03 00:00:00,D035,V003,C05554,Oil Change,Completed,5,3024
SV007092,2026-04-13 00:00:00,D016,V007,C03049,General Service,Completed,4,2464
SV007093,2025-08-22 00:00:00,D010,V018,C03267,Oil Change,Pending,5,1238
SV007094,2025-11-10 00:00:00,D046,V008,C04920,General Service,Completed,5,2505
SV007095,2025-07-17 00:00:00,D039,V013,C05192,General Service,Completed,4,2110
SV007096,2026-08-18 00:00:00,D036,V009,C05679,General Service,Completed,1,4372
SV007097,2025-06-08 00:00:00,D028,V010,C01590,Periodic Maintenance,Cancelled,1,4017
SV007098,2026-08-02 00:00:00,D033,V010,C01426,Repair,Completed,4,2685
SV007099,2026-04-30 00:00:00,D027,V010,C02956,Periodic Maintenance,Completed,5,1304
SV007100,2025-06-20 00:00:00,D007,V013,C01860,Oil Change,Completed,2,2792
SV007101,2026-03-04 00:00:00,D054,V016,C05910,General Service,Completed,5,2960
SV007102,2026-06-01 00:00:00,D027,V014,C00902,Periodic Maintenance,Completed,4,2229
SV007103,2026-01-16 00:00:00,D042,V010,C03729,Oil Change,Completed,4,1630
SV007104,2026-05-21 00:00:00,D049,V004,C02540,General Service,Completed,4,3076
SV007105,2026-05-09 00:00:00,D015,V010,C02744,Repair,Completed,2,1141
SV007106,2026-04-23 00:00:00,D010,V014,C03685,Oil Change,Completed,5,2392
SV007107,2026-09-20 00:00:00,D008,V012,C05418,General Service,Completed,4,2873
SV007108,2026-12-30 00:00:00,D024,V015,C01491,Periodic Maintenance,Pending,4,1697
SV007109,2026-01-13 00:00:00,D021,V008,C05522,General Service,Completed,5,1591
SV007110,2026-03-30 00:00:00,D056,V011,C04372,Repair,Completed,4,3002
SV007111,2025-07-24 00:00:00,D003,V015,C00408,General Service,Completed,5,3389
SV007112,2026-08-21 00:00:00,D045,V002,C04576,Warranty,Completed,4,7315
SV007113,2025-05-06 00:00:00,D050,V019,C01743,Repair,Completed,5,912
SV007114,2025-02-09 00:00:00,D033,V010,C05017,General Service,Completed,5,3872
SV007115,2025-12-21 00:00:00,D004,V016,C05364,General Service,Completed,5,1625
SV007116,2026-08-06 00:00:00,D031,V009,C04476,Periodic Maintenance,Completed,5,2373
SV007117,2026-11-10 00:00:00,D039,V018,C00247,Periodic Maintenance,Completed,3,9889
SV007118,2026-07-30 00:00:00,D051,V003,C02545,Repair,Completed,5,1923
SV007119,2025-10-16 00:00:00,D047,V007,C03089,Periodic Maintenance,Completed,2,3780
SV007120,2025-09-10 00:00:00,D005,V006,C04462,General Service,Completed,4,1704
SV007121,2025-04-05 00:00:00,D010,V006,C00121,General Service,Completed,3,1928
SV007122,2025-11-28 00:00:00,D017,V018,C04927,Periodic Maintenance,Completed,5,3762
SV007123,2026-01-23 00:00:00,D017,V017,C05052,Warranty,Completed,4,663
SV007124,2026-09-03 00:00:00,D017,V007,C05845,General Service,Completed,5,2842
SV007125,2026-10-12 00:00:00,D035,V018,C02599,Oil Change,Completed,3,1821
SV007126,2026-04-05 00:00:00,D010,V018,C03004,Repair,Completed,3,3816
SV007127,2025-10-21 00:00:00,D041,V006,C00669,Oil Change,Pending,1,2794
SV007128,2026-05-24 00:00:00,D024,V001,C00156,Periodic Maintenance,Completed,2,8340
SV007129,2025-05-12 00:00:00,D031,V005,C05843,Periodic Maintenance,Completed,5,1986
SV007130,2026-06-21 00:00:00,D039,V018,C00633,Oil Change,Completed,5,3859
SV007131,2025-01-21 00:00:00,D055,V016,C03612,General Service,Completed,3,1496
SV007132,2026-11-16 00:00:00,D030,V018,C02261,Periodic Maintenance,Completed,5,1381
SV007133,2025-12-19 00:00:00,D016,V012,C01298,General Service,Completed,5,1120
SV007134,2026-02-24 00:00:00,D043,V008,C00930,Periodic Maintenance,Completed,1,936
SV007135,2026-08-07 00:00:00,D023,V007,C03588,Repair,Completed,5,3111
SV007136,2026-07-18 00:00:00,D019,V004,C05072,Oil Change,Completed,1,942
SV007137,2025-05-28 00:00:00,D007,V003,C05295,Oil Change,Completed,5,4091
SV007138,2026-12-03 00:00:00,D033,V009,C00258,Periodic Maintenance,Completed,4,2903
SV007139,2025-04-01 00:00:00,D009,V007,C00225,Periodic Maintenance,Completed,5,6470
SV007140,2025-03-13 00:00:00,D060,V008,C02712,Periodic Maintenance,Completed,1,1735
SV007141,2025-03-25 00:00:00,D009,V015,C05046,Periodic Maintenance,Completed,4,4585
SV007142,2025-09-21 00:00:00,D017,V006,C01664,Warranty,Completed,3,3662
SV007143,2026-01-06 00:00:00,D053,V012,C04812,General Service,Completed,4,551
SV007144,2026-12-16 00:00:00,D008,V013,C05545,General Service,Completed,5,1606
SV007145,2026-12-25 00:00:00,D027,V007,C05108,Oil Change,Completed,5,1383
SV007146,2025-05-25 00:00:00,D029,V011,C05194,Repair,Completed,5,2224
SV007147,2025-08-02 00:00:00,D023,V007,C00212,General Service,Completed,5,1579
SV007148,2026-08-24 00:00:00,D053,V012,C03181,Warranty,Cancelled,4,3895
SV007149,2025-02-09 00:00:00,D049,V008,C01642,Oil Change,Pending,4,3686
SV007150,2026-10-10 00:00:00,D021,V014,C01201,Warranty,Completed,5,2970
SV007151,2025-10-17 00:00:00,D051,V016,C05874,Warranty,Completed,2,1320
SV007152,2025-01-26 00:00:00,D045,V004,C01706,General Service,Completed,5,1104
SV007153,2025-11-20 00:00:00,D024,V014,C02430,Warranty,Completed,4,2843
SV007154,2026-07-14 00:00:00,D003,V005,C04158,Periodic Maintenance,Completed,5,2988
SV007155,2026-01-16 00:00:00,D013,V019,C01526,Oil Change,Completed,3,2537
SV007156,2026-03-14 00:00:00,D002,V008,C03401,Oil Change,Completed,5,4689
SV007157,2025-08-10 00:00:00,D058,V014,C00851,General Service,Completed,5,5572
SV007158,2026-03-01 00:00:00,D018,V004,C03584,Periodic Maintenance,Completed,4,1391
SV007159,2026-11-08 00:00:00,D038,V008,C02121,Periodic Maintenance,Completed,5,3194
SV007160,2026-01-22 00:00:00,D050,V018,C02747,Oil Change,Completed,4,1070
SV007161,2025-04-15 00:00:00,D036,V010,C04029,Oil Change,Completed,5,2225
SV007162,2026-09-30 00:00:00,D009,V004,C03686,Oil Change,Completed,5,7930
SV007163,2026-02-21 00:00:00,D019,V015,C00374,General Service,Completed,5,4210
SV007164,2025-02-28 00:00:00,D013,V007,C02996,General Service,Completed,4,2965
SV007165,2026-06-13 00:00:00,D037,V017,C01514,Periodic Maintenance,Completed,4,2902
SV007166,2025-04-24 00:00:00,D044,V007,C02326,Periodic Maintenance,Completed,3,4145
SV007167,2025-06-03 00:00:00,D043,V013,C05270,Periodic Maintenance,Completed,4,6265
SV007168,2025-02-14 00:00:00,D007,V013,C04061,Repair,Completed,4,6197
SV007169,2025-07-10 00:00:00,D040,V018,C05960,Repair,Completed,4,3253
SV007170,2025-01-17 00:00:00,D011,V003,C00482,Oil Change,Cancelled,5,6897
SV007171,2025-06-03 00:00:00,D027,V007,C03845,Oil Change,Completed,4,2050
SV007172,2025-02-04 00:00:00,D049,V011,C03164,General Service,Completed,3,5307
SV007173,2025-08-22 00:00:00,D007,V006,C05889,Periodic Maintenance,Cancelled,5,6417
SV007174,2026-09-16 00:00:00,D014,V004,C02226,General Service,Pending,4,3997
SV007175,2026-07-07 00:00:00,D055,V009,C05761,Oil Change,Completed,5,2110
SV007176,2026-12-25 00:00:00,D003,V004,C01547,General Service,Completed,5,5893
SV007177,2026-01-04 00:00:00,D038,V013,C04787,Repair,Completed,5,2011
SV007178,2026-10-06 00:00:00,D058,V009,C05048,Oil Change,Completed,5,1418
SV007179,2026-05-07 00:00:00,D037,V001,C05949,Warranty,Completed,4,3673
SV007180,2025-03-14 00:00:00,D022,V015,C04612,General Service,Completed,5,2571
SV007181,2025-01-16 00:00:00,D012,V018,C05505,General Service,Completed,3,2170
SV007182,2026-01-11 00:00:00,D013,V016,C02792,Oil Change,Completed,5,4203
SV007183,2026-07-15 00:00:00,D039,V004,C00919,Repair,Completed,5,5791
SV007184,2026-10-14 00:00:00,D029,V013,C03827,Repair,Pending,3,1317
SV007185,2026-04-10 00:00:00,D011,V003,C04773,Periodic Maintenance,Pending,4,5326
SV007186,2026-04-07 00:00:00,D010,V004,C01473,General Service,Completed,5,1347
SV007187,2025-07-18 00:00:00,D005,V007,C05661,Oil Change,Completed,5,1235
SV007188,2025-10-01 00:00:00,D060,V018,C00177,General Service,Completed,5,2119
SV007189,2026-12-05 00:00:00,D015,V004,C01297,Repair,Completed,4,1868
SV007190,2026-12-20 00:00:00,D016,V005,C04232,General Service,Completed,3,3037
SV007191,2026-07-04 00:00:00,D035,V018,C05103,General Service,Completed,5,1949
SV007192,2026-05-04 00:00:00,D014,V001,C03984,Repair,Completed,4,1801
SV007193,2026-04-22 00:00:00,D003,V015,C04446,Periodic Maintenance,Completed,3,8425
SV007194,2026-10-18 00:00:00,D026,V007,C00420,Periodic Maintenance,Completed,5,2989
SV007195,2026-08-09 00:00:00,D006,V013,C00229,Periodic Maintenance,Completed,5,2042
SV007196,2025-12-30 00:00:00,D058,V011,C01143,Oil Change,Completed,4,1569
SV007197,2026-12-11 00:00:00,D048,V005,C05359,General Service,Completed,3,1236
SV007198,2025-04-08 00:00:00,D003,V018,C03787,Repair,Completed,5,6162
SV007199,2025-03-19 00:00:00,D042,V020,C04015,Periodic Maintenance,Completed,5,2689
SV007200,2026-05-22 00:00:00,D020,V002,C03904,General Service,Completed,2,1355
SV007201,2025-11-14 00:00:00,D048,V013,C01085,General Service,Completed,4,2011
SV007202,2025-03-24 00:00:00,D004,V012,C05495,Oil Change,Completed,5,2687
SV007203,2025-07-13 00:00:00,D012,V005,C01439,Periodic Maintenance,Completed,5,500
SV007204,2025-03-28 00:00:00,D030,V004,C05548,Repair,Completed,3,2591
SV007205,2026-07-22 00:00:00,D033,V008,C04748,Warranty,Completed,4,2470
SV007206,2026-08-20 00:00:00,D009,V011,C05134,Repair,Cancelled,4,2215
SV007207,2025-07-18 00:00:00,D009,V017,C01940,Oil Change,Completed,5,1096
SV007208,2026-01-05 00:00:00,D014,V012,C05825,Oil Change,Completed,5,3042
SV007209,2025-01-08 00:00:00,D018,V016,C05879,Warranty,Completed,1,2380
SV007210,2026-05-17 00:00:00,D022,V011,C05582,Repair,Completed,5,3174
SV007211,2025-12-01 00:00:00,D057,V012,C04153,Periodic Maintenance,Completed,3,2877
SV007212,2026-12-02 00:00:00,D039,V010,C05774,Repair,Completed,4,1049
SV007213,2026-11-08 00:00:00,D028,V017,C03064,General Service,Completed,1,2143
SV007214,2025-09-21 00:00:00,D056,V006,C04774,General Service,Completed,4,5296
SV007215,2026-10-04 00:00:00,D011,V015,C01941,Oil Change,Completed,5,4014
SV007216,2026-02-01 00:00:00,D057,V002,C03185,Repair,Completed,1,7702
SV007217,2025-01-16 00:00:00,D016,V005,C02412,General Service,Completed,4,2574
SV007218,2026-12-01 00:00:00,D033,V006,C01440,Warranty,Completed,4,2151
SV007219,2025-01-21 00:00:00,D047,V008,C01824,Warranty,Pending,1,1142
SV007220,2025-01-14 00:00:00,D043,V020,C00780,General Service,Completed,4,2654
SV007221,2026-06-27 00:00:00,D060,V012,C00959,Periodic Maintenance,Completed,5,1785
SV007222,2025-08-12 00:00:00,D041,V008,C05005,Periodic Maintenance,Completed,5,3579
SV007223,2026-07-17 00:00:00,D047,V002,C00567,Repair,Completed,5,2486
SV007224,2025-01-08 00:00:00,D002,V013,C05670,General Service,Completed,5,7548
SV007225,2025-10-01 00:00:00,D059,V006,C03933,Oil Change,Completed,5,2067
SV007226,2026-04-14 00:00:00,D032,V020,C01366,Oil Change,Completed,4,3079
SV007227,2026-01-15 00:00:00,D006,V011,C02619,Oil Change,Completed,4,2856
SV007228,2025-09-24 00:00:00,D041,V019,C03115,Warranty,Completed,4,1633
SV007229,2026-12-08 00:00:00,D020,V004,C03952,General Service,Completed,4,2442
SV007230,2026-05-28 00:00:00,D030,V014,C05765,Periodic Maintenance,Completed,4,3635
SV007231,2025-09-04 00:00:00,D010,V018,C02097,Oil Change,Completed,5,6534
SV007232,2025-08-24 00:00:00,D008,V012,C02678,Periodic Maintenance,Cancelled,3,5659
SV007233,2026-09-22 00:00:00,D012,V018,C03342,General Service,Completed,1,1640
SV007234,2025-02-16 00:00:00,D018,V007,C02600,Repair,Completed,4,2146
SV007235,2026-07-09 00:00:00,D058,V016,C01534,Periodic Maintenance,Completed,5,1542
SV007236,2025-01-29 00:00:00,D038,V013,C00185,Repair,Completed,4,804
SV007237,2026-12-01 00:00:00,D049,V002,C00784,Repair,Pending,4,2576
SV007238,2025-12-21 00:00:00,D047,V004,C01896,Repair,Completed,5,2807
SV007239,2025-09-06 00:00:00,D008,V003,C05532,Warranty,Completed,5,1158
SV007240,2025-04-27 00:00:00,D036,V007,C02166,Oil Change,Completed,5,904
SV007241,2025-10-04 00:00:00,D030,V014,C02700,Periodic Maintenance,Completed,4,4453
SV007242,2025-09-03 00:00:00,D027,V007,C04842,Repair,Completed,5,3553
SV007243,2025-09-23 00:00:00,D020,V017,C03079,Warranty,Cancelled,5,2215
SV007244,2025-12-05 00:00:00,D051,V002,C05374,Oil Change,Pending,4,2517
SV007245,2026-11-06 00:00:00,D006,V002,C00165,General Service,Completed,5,4808
SV007246,2025-10-04 00:00:00,D059,V006,C03272,Oil Change,Completed,5,1503
SV007247,2026-08-06 00:00:00,D043,V009,C03403,General Service,Cancelled,4,1799
SV007248,2025-09-10 00:00:00,D028,V016,C00992,Repair,Completed,4,4631
SV007249,2025-07-05 00:00:00,D048,V014,C00230,General Service,Completed,2,1896
SV007250,2025-03-09 00:00:00,D033,V020,C04956,Oil Change,Completed,5,4104
SV007251,2025-03-08 00:00:00,D058,V005,C02748,Warranty,Completed,5,5308
SV007252,2026-08-04 00:00:00,D038,V006,C04479,Periodic Maintenance,Completed,5,4166
SV007253,2025-05-30 00:00:00,D018,V014,C04933,General Service,Completed,2,1886
SV007254,2025-01-18 00:00:00,D029,V009,C03155,General Service,Completed,1,1057
SV007255,2026-07-20 00:00:00,D053,V005,C00961,Warranty,Completed,2,2568
SV007256,2026-02-22 00:00:00,D042,V019,C05367,General Service,Completed,5,1956
SV007257,2025-07-06 00:00:00,D044,V019,C05412,General Service,Completed,4,4369
SV007258,2025-06-03 00:00:00,D002,V005,C01468,Periodic Maintenance,Completed,5,1402
SV007259,2026-05-30 00:00:00,D039,V012,C02450,Periodic Maintenance,Completed,5,6016
SV007260,2025-10-29 00:00:00,D044,V001,C02224,General Service,Completed,5,5249
SV007261,2025-02-08 00:00:00,D026,V020,C04259,Repair,Completed,3,4320
SV007262,2025-07-05 00:00:00,D047,V006,C03970,Periodic Maintenance,Completed,4,4407
SV007263,2025-05-04 00:00:00,D003,V017,C03889,Periodic Maintenance,Pending,5,3172
SV007264,2026-07-01 00:00:00,D060,V005,C02832,Repair,Completed,5,2115
SV007265,2025-09-23 00:00:00,D018,V004,C03069,General Service,Completed,1,3784
SV007266,2026-02-09 00:00:00,D054,V016,C01715,Warranty,Pending,4,1404
SV007267,2025-03-06 00:00:00,D009,V013,C04732,General Service,Completed,5,2109
SV007268,2025-03-18 00:00:00,D052,V014,C01610,Oil Change,Completed,4,2092
SV007269,2026-03-24 00:00:00,D039,V007,C03956,Repair,Completed,5,1695
SV007270,2026-11-01 00:00:00,D019,V011,C03384,General Service,Completed,4,2018
SV007271,2025-10-23 00:00:00,D031,V010,C03289,Warranty,Completed,5,1853
SV007272,2026-11-29 00:00:00,D033,V018,C04621,Repair,Completed,5,1833
SV007273,2026-10-07 00:00:00,D007,V010,C01377,Warranty,Completed,4,3054
SV007274,2026-03-14 00:00:00,D001,V015,C02737,Warranty,Completed,5,780
SV007275,2025-02-11 00:00:00,D026,V014,C01943,Repair,Completed,1,2091
SV007276,2025-11-05 00:00:00,D055,V011,C05472,Repair,Completed,5,3099
SV007277,2025-03-08 00:00:00,D028,V004,C02650,Periodic Maintenance,Completed,4,3958
SV007278,2025-10-23 00:00:00,D048,V011,C02042,Warranty,Completed,2,4643
SV007279,2026-10-21 00:00:00,D011,V003,C04755,Periodic Maintenance,Pending,5,5617
SV007280,2025-11-21 00:00:00,D023,V005,C05765,General Service,Completed,4,2047
SV007281,2025-08-02 00:00:00,D004,V014,C02917,General Service,Completed,5,5302
SV007282,2026-06-15 00:00:00,D033,V014,C00528,Periodic Maintenance,Completed,4,1705
SV007283,2025-02-08 00:00:00,D058,V010,C01895,General Service,Pending,5,2461
SV007284,2025-10-27 00:00:00,D003,V011,C03741,Oil Change,Completed,5,1612
SV007285,2025-11-21 00:00:00,D031,V017,C02268,Periodic Maintenance,Completed,3,1499
SV007286,2026-05-05 00:00:00,D036,V017,C04265,Repair,Completed,3,5142
SV007287,2026-07-28 00:00:00,D054,V010,C03048,Periodic Maintenance,Completed,3,4153
SV007288,2025-12-13 00:00:00,D015,V018,C02750,Oil Change,Completed,3,2534
SV007289,2026-09-07 00:00:00,D058,V016,C05670,Oil Change,Completed,5,3187
SV007290,2026-07-24 00:00:00,D047,V004,C04874,Periodic Maintenance,Completed,3,1613
SV007291,2025-07-31 00:00:00,D011,V010,C03877,Warranty,Completed,4,2565
SV007292,2025-01-09 00:00:00,D021,V017,C00722,Oil Change,Completed,3,2244
SV007293,2026-02-18 00:00:00,D054,V004,C03771,Periodic Maintenance,Pending,4,2799
SV007294,2025-12-22 00:00:00,D027,V013,C04596,Repair,Completed,2,4318
SV007295,2025-11-16 00:00:00,D021,V011,C02489,Repair,Pending,4,1156
SV007296,2025-03-05 00:00:00,D008,V012,C04038,Oil Change,Completed,5,2366
SV007297,2025-07-05 00:00:00,D050,V005,C00251,Periodic Maintenance,Completed,4,1813
SV007298,2025-06-07 00:00:00,D039,V001,C04257,Repair,Completed,5,1910
SV007299,2026-12-30 00:00:00,D019,V017,C00620,Oil Change,Completed,3,853
SV007300,2025-07-28 00:00:00,D025,V010,C00806,Warranty,Completed,4,2147
SV007301,2026-01-29 00:00:00,D057,V005,C05776,General Service,Completed,5,664
SV007302,2025-11-08 00:00:00,D017,V016,C04350,Repair,Completed,1,17627
SV007303,2025-08-24 00:00:00,D042,V019,C03291,Periodic Maintenance,Completed,5,1803
SV007304,2026-10-15 00:00:00,D017,V011,C04542,Periodic Maintenance,Completed,5,1499
SV007305,2025-01-15 00:00:00,D024,V003,C02680,General Service,Completed,3,4624
SV007306,2026-10-31 00:00:00,D060,V016,C02824,General Service,Completed,3,1417
SV007307,2026-05-10 00:00:00,D042,V020,C04966,General Service,Completed,5,3327
SV007308,2025-12-11 00:00:00,D003,V003,C05141,General Service,Completed,3,3903
SV007309,2026-01-30 00:00:00,D007,V010,C05678,Periodic Maintenance,Completed,5,2450
SV007310,2026-08-17 00:00:00,D037,V002,C02588,General Service,Completed,5,1064
SV007311,2025-01-30 00:00:00,D058,V020,C02975,Warranty,Completed,4,6242
SV007312,2025-09-13 00:00:00,D045,V002,C01607,Periodic Maintenance,Completed,4,9928
SV007313,2026-08-14 00:00:00,D033,V004,C00442,General Service,Completed,5,1781
SV007314,2026-12-31 00:00:00,D049,V016,C01610,Oil Change,Completed,4,4134
SV007315,2025-04-11 00:00:00,D002,V002,C04854,General Service,Cancelled,4,5455
SV007316,2026-12-06 00:00:00,D060,V003,C03447,General Service,Pending,4,1339
SV007317,2026-07-15 00:00:00,D051,V013,C00310,Periodic Maintenance,Completed,5,3303
SV007318,2025-02-06 00:00:00,D029,V017,C05487,Periodic Maintenance,Pending,4,4054
SV007319,2025-01-03 00:00:00,D006,V003,C04332,Repair,Completed,5,4000
SV007320,2025-03-22 00:00:00,D041,V016,C05629,Warranty,Completed,4,4729
SV007321,2026-09-20 00:00:00,D008,V015,C01291,General Service,Completed,4,4153
SV007322,2025-02-17 00:00:00,D030,V006,C03006,Periodic Maintenance,Completed,5,3167
SV007323,2026-10-21 00:00:00,D044,V012,C03224,Warranty,Completed,4,5569
SV007324,2025-01-26 00:00:00,D029,V016,C00055,Periodic Maintenance,Pending,5,3930
SV007325,2026-05-17 00:00:00,D019,V011,C01384,Oil Change,Pending,4,5852
SV007326,2025-10-05 00:00:00,D058,V013,C03214,General Service,Completed,5,1446
SV007327,2025-06-14 00:00:00,D058,V013,C03872,General Service,Completed,3,894
SV007328,2025-03-28 00:00:00,D014,V012,C04716,Repair,Completed,5,4228
SV007329,2025-12-13 00:00:00,D021,V005,C03090,General Service,Completed,5,1719
SV007330,2026-05-19 00:00:00,D017,V011,C05572,Periodic Maintenance,Completed,5,1782
SV007331,2026-06-16 00:00:00,D055,V020,C05556,General Service,Completed,3,2172
SV007332,2025-06-13 00:00:00,D022,V003,C02405,General Service,Completed,5,2031
SV007333,2026-05-28 00:00:00,D053,V003,C03452,Oil Change,Completed,4,1225
SV007334,2026-09-20 00:00:00,D047,V019,C00285,Repair,Completed,4,3865
SV007335,2025-03-15 00:00:00,D021,V006,C01452,General Service,Completed,1,4459
SV007336,2026-09-26 00:00:00,D030,V007,C00746,Periodic Maintenance,Completed,2,2137
SV007337,2026-11-23 00:00:00,D030,V007,C02448,General Service,Completed,3,2201
SV007338,2025-03-14 00:00:00,D056,V011,C05162,General Service,Completed,3,2095
SV007339,2025-10-03 00:00:00,D001,V017,C02387,Repair,Completed,1,1510
SV007340,2025-05-21 00:00:00,D055,V002,C00943,Oil Change,Completed,4,4208
SV007341,2025-10-15 00:00:00,D040,V006,C02782,Repair,Completed,5,3591
SV007342,2025-09-23 00:00:00,D030,V015,C03078,General Service,Completed,4,1306
SV007343,2026-05-18 00:00:00,D015,V017,C01775,Oil Change,Completed,4,2159
SV007344,2026-02-27 00:00:00,D030,V015,C04563,General Service,Completed,5,2246
SV007345,2026-08-20 00:00:00,D041,V019,C00878,General Service,Completed,4,3169
SV007346,2025-10-09 00:00:00,D046,V010,C01748,Repair,Completed,5,1505
SV007347,2026-04-02 00:00:00,D024,V011,C02762,Warranty,Completed,4,2265
SV007348,2025-01-31 00:00:00,D038,V001,C04500,General Service,Completed,4,1470
SV007349,2025-12-16 00:00:00,D022,V020,C02377,Oil Change,Completed,5,3366
SV007350,2025-07-11 00:00:00,D003,V002,C02135,Warranty,Completed,4,2049
SV007351,2026-05-27 00:00:00,D022,V019,C05735,General Service,Pending,3,1413
SV007352,2025-10-02 00:00:00,D026,V002,C03203,Periodic Maintenance,Completed,5,2494
SV007353,2026-05-08 00:00:00,D030,V010,C05019,General Service,Completed,5,1082
SV007354,2025-02-21 00:00:00,D019,V013,C04117,Warranty,Completed,4,2431
SV007355,2026-12-30 00:00:00,D042,V019,C01931,Repair,Completed,3,2637
SV007356,2026-05-18 00:00:00,D030,V007,C04050,Repair,Completed,2,2307
SV007357,2025-04-07 00:00:00,D019,V015,C01507,Oil Change,Completed,5,2756
SV007358,2026-08-23 00:00:00,D046,V016,C04321,Oil Change,Completed,2,2541
SV007359,2025-11-29 00:00:00,D056,V002,C01572,Warranty,Completed,4,2416
SV007360,2025-07-18 00:00:00,D020,V005,C04280,Periodic Maintenance,Pending,5,668
SV007361,2025-03-06 00:00:00,D018,V012,C05492,General Service,Completed,5,2873
SV007362,2026-01-06 00:00:00,D021,V016,C04195,Repair,Pending,5,2154
SV007363,2026-12-31 00:00:00,D057,V005,C03515,Repair,Completed,2,1734
SV007364,2026-12-31 00:00:00,D030,V005,C01807,Oil Change,Completed,5,1609
SV007365,2026-06-05 00:00:00,D035,V010,C02843,General Service,Completed,3,2929
SV007366,2026-07-05 00:00:00,D031,V003,C00863,Periodic Maintenance,Completed,5,3342
SV007367,2025-05-11 00:00:00,D029,V008,C03877,Repair,Completed,5,1735
SV007368,2026-04-05 00:00:00,D027,V008,C01748,General Service,Completed,4,2297
SV007369,2025-12-19 00:00:00,D058,V020,C05729,Periodic Maintenance,Completed,4,5620
SV007370,2026-04-25 00:00:00,D002,V001,C02250,General Service,Completed,4,2142
SV007371,2025-12-02 00:00:00,D054,V013,C01266,General Service,Completed,5,2544
SV007372,2025-05-04 00:00:00,D057,V015,C02547,Repair,Completed,5,1173
SV007373,2026-12-02 00:00:00,D037,V015,C01478,Oil Change,Completed,4,3557
SV007374,2025-04-27 00:00:00,D003,V011,C05122,General Service,Completed,2,2314
SV007375,2026-04-02 00:00:00,D003,V016,C04832,Warranty,Completed,4,4404
SV007376,2026-04-06 00:00:00,D010,V014,C01429,Oil Change,Completed,4,2425
SV007377,2026-08-03 00:00:00,D008,V009,C01770,Periodic Maintenance,Completed,5,1592
SV007378,2025-01-03 00:00:00,D036,V010,C05348,Periodic Maintenance,Completed,4,4534
SV007379,2025-08-10 00:00:00,D037,V011,C04737,Oil Change,Completed,4,1519
SV007380,2026-07-17 00:00:00,D024,V004,C01453,Periodic Maintenance,Completed,4,1589
SV007381,2025-12-12 00:00:00,D027,V015,C03298,General Service,Completed,3,1971
SV007382,2025-05-18 00:00:00,D012,V009,C00614,Periodic Maintenance,Completed,4,1792
SV007383,2026-08-07 00:00:00,D055,V009,C04066,Repair,Completed,4,568
SV007384,2025-11-01 00:00:00,D014,V012,C01014,General Service,Pending,4,2926
SV007385,2026-06-16 00:00:00,D012,V010,C02380,Repair,Cancelled,5,883
SV007386,2026-04-17 00:00:00,D037,V019,C01485,Oil Change,Completed,5,2626
SV007387,2025-05-09 00:00:00,D053,V016,C00235,General Service,Completed,4,4767
SV007388,2026-07-23 00:00:00,D017,V007,C01450,Periodic Maintenance,Completed,3,5343
SV007389,2025-10-29 00:00:00,D020,V003,C04916,Repair,Completed,5,3235
SV007390,2026-02-24 00:00:00,D019,V013,C02423,Repair,Completed,1,9396
SV007391,2026-12-09 00:00:00,D003,V018,C05960,Periodic Maintenance,Cancelled,5,1650
SV007392,2025-02-23 00:00:00,D048,V019,C03377,General Service,Completed,5,2084
SV007393,2025-07-05 00:00:00,D058,V011,C02367,Oil Change,Completed,4,2950
SV007394,2026-08-14 00:00:00,D035,V002,C04511,Periodic Maintenance,Completed,4,3204
SV007395,2026-05-11 00:00:00,D047,V015,C01128,General Service,Completed,5,6087
SV007396,2025-12-04 00:00:00,D007,V019,C02137,Periodic Maintenance,Completed,3,1926
SV007397,2025-11-20 00:00:00,D013,V014,C02351,General Service,Completed,5,6820
SV007398,2025-11-02 00:00:00,D053,V015,C05060,Oil Change,Completed,3,3535
SV007399,2025-05-17 00:00:00,D019,V016,C03446,Repair,Completed,4,3789
SV007400,2025-01-25 00:00:00,D055,V018,C04655,General Service,Completed,5,2846
SV007401,2026-11-19 00:00:00,D060,V016,C05324,Oil Change,Completed,5,1957
SV007402,2026-02-14 00:00:00,D005,V017,C05644,Repair,Completed,4,2563
SV007403,2026-05-18 00:00:00,D020,V007,C04553,Periodic Maintenance,Completed,5,970
SV007404,2026-12-18 00:00:00,D003,V010,C03652,General Service,Completed,5,4913
SV007405,2025-10-03 00:00:00,D007,V001,C04085,Oil Change,Completed,4,12484
SV007406,2025-01-30 00:00:00,D001,V008,C05397,General Service,Completed,5,6067
SV007407,2026-07-26 00:00:00,D040,V018,C01400,Oil Change,Completed,3,722
SV007408,2026-06-16 00:00:00,D022,V012,C05865,Oil Change,Completed,4,1509
SV007409,2025-08-01 00:00:00,D029,V006,C03453,Periodic Maintenance,Completed,5,1829
SV007410,2025-01-13 00:00:00,D017,V002,C04716,Repair,Completed,5,5206
SV007411,2026-07-10 00:00:00,D036,V004,C03573,Repair,Completed,4,2237
SV007412,2026-01-04 00:00:00,D055,V011,C01496,Oil Change,Completed,2,2522
SV007413,2026-07-25 00:00:00,D055,V012,C02450,General Service,Completed,4,2361
SV007414,2026-04-17 00:00:00,D030,V011,C05346,Repair,Completed,5,2532
SV007415,2026-06-13 00:00:00,D015,V007,C04100,General Service,Completed,4,3225
SV007416,2025-02-09 00:00:00,D014,V018,C03949,Oil Change,Completed,5,2834
SV007417,2026-04-30 00:00:00,D046,V001,C00764,Oil Change,Completed,5,2338
SV007418,2025-10-29 00:00:00,D025,V006,C05848,Periodic Maintenance,Completed,5,1865
SV007419,2025-04-18 00:00:00,D036,V002,C00849,Oil Change,Completed,3,913
SV007420,2026-02-02 00:00:00,D010,V007,C01422,Periodic Maintenance,Completed,5,1496
SV007421,2025-07-19 00:00:00,D036,V002,C02562,General Service,Completed,5,1902
SV007422,2025-05-25 00:00:00,D042,V018,C04667,Warranty,Cancelled,5,1898
SV007423,2026-07-21 00:00:00,D019,V008,C03987,General Service,Completed,4,2915
SV007424,2025-05-29 00:00:00,D049,V001,C04626,General Service,Completed,4,720
SV007425,2026-12-05 00:00:00,D018,V016,C02300,Periodic Maintenance,Completed,5,2832
SV007426,2025-12-22 00:00:00,D059,V009,C05715,Oil Change,Completed,5,2314
SV007427,2025-07-06 00:00:00,D014,V014,C03712,Oil Change,Completed,5,1553
SV007428,2026-09-06 00:00:00,D043,V001,C02253,Repair,Completed,5,2389
SV007429,2025-05-30 00:00:00,D034,V018,C02127,General Service,Completed,5,1700
SV007430,2026-05-15 00:00:00,D055,V006,C01964,Warranty,Completed,5,1263
SV007431,2026-01-25 00:00:00,D014,V003,C02444,General Service,Completed,3,1899
SV007432,2026-07-04 00:00:00,D018,V018,C01680,Periodic Maintenance,Completed,5,2911
SV007433,2026-07-08 00:00:00,D042,V005,C04430,Repair,Pending,4,3152
SV007434,2025-11-28 00:00:00,D020,V007,C01783,Warranty,Pending,5,1380
SV007435,2026-03-31 00:00:00,D045,V018,C04349,Repair,Completed,5,4908
SV007436,2026-07-25 00:00:00,D020,V001,C00419,General Service,Pending,5,1166
SV007437,2026-01-11 00:00:00,D004,V005,C03203,Oil Change,Completed,5,995
SV007438,2025-07-28 00:00:00,D024,V016,C04336,Repair,Cancelled,5,3258
SV007439,2025-12-04 00:00:00,D054,V005,C04607,General Service,Completed,5,6223
SV007440,2026-12-30 00:00:00,D010,V014,C05692,Periodic Maintenance,Completed,4,4091
SV007441,2025-11-04 00:00:00,D025,V010,C03394,General Service,Completed,4,3450
SV007442,2026-03-06 00:00:00,D004,V003,C00883,Oil Change,Completed,5,1399
SV007443,2026-08-22 00:00:00,D020,V013,C03407,General Service,Completed,5,3096
SV007444,2026-04-25 00:00:00,D012,V005,C02444,Warranty,Completed,4,650
SV007445,2025-05-21 00:00:00,D024,V016,C00113,Warranty,Completed,2,1819
SV007446,2026-07-26 00:00:00,D049,V015,C03258,Oil Change,Completed,5,2303
SV007447,2026-01-22 00:00:00,D055,V003,C05989,Oil Change,Cancelled,4,766
SV007448,2026-11-05 00:00:00,D023,V010,C04894,General Service,Completed,5,2871
SV007449,2026-10-05 00:00:00,D059,V010,C04231,General Service,Completed,4,1442
SV007450,2026-05-06 00:00:00,D035,V003,C00001,Periodic Maintenance,Cancelled,5,596
SV007451,2025-01-01 00:00:00,D012,V020,C03433,General Service,Completed,4,2192
SV007452,2025-01-30 00:00:00,D005,V001,C05222,General Service,Cancelled,5,4386
SV007453,2025-03-21 00:00:00,D056,V008,C02598,General Service,Cancelled,3,1696
SV007454,2026-12-12 00:00:00,D056,V016,C00556,Repair,Completed,5,1109
SV007455,2026-01-10 00:00:00,D012,V010,C05754,General Service,Completed,5,3382
SV007456,2025-02-05 00:00:00,D047,V002,C03537,Oil Change,Completed,5,3445
SV007457,2026-10-12 00:00:00,D021,V010,C01469,Repair,Completed,5,1738
SV007458,2026-11-10 00:00:00,D057,V008,C02664,General Service,Pending,4,4520
SV007459,2026-09-30 00:00:00,D046,V011,C01271,Oil Change,Completed,4,4418
SV007460,2025-08-03 00:00:00,D059,V007,C02127,Warranty,Completed,4,2555
SV007461,2026-12-02 00:00:00,D014,V019,C01182,General Service,Completed,5,2568
SV007462,2025-03-12 00:00:00,D016,V001,C04725,Repair,Completed,5,653
SV007463,2025-01-15 00:00:00,D053,V002,C01615,General Service,Cancelled,5,1388
SV007464,2026-02-01 00:00:00,D039,V007,C04031,General Service,Completed,4,2222
SV007465,2025-02-11 00:00:00,D041,V020,C00943,Oil Change,Pending,4,2546
SV007466,2026-07-29 00:00:00,D056,V016,C02315,General Service,Completed,4,4968
SV007467,2025-09-20 00:00:00,D050,V014,C01615,Oil Change,Completed,4,2460
SV007468,2025-08-21 00:00:00,D033,V001,C02487,General Service,Completed,2,4941
SV007469,2025-10-03 00:00:00,D015,V013,C05651,Repair,Completed,5,9244
SV007470,2025-05-10 00:00:00,D036,V007,C05843,Periodic Maintenance,Cancelled,5,818
SV007471,2026-08-09 00:00:00,D042,V002,C00397,Oil Change,Cancelled,5,958
SV007472,2026-07-16 00:00:00,D030,V019,C02120,Oil Change,Completed,4,1254
SV007473,2026-11-06 00:00:00,D017,V003,C02003,Repair,Completed,5,3213
SV007474,2025-10-14 00:00:00,D026,V002,C05863,Repair,Completed,3,2015
SV007475,2026-07-11 00:00:00,D024,V008,C04154,Oil Change,Completed,5,3965
SV007476,2026-04-19 00:00:00,D055,V020,C05302,General Service,Completed,5,1285
SV007477,2026-01-18 00:00:00,D009,V008,C00899,Repair,Completed,5,994
SV007478,2026-05-05 00:00:00,D009,V011,C00159,Repair,Completed,4,1914
SV007479,2026-06-13 00:00:00,D021,V001,C01562,Oil Change,Completed,5,1328
SV007480,2025-03-30 00:00:00,D029,V004,C04062,General Service,Completed,5,3233
SV007481,2025-05-19 00:00:00,D036,V008,C00474,General Service,Pending,3,4448
SV007482,2026-01-01 00:00:00,D028,V006,C04953,General Service,Completed,5,4612
SV007483,2026-05-17 00:00:00,D012,V020,C00577,Warranty,Completed,4,2667
SV007484,2026-06-13 00:00:00,D046,V009,C00830,Periodic Maintenance,Pending,2,730
SV007485,2025-02-05 00:00:00,D019,V020,C00121,Repair,Pending,4,2480
SV007486,2025-05-17 00:00:00,D047,V018,C00769,Periodic Maintenance,Cancelled,5,5483
SV007487,2025-03-28 00:00:00,D052,V003,C00124,Repair,Completed,5,3427
SV007488,2026-02-24 00:00:00,D036,V014,C03193,Oil Change,Completed,4,3402
SV007489,2025-07-28 00:00:00,D037,V011,C05599,General Service,Completed,5,1053
SV007490,2026-01-09 00:00:00,D058,V008,C02480,Periodic Maintenance,Completed,4,3375
SV007491,2026-03-31 00:00:00,D047,V015,C02648,Periodic Maintenance,Completed,5,7712
SV007492,2026-08-07 00:00:00,D009,V004,C05090,General Service,Completed,5,4125
SV007493,2026-01-28 00:00:00,D009,V008,C02204,Warranty,Completed,5,1500
SV007494,2026-10-14 00:00:00,D057,V005,C03728,Periodic Maintenance,Completed,4,1545
SV007495,2026-01-07 00:00:00,D058,V005,C05977,Periodic Maintenance,Completed,4,1774
SV007496,2026-01-20 00:00:00,D006,V019,C00201,Repair,Completed,5,3003
SV007497,2025-07-14 00:00:00,D043,V020,C00666,Warranty,Completed,5,655
SV007498,2026-09-20 00:00:00,D014,V006,C03749,General Service,Completed,3,794
SV007499,2026-02-04 00:00:00,D055,V019,C05631,Warranty,Completed,3,1808
SV007500,2025-08-15 00:00:00,D013,V002,C02020,Oil Change,Completed,3,3826
SV007501,2025-05-17 00:00:00,D046,V012,C00895,Warranty,Completed,5,3210
SV007502,2025-12-04 00:00:00,D038,V008,C01210,Repair,Completed,3,1590
SV007503,2025-03-23 00:00:00,D047,V010,C01404,Repair,Completed,4,7234
SV007504,2026-12-12 00:00:00,D043,V002,C05474,Repair,Completed,5,5360
SV007505,2026-03-11 00:00:00,D042,V005,C05126,Periodic Maintenance,Completed,5,1037
SV007506,2025-05-02 00:00:00,D016,V017,C00160,General Service,Pending,5,1640
SV007507,2026-08-23 00:00:00,D039,V008,C01264,Periodic Maintenance,Completed,4,4056
SV007508,2025-07-05 00:00:00,D033,V002,C04137,Repair,Completed,5,4507
SV007509,2026-10-26 00:00:00,D053,V002,C03454,Oil Change,Cancelled,4,3121
SV007510,2025-12-15 00:00:00,D028,V017,C00834,Oil Change,Completed,4,3255
SV007511,2026-09-16 00:00:00,D048,V008,C01439,Warranty,Completed,5,4855
SV007512,2026-06-05 00:00:00,D024,V020,C05701,General Service,Pending,4,2921
SV007513,2025-11-21 00:00:00,D002,V011,C00822,Warranty,Completed,5,3605
SV007514,2025-08-18 00:00:00,D049,V005,C01518,Periodic Maintenance,Completed,5,1129
SV007515,2025-12-27 00:00:00,D032,V013,C02966,Repair,Completed,5,4687
SV007516,2026-09-24 00:00:00,D020,V009,C00855,Oil Change,Completed,2,1696
SV007517,2026-03-02 00:00:00,D013,V018,C02606,Periodic Maintenance,Completed,4,2753
SV007518,2026-03-30 00:00:00,D028,V007,C05101,General Service,Completed,5,3031
SV007519,2025-07-07 00:00:00,D007,V005,C05876,Periodic Maintenance,Completed,5,1432
SV007520,2025-01-11 00:00:00,D033,V002,C00791,Warranty,Completed,5,1559
SV007521,2026-05-13 00:00:00,D002,V016,C03700,General Service,Completed,3,3015
SV007522,2025-12-10 00:00:00,D050,V016,C02403,Oil Change,Completed,5,1715
SV007523,2026-12-22 00:00:00,D051,V020,C00632,Repair,Cancelled,5,2534
SV007524,2025-09-16 00:00:00,D046,V010,C05667,General Service,Completed,5,2907
SV007525,2026-12-03 00:00:00,D059,V003,C05177,General Service,Completed,5,1512
SV007526,2026-03-06 00:00:00,D037,V012,C05382,Repair,Completed,3,3767
SV007527,2025-08-09 00:00:00,D034,V007,C01010,General Service,Completed,4,1339
SV007528,2025-05-01 00:00:00,D008,V004,C01585,General Service,Completed,2,1839
SV007529,2025-02-03 00:00:00,D036,V007,C00180,Periodic Maintenance,Completed,2,2831
SV007530,2025-11-20 00:00:00,D005,V003,C03488,General Service,Completed,5,2159
SV007531,2025-05-09 00:00:00,D002,V019,C00877,General Service,Completed,5,953
SV007532,2026-06-22 00:00:00,D050,V012,C03803,General Service,Completed,4,2255
SV007533,2026-09-06 00:00:00,D054,V009,C02347,General Service,Completed,4,3117
SV007534,2026-06-09 00:00:00,D012,V018,C05634,Periodic Maintenance,Pending,4,2425
SV007535,2026-09-23 00:00:00,D051,V001,C00217,General Service,Completed,4,2378
SV007536,2025-06-12 00:00:00,D040,V017,C04508,Oil Change,Completed,4,2411
SV007537,2025-11-14 00:00:00,D041,V010,C05248,General Service,Completed,5,2250
SV007538,2025-10-27 00:00:00,D039,V020,C01093,General Service,Completed,5,3410
SV007539,2025-05-27 00:00:00,D060,V001,C02722,Periodic Maintenance,Completed,5,2476
SV007540,2025-10-27 00:00:00,D030,V007,C03454,General Service,Completed,4,1977
SV007541,2026-10-25 00:00:00,D057,V003,C01463,Oil Change,Pending,5,2251
SV007542,2025-02-10 00:00:00,D006,V018,C04274,Repair,Completed,5,1152
SV007543,2025-11-26 00:00:00,D007,V010,C00982,Repair,Completed,5,8088
SV007544,2025-07-19 00:00:00,D039,V011,C01610,Warranty,Completed,5,4336
SV007545,2026-12-16 00:00:00,D041,V014,C05446,Repair,Completed,4,1736
SV007546,2026-11-16 00:00:00,D060,V001,C00323,Warranty,Cancelled,4,1636
SV007547,2025-02-26 00:00:00,D018,V001,C02879,Warranty,Completed,5,2578
SV007548,2025-11-18 00:00:00,D002,V019,C04766,General Service,Cancelled,5,5267
SV007549,2025-01-23 00:00:00,D040,V020,C02057,Oil Change,Completed,3,4200
SV007550,2026-07-04 00:00:00,D004,V019,C03783,General Service,Completed,1,1077
SV007551,2026-10-20 00:00:00,D035,V019,C05211,General Service,Completed,5,2660
SV007552,2025-05-11 00:00:00,D003,V009,C03573,Periodic Maintenance,Completed,5,1543
SV007553,2026-07-10 00:00:00,D011,V011,C01195,Periodic Maintenance,Completed,4,4252
SV007554,2025-08-19 00:00:00,D030,V013,C01015,Oil Change,Completed,5,4182
SV007555,2025-01-05 00:00:00,D008,V014,C03699,Oil Change,Pending,4,3628
SV007556,2025-10-11 00:00:00,D010,V003,C01762,General Service,Completed,4,3688
SV007557,2025-02-12 00:00:00,D019,V004,C01222,General Service,Completed,4,1760
SV007558,2025-11-09 00:00:00,D021,V017,C04319,General Service,Pending,4,1502
SV007559,2026-08-28 00:00:00,D058,V017,C05149,Repair,Completed,4,2871
SV007560,2025-09-04 00:00:00,D047,V001,C01067,General Service,Completed,4,1111
SV007561,2025-04-30 00:00:00,D008,V009,C04951,Periodic Maintenance,Completed,5,3282
SV007562,2025-11-17 00:00:00,D007,V013,C00316,General Service,Completed,5,2733
SV007563,2026-09-03 00:00:00,D037,V012,C05897,Periodic Maintenance,Completed,4,2695
SV007564,2025-11-06 00:00:00,D037,V006,C02143,General Service,Completed,5,1135
SV007565,2026-10-04 00:00:00,D002,V017,C03004,Repair,Completed,3,2412
SV007566,2025-04-22 00:00:00,D027,V012,C01019,Periodic Maintenance,Completed,4,1434
SV007567,2025-05-30 00:00:00,D049,V010,C05243,Warranty,Completed,5,1735
SV007568,2026-05-17 00:00:00,D026,V015,C04146,Periodic Maintenance,Completed,3,4371
SV007569,2025-04-24 00:00:00,D057,V007,C03522,Oil Change,Completed,3,6415
SV007570,2025-12-04 00:00:00,D022,V018,C02217,Repair,Cancelled,5,4126
SV007571,2026-07-15 00:00:00,D037,V019,C05784,Oil Change,Completed,5,2815
SV007572,2026-11-11 00:00:00,D012,V005,C05927,Repair,Completed,3,1238
SV007573,2026-02-24 00:00:00,D050,V019,C04698,General Service,Completed,4,6653
SV007574,2025-09-04 00:00:00,D049,V004,C00159,Warranty,Completed,4,4166
SV007575,2025-04-20 00:00:00,D052,V016,C01884,Warranty,Completed,5,693
SV007576,2025-10-23 00:00:00,D048,V018,C05191,Oil Change,Completed,4,6899
SV007577,2026-04-30 00:00:00,D027,V017,C02315,General Service,Completed,5,2072
SV007578,2025-03-12 00:00:00,D043,V008,C05381,General Service,Completed,4,3252
SV007579,2025-05-24 00:00:00,D050,V015,C04880,Repair,Completed,5,11764
SV007580,2025-12-23 00:00:00,D045,V017,C05045,Warranty,Completed,5,2659
SV007581,2025-08-13 00:00:00,D047,V016,C04822,Oil Change,Completed,5,2056
SV007582,2026-12-19 00:00:00,D041,V004,C05103,Periodic Maintenance,Completed,5,2674
SV007583,2025-12-19 00:00:00,D054,V015,C04276,General Service,Completed,4,3704
SV007584,2026-12-31 00:00:00,D002,V013,C02018,General Service,Pending,4,1684
SV007585,2026-01-31 00:00:00,D048,V008,C05314,Oil Change,Completed,5,4495
SV007586,2025-01-17 00:00:00,D042,V006,C02308,Repair,Completed,5,2843
SV007587,2026-08-11 00:00:00,D039,V017,C00927,General Service,Completed,4,6083
SV007588,2025-02-18 00:00:00,D011,V006,C05654,Repair,Completed,3,5045
SV007589,2026-12-01 00:00:00,D031,V007,C01708,Repair,Pending,3,2751
SV007590,2025-10-20 00:00:00,D058,V009,C02968,Warranty,Completed,5,4873
SV007591,2026-03-15 00:00:00,D034,V016,C04395,Oil Change,Completed,5,4693
SV007592,2025-02-07 00:00:00,D009,V016,C00691,Periodic Maintenance,Completed,4,1912
SV007593,2026-06-24 00:00:00,D040,V013,C03762,General Service,Completed,4,5156
SV007594,2026-02-19 00:00:00,D057,V019,C00174,Repair,Completed,3,1768
SV007595,2026-02-16 00:00:00,D032,V011,C00742,Oil Change,Completed,3,7195
SV007596,2026-10-10 00:00:00,D049,V001,C05227,Periodic Maintenance,Completed,5,5067
SV007597,2025-12-21 00:00:00,D041,V012,C04482,General Service,Completed,4,5970
SV007598,2026-06-26 00:00:00,D025,V001,C00396,Oil Change,Completed,5,1224
SV007599,2025-06-04 00:00:00,D045,V016,C03684,Warranty,Completed,5,4227
SV007600,2025-07-01 00:00:00,D018,V001,C00818,Warranty,Completed,5,924
SV007601,2025-09-28 00:00:00,D034,V018,C05899,General Service,Completed,5,5999
SV007602,2025-08-01 00:00:00,D029,V006,C01693,Oil Change,Completed,5,5768
SV007603,2026-10-18 00:00:00,D019,V003,C03197,General Service,Completed,5,990
SV007604,2026-03-06 00:00:00,D005,V015,C03009,Periodic Maintenance,Pending,3,1003
SV007605,2026-05-29 00:00:00,D010,V009,C04515,Periodic Maintenance,Completed,5,3813
SV007606,2026-12-29 00:00:00,D025,V015,C00284,Periodic Maintenance,Pending,5,1884
SV007607,2026-05-07 00:00:00,D038,V002,C05528,General Service,Completed,5,3460
SV007608,2025-09-02 00:00:00,D047,V001,C02356,Oil Change,Completed,4,3206
SV007609,2026-11-21 00:00:00,D050,V012,C05420,General Service,Completed,5,8469
SV007610,2026-10-27 00:00:00,D011,V011,C02730,Periodic Maintenance,Completed,5,5243
SV007611,2025-11-13 00:00:00,D013,V013,C01567,Periodic Maintenance,Completed,1,4719
SV007612,2025-08-31 00:00:00,D041,V006,C01011,General Service,Completed,2,3712
SV007613,2026-06-13 00:00:00,D053,V012,C05698,General Service,Completed,5,4857
SV007614,2025-01-03 00:00:00,D024,V011,C02102,Warranty,Completed,4,1848
SV007615,2026-12-21 00:00:00,D002,V001,C00027,General Service,Completed,5,2402
SV007616,2025-07-19 00:00:00,D057,V016,C03979,Warranty,Completed,4,1808
SV007617,2025-03-09 00:00:00,D049,V010,C00580,General Service,Completed,5,2145
SV007618,2025-01-27 00:00:00,D011,V002,C04458,Oil Change,Completed,4,2519
SV007619,2025-06-17 00:00:00,D030,V016,C03587,Oil Change,Completed,5,1072
SV007620,2026-08-31 00:00:00,D002,V008,C04859,Oil Change,Cancelled,2,7831
SV007621,2025-04-11 00:00:00,D046,V020,C05714,Oil Change,Completed,4,4136
SV007622,2025-12-19 00:00:00,D039,V002,C02941,General Service,Completed,5,1007
SV007623,2026-01-07 00:00:00,D054,V011,C04384,Periodic Maintenance,Completed,4,2043
SV007624,2025-12-20 00:00:00,D010,V018,C01367,General Service,Pending,5,1885
SV007625,2026-02-16 00:00:00,D020,V009,C02601,Warranty,Completed,4,3437
SV007626,2025-09-30 00:00:00,D007,V006,C01944,Periodic Maintenance,Completed,5,4034
SV007627,2026-08-28 00:00:00,D034,V020,C05370,Periodic Maintenance,Completed,2,2822
SV007628,2026-04-02 00:00:00,D007,V004,C03547,Periodic Maintenance,Completed,4,1375
SV007629,2025-06-25 00:00:00,D006,V009,C03593,General Service,Pending,5,3403
SV007630,2026-05-10 00:00:00,D031,V007,C05010,Periodic Maintenance,Completed,3,2841
SV007631,2025-05-07 00:00:00,D034,V008,C03621,General Service,Completed,3,7632
SV007632,2026-10-05 00:00:00,D021,V011,C00880,Repair,Completed,4,2281
SV007633,2026-10-06 00:00:00,D044,V016,C04000,Periodic Maintenance,Completed,5,4969
SV007634,2025-07-16 00:00:00,D035,V011,C02583,General Service,Completed,4,1075
SV007635,2025-11-06 00:00:00,D025,V007,C03312,Periodic Maintenance,Completed,5,2216
SV007636,2025-12-06 00:00:00,D050,V012,C00282,Periodic Maintenance,Completed,3,890
SV007637,2026-06-07 00:00:00,D015,V015,C00962,Warranty,Completed,4,4052
SV007638,2026-05-24 00:00:00,D005,V015,C03162,Periodic Maintenance,Completed,4,2892
SV007639,2025-07-20 00:00:00,D007,V010,C02963,Repair,Completed,3,3243
SV007640,2025-08-01 00:00:00,D024,V004,C03650,Oil Change,Completed,4,3050
SV007641,2025-03-31 00:00:00,D024,V016,C04066,Warranty,Completed,5,13821
SV007642,2025-09-19 00:00:00,D053,V014,C03171,Periodic Maintenance,Completed,2,3500
SV007643,2026-03-06 00:00:00,D043,V020,C04203,General Service,Completed,5,2170
SV007644,2025-05-13 00:00:00,D019,V018,C03713,Periodic Maintenance,Pending,5,818
SV007645,2026-03-30 00:00:00,D026,V001,C05627,General Service,Completed,4,1625
SV007646,2025-12-19 00:00:00,D014,V011,C01307,Warranty,Pending,4,7365
SV007647,2025-05-08 00:00:00,D060,V006,C02787,Oil Change,Completed,4,6414
SV007648,2026-06-15 00:00:00,D033,V020,C02814,Periodic Maintenance,Completed,1,2903
SV007649,2025-07-01 00:00:00,D027,V008,C02495,Oil Change,Completed,2,502
SV007650,2025-11-15 00:00:00,D060,V006,C02604,Repair,Completed,4,4185
SV007651,2025-12-12 00:00:00,D039,V018,C04807,Warranty,Completed,4,2148
SV007652,2026-09-05 00:00:00,D038,V014,C04840,Periodic Maintenance,Completed,5,3020
SV007653,2026-04-25 00:00:00,D047,V001,C05686,Periodic Maintenance,Completed,4,7568
SV007654,2026-11-07 00:00:00,D033,V019,C01508,General Service,Completed,4,5821
SV007655,2025-03-14 00:00:00,D007,V020,C04288,Oil Change,Completed,5,1013
SV007656,2025-07-27 00:00:00,D019,V010,C00435,Repair,Completed,5,2418
SV007657,2025-05-28 00:00:00,D003,V005,C00562,Warranty,Cancelled,5,1471
SV007658,2026-09-21 00:00:00,D045,V018,C02483,Warranty,Completed,5,4925
SV007659,2025-03-08 00:00:00,D013,V001,C03723,Oil Change,Completed,5,1095
SV007660,2025-07-31 00:00:00,D026,V016,C03669,Oil Change,Completed,4,1343
SV007661,2025-07-28 00:00:00,D040,V009,C03510,General Service,Completed,5,5460
SV007662,2026-06-09 00:00:00,D011,V008,C02851,General Service,Completed,4,1136
SV007663,2025-12-27 00:00:00,D044,V009,C05291,Periodic Maintenance,Completed,5,1970
SV007664,2026-07-09 00:00:00,D046,V010,C00194,Periodic Maintenance,Completed,5,3007
SV007665,2025-08-04 00:00:00,D007,V009,C01465,General Service,Completed,3,1652
SV007666,2026-05-16 00:00:00,D046,V005,C01394,Repair,Completed,1,6152
SV007667,2025-12-23 00:00:00,D041,V013,C04948,General Service,Completed,5,3806
SV007668,2026-02-19 00:00:00,D038,V006,C01201,Oil Change,Completed,5,2237
SV007669,2026-07-10 00:00:00,D006,V003,C01570,General Service,Completed,5,1577
SV007670,2026-08-28 00:00:00,D011,V005,C02959,Periodic Maintenance,Cancelled,3,4805
SV007671,2026-11-11 00:00:00,D016,V009,C01874,Repair,Completed,5,1985
SV007672,2026-10-19 00:00:00,D014,V005,C01908,Oil Change,Completed,4,4130
SV007673,2026-11-04 00:00:00,D010,V001,C01272,General Service,Completed,2,5989
SV007674,2026-06-21 00:00:00,D007,V006,C01550,Warranty,Completed,4,4846
SV007675,2026-03-10 00:00:00,D005,V006,C01092,General Service,Completed,2,5761
SV007676,2026-12-02 00:00:00,D003,V001,C00928,General Service,Completed,4,3080
SV007677,2026-12-28 00:00:00,D040,V014,C05345,Repair,Completed,4,2128
SV007678,2026-12-30 00:00:00,D014,V015,C00317,Repair,Completed,5,5297
SV007679,2025-07-10 00:00:00,D016,V003,C05980,Warranty,Completed,4,1341
SV007680,2025-10-22 00:00:00,D032,V017,C01038,General Service,Completed,5,1334
SV007681,2025-11-07 00:00:00,D005,V020,C00310,Periodic Maintenance,Completed,4,870
SV007682,2025-05-27 00:00:00,D036,V017,C05143,Periodic Maintenance,Completed,3,2944
SV007683,2025-02-21 00:00:00,D004,V003,C01684,Warranty,Completed,5,6212
SV007684,2025-02-23 00:00:00,D039,V013,C03194,Oil Change,Completed,5,2890
SV007685,2026-07-08 00:00:00,D037,V014,C05617,Periodic Maintenance,Completed,4,2476
SV007686,2026-06-19 00:00:00,D023,V012,C05888,Oil Change,Completed,1,1644
SV007687,2026-03-30 00:00:00,D025,V001,C04961,Periodic Maintenance,Completed,4,3649
SV007688,2025-01-31 00:00:00,D022,V005,C04462,Periodic Maintenance,Completed,2,2895
SV007689,2025-07-11 00:00:00,D019,V003,C04134,General Service,Completed,5,3359
SV007690,2026-01-15 00:00:00,D044,V013,C01594,Periodic Maintenance,Pending,2,4991
SV007691,2025-02-14 00:00:00,D040,V011,C02971,Warranty,Completed,3,1735
SV007692,2026-12-19 00:00:00,D039,V011,C01263,Warranty,Completed,4,5357
SV007693,2026-05-15 00:00:00,D010,V020,C02357,Periodic Maintenance,Completed,4,2879
SV007694,2025-03-22 00:00:00,D055,V003,C00843,Oil Change,Completed,5,1725
SV007695,2026-01-27 00:00:00,D033,V003,C02846,General Service,Completed,5,4829
SV007696,2025-01-14 00:00:00,D053,V012,C01898,Periodic Maintenance,Completed,4,2869
SV007697,2025-12-16 00:00:00,D029,V012,C02673,Warranty,Completed,5,2825
SV007698,2025-07-23 00:00:00,D047,V011,C01144,Repair,Completed,3,2879
SV007699,2025-04-26 00:00:00,D034,V010,C02360,Periodic Maintenance,Completed,4,864
SV007700,2026-12-07 00:00:00,D023,V004,C00362,Warranty,Completed,4,1784
SV007701,2026-10-15 00:00:00,D056,V014,C03500,General Service,Completed,5,2085
SV007702,2026-02-10 00:00:00,D041,V010,C02092,General Service,Completed,5,4511
SV007703,2025-07-24 00:00:00,D040,V009,C01288,Repair,Cancelled,4,842
SV007704,2025-08-18 00:00:00,D032,V004,C04512,Warranty,Completed,4,2983
SV007705,2025-11-20 00:00:00,D005,V019,C01675,General Service,Completed,5,5804
SV007706,2025-11-24 00:00:00,D052,V020,C01626,General Service,Completed,5,5055
SV007707,2026-04-23 00:00:00,D039,V008,C02745,General Service,Completed,5,4302
SV007708,2026-02-05 00:00:00,D036,V008,C01252,General Service,Completed,5,3172
SV007709,2026-08-24 00:00:00,D058,V002,C03283,Repair,Completed,3,1956
SV007710,2026-04-11 00:00:00,D026,V012,C02251,Warranty,Completed,5,3693
SV007711,2026-06-28 00:00:00,D010,V019,C05283,Oil Change,Pending,5,1802
SV007712,2025-09-09 00:00:00,D022,V017,C02242,Oil Change,Cancelled,4,4068
SV007713,2025-01-12 00:00:00,D026,V007,C05373,Periodic Maintenance,Completed,2,1071
SV007714,2025-11-24 00:00:00,D056,V015,C00185,General Service,Completed,4,3626
SV007715,2025-07-30 00:00:00,D005,V018,C04322,General Service,Completed,5,2833
SV007716,2026-03-23 00:00:00,D017,V006,C01310,Repair,Completed,4,3375
SV007717,2026-09-14 00:00:00,D026,V007,C04448,Periodic Maintenance,Completed,3,3463
SV007718,2025-09-23 00:00:00,D014,V020,C03333,General Service,Completed,4,984
SV007719,2026-11-06 00:00:00,D046,V001,C04049,General Service,Completed,5,3111
SV007720,2025-05-21 00:00:00,D056,V003,C00054,Oil Change,Completed,5,2800
SV007721,2025-06-12 00:00:00,D043,V001,C00346,Warranty,Completed,5,1258
SV007722,2025-11-25 00:00:00,D055,V016,C02797,General Service,Completed,4,2525
SV007723,2025-07-31 00:00:00,D010,V009,C03498,Repair,Completed,5,2501
SV007724,2026-04-28 00:00:00,D010,V012,C01863,Repair,Completed,4,1780
SV007725,2025-07-09 00:00:00,D057,V005,C00816,Repair,Pending,5,6434
SV007726,2025-12-04 00:00:00,D045,V020,C05737,Warranty,Completed,5,2114
SV007727,2026-01-28 00:00:00,D008,V011,C02181,General Service,Completed,4,1870
SV007728,2025-04-02 00:00:00,D026,V001,C00150,Oil Change,Completed,5,2229
SV007729,2025-10-11 00:00:00,D040,V010,C04295,Periodic Maintenance,Completed,5,1777
SV007730,2026-07-04 00:00:00,D045,V016,C00992,General Service,Completed,4,724
SV007731,2026-12-23 00:00:00,D042,V015,C05272,Repair,Completed,4,862
SV007732,2026-11-19 00:00:00,D007,V018,C03755,Periodic Maintenance,Cancelled,3,6409
SV007733,2025-05-31 00:00:00,D046,V005,C02197,Repair,Completed,4,1668
SV007734,2025-04-07 00:00:00,D035,V010,C00230,Periodic Maintenance,Completed,5,2364
SV007735,2026-05-29 00:00:00,D013,V020,C04949,Periodic Maintenance,Completed,5,1315
SV007736,2025-06-30 00:00:00,D006,V001,C04793,Warranty,Pending,4,1740
SV007737,2026-05-02 00:00:00,D046,V018,C02374,General Service,Completed,3,2116
SV007738,2025-09-28 00:00:00,D051,V017,C00677,General Service,Completed,3,1756
SV007739,2025-01-02 00:00:00,D028,V012,C05317,Repair,Completed,3,3302
SV007740,2026-11-05 00:00:00,D008,V001,C05500,Periodic Maintenance,Completed,5,3606
SV007741,2026-07-22 00:00:00,D002,V007,C05044,General Service,Completed,5,1522
SV007742,2025-04-24 00:00:00,D053,V001,C02550,Periodic Maintenance,Completed,5,1943
SV007743,2026-10-19 00:00:00,D026,V020,C05771,Repair,Completed,3,4454
SV007744,2026-11-26 00:00:00,D010,V009,C03066,Repair,Completed,5,1454
SV007745,2025-02-05 00:00:00,D033,V003,C01722,Repair,Completed,5,2880
SV007746,2025-11-08 00:00:00,D018,V010,C02879,Periodic Maintenance,Completed,2,753
SV007747,2025-07-21 00:00:00,D042,V015,C03227,General Service,Completed,5,2558
SV007748,2025-10-07 00:00:00,D005,V010,C02751,Oil Change,Completed,5,3359
SV007749,2025-03-02 00:00:00,D026,V019,C03112,Repair,Completed,4,6740
SV007750,2026-07-31 00:00:00,D035,V020,C03125,General Service,Completed,3,2008
SV007751,2026-12-02 00:00:00,D005,V008,C05257,Oil Change,Completed,4,1664
SV007752,2026-11-30 00:00:00,D023,V013,C00075,Repair,Completed,5,830
SV007753,2025-08-19 00:00:00,D052,V020,C04721,General Service,Completed,4,3146
SV007754,2026-04-04 00:00:00,D002,V006,C02362,Oil Change,Completed,5,2955
SV007755,2025-04-29 00:00:00,D012,V020,C05529,General Service,Completed,5,2173
SV007756,2026-05-31 00:00:00,D042,V013,C02494,General Service,Completed,5,4846
SV007757,2025-11-30 00:00:00,D033,V009,C03889,Periodic Maintenance,Completed,5,3404
SV007758,2026-04-20 00:00:00,D042,V001,C03926,General Service,Completed,5,943
SV007759,2026-09-24 00:00:00,D047,V016,C04556,Periodic Maintenance,Completed,4,1452
SV007760,2025-08-22 00:00:00,D048,V016,C05226,Repair,Completed,4,2173
SV007761,2026-02-02 00:00:00,D034,V017,C04474,General Service,Completed,5,731
SV007762,2025-03-12 00:00:00,D025,V016,C05231,General Service,Completed,5,2642
SV007763,2025-05-13 00:00:00,D037,V002,C02117,Oil Change,Completed,3,1699
SV007764,2026-08-13 00:00:00,D001,V010,C01908,Repair,Completed,4,1765
SV007765,2025-05-15 00:00:00,D018,V017,C02549,Repair,Completed,5,2925
SV007766,2026-08-02 00:00:00,D049,V004,C02820,General Service,Cancelled,4,6077
SV007767,2026-08-26 00:00:00,D014,V007,C00840,Warranty,Pending,4,2846
SV007768,2026-01-06 00:00:00,D014,V014,C05166,General Service,Completed,4,4811
SV007769,2026-12-29 00:00:00,D002,V015,C03898,General Service,Completed,5,4687
SV007770,2026-11-07 00:00:00,D053,V012,C03957,General Service,Pending,2,3653
SV007771,2026-05-13 00:00:00,D049,V013,C03061,General Service,Completed,3,2321
SV007772,2025-01-10 00:00:00,D045,V015,C03129,Oil Change,Completed,4,1432
SV007773,2025-11-05 00:00:00,D054,V010,C01410,Warranty,Completed,3,3791
SV007774,2026-07-25 00:00:00,D005,V001,C05977,General Service,Completed,3,2015
SV007775,2025-08-22 00:00:00,D017,V015,C01024,Oil Change,Pending,4,2764
SV007776,2025-03-21 00:00:00,D023,V002,C04181,Oil Change,Completed,4,2427
SV007777,2026-03-12 00:00:00,D019,V006,C05285,Repair,Completed,4,2866
SV007778,2025-05-10 00:00:00,D001,V019,C01253,Repair,Completed,4,1157
SV007779,2025-07-20 00:00:00,D017,V020,C00884,Oil Change,Completed,4,5281
SV007780,2026-02-14 00:00:00,D021,V011,C03484,Warranty,Completed,4,4758
SV007781,2026-06-08 00:00:00,D001,V019,C02219,General Service,Completed,5,2192
SV007782,2026-05-31 00:00:00,D020,V001,C05749,General Service,Completed,5,981
SV007783,2026-03-20 00:00:00,D041,V017,C01763,Repair,Cancelled,3,2507
SV007784,2026-07-28 00:00:00,D036,V006,C05507,General Service,Completed,4,2211
SV007785,2025-10-09 00:00:00,D001,V009,C00523,General Service,Completed,4,2342
SV007786,2025-10-11 00:00:00,D020,V004,C03555,General Service,Completed,4,1032
SV007787,2025-09-14 00:00:00,D006,V018,C03880,Oil Change,Completed,3,1718
SV007788,2026-04-29 00:00:00,D010,V017,C00032,Periodic Maintenance,Completed,5,14913
SV007789,2025-08-11 00:00:00,D027,V009,C05894,Oil Change,Completed,5,4350
SV007790,2025-05-07 00:00:00,D045,V012,C00368,Oil Change,Completed,5,2770
SV007791,2025-11-30 00:00:00,D045,V005,C03021,Repair,Completed,5,1566
SV007792,2026-07-19 00:00:00,D005,V013,C03170,Periodic Maintenance,Completed,5,5211
SV007793,2026-02-19 00:00:00,D052,V004,C02302,General Service,Completed,5,5718
SV007794,2025-05-06 00:00:00,D052,V007,C04505,General Service,Completed,3,11834
SV007795,2025-10-19 00:00:00,D028,V017,C05627,Repair,Completed,5,1874
SV007796,2026-08-12 00:00:00,D019,V006,C02727,General Service,Completed,3,500
SV007797,2025-12-23 00:00:00,D047,V006,C04691,General Service,Completed,5,3275
SV007798,2025-12-24 00:00:00,D060,V005,C04560,Periodic Maintenance,Completed,3,533
SV007799,2026-03-18 00:00:00,D050,V009,C03877,Repair,Completed,4,3026
SV007800,2025-06-24 00:00:00,D018,V002,C00446,General Service,Completed,5,2742
SV007801,2025-09-21 00:00:00,D042,V002,C03734,Periodic Maintenance,Completed,5,3143
SV007802,2026-01-16 00:00:00,D001,V006,C04458,General Service,Completed,4,3065
SV007803,2026-08-01 00:00:00,D014,V010,C02654,Periodic Maintenance,Completed,4,1224
SV007804,2026-12-15 00:00:00,D034,V010,C01906,Periodic Maintenance,Completed,5,1367
SV007805,2026-08-18 00:00:00,D045,V006,C03146,Oil Change,Completed,4,2713
SV007806,2025-11-07 00:00:00,D024,V017,C00365,Oil Change,Completed,4,4381
SV007807,2025-08-19 00:00:00,D011,V019,C00952,Periodic Maintenance,Completed,5,1166
SV007808,2025-09-25 00:00:00,D034,V004,C00569,Periodic Maintenance,Completed,2,2718
SV007809,2025-08-29 00:00:00,D014,V020,C00340,General Service,Completed,4,2624
SV007810,2025-06-25 00:00:00,D016,V016,C04934,Oil Change,Completed,5,2238
SV007811,2025-02-19 00:00:00,D024,V019,C05394,Periodic Maintenance,Completed,4,2269
SV007812,2025-03-03 00:00:00,D023,V017,C05653,Repair,Completed,5,1871
SV007813,2025-12-21 00:00:00,D033,V015,C05609,General Service,Pending,5,1330
SV007814,2025-03-07 00:00:00,D035,V007,C05573,General Service,Completed,2,988
SV007815,2025-08-23 00:00:00,D023,V020,C00858,General Service,Completed,3,2928
SV007816,2026-10-05 00:00:00,D019,V006,C00201,Periodic Maintenance,Completed,5,2569
SV007817,2025-06-15 00:00:00,D008,V005,C00846,General Service,Completed,5,5529
SV007818,2026-02-20 00:00:00,D001,V002,C01682,Oil Change,Pending,5,2186
SV007819,2026-03-03 00:00:00,D013,V003,C01810,General Service,Completed,4,1493
SV007820,2026-05-07 00:00:00,D012,V004,C00700,Warranty,Completed,5,2354
SV007821,2026-04-07 00:00:00,D059,V014,C01103,Oil Change,Completed,5,1105
SV007822,2026-03-15 00:00:00,D013,V017,C05283,Periodic Maintenance,Completed,4,4302
SV007823,2026-02-06 00:00:00,D040,V013,C02028,General Service,Pending,3,1083
SV007824,2026-04-17 00:00:00,D024,V008,C04913,Periodic Maintenance,Completed,5,3454
SV007825,2026-02-07 00:00:00,D002,V002,C00805,Oil Change,Cancelled,4,2975
SV007826,2026-07-01 00:00:00,D002,V015,C00172,General Service,Pending,2,672
SV007827,2026-02-28 00:00:00,D045,V012,C04643,Warranty,Completed,4,3089
SV007828,2026-02-05 00:00:00,D043,V005,C05088,Oil Change,Pending,3,2322
SV007829,2025-12-27 00:00:00,D051,V013,C05694,Periodic Maintenance,Completed,5,3522
SV007830,2026-05-23 00:00:00,D009,V015,C04518,Warranty,Completed,4,2628
SV007831,2025-12-13 00:00:00,D024,V014,C03108,Periodic Maintenance,Pending,5,2047
SV007832,2025-11-21 00:00:00,D024,V014,C05627,General Service,Completed,5,1555
SV007833,2026-07-28 00:00:00,D002,V011,C02737,General Service,Completed,5,4408
SV007834,2025-12-20 00:00:00,D056,V019,C03273,Periodic Maintenance,Completed,4,2554
SV007835,2025-08-17 00:00:00,D005,V007,C01357,General Service,Completed,5,6661
SV007836,2026-09-12 00:00:00,D030,V014,C02598,Periodic Maintenance,Pending,4,1859
SV007837,2025-07-23 00:00:00,D052,V008,C05321,Periodic Maintenance,Completed,5,4265
SV007838,2026-09-16 00:00:00,D013,V001,C05069,Warranty,Completed,5,6944
SV007839,2026-09-04 00:00:00,D021,V002,C01670,Periodic Maintenance,Completed,2,3021
SV007840,2026-09-07 00:00:00,D031,V017,C00137,Periodic Maintenance,Cancelled,5,843
SV007841,2025-10-30 00:00:00,D013,V016,C02424,Repair,Completed,5,3599
SV007842,2026-10-01 00:00:00,D046,V011,C03132,Periodic Maintenance,Completed,4,3223
SV007843,2026-09-03 00:00:00,D054,V017,C03589,Warranty,Completed,5,10786
SV007844,2025-01-26 00:00:00,D059,V013,C01647,Oil Change,Completed,5,3688
SV007845,2026-06-12 00:00:00,D053,V003,C01743,Oil Change,Completed,4,2391
SV007846,2026-03-15 00:00:00,D015,V015,C04505,Repair,Completed,5,2210
SV007847,2025-12-16 00:00:00,D035,V014,C05101,Periodic Maintenance,Completed,5,4373
SV007848,2026-12-14 00:00:00,D013,V003,C00662,Oil Change,Pending,4,4170
SV007849,2025-02-22 00:00:00,D058,V012,C05814,General Service,Completed,4,2079
SV007850,2025-07-31 00:00:00,D053,V011,C00674,General Service,Completed,3,2784
SV007851,2026-07-10 00:00:00,D044,V003,C02012,General Service,Completed,4,1306
SV007852,2025-11-23 00:00:00,D003,V003,C01995,Periodic Maintenance,Pending,4,4164
SV007853,2026-05-31 00:00:00,D030,V007,C02739,Repair,Completed,4,2638
SV007854,2025-09-03 00:00:00,D002,V010,C04453,Periodic Maintenance,Completed,5,5181
SV007855,2026-03-20 00:00:00,D008,V012,C03361,Repair,Completed,3,3802
SV007856,2025-06-02 00:00:00,D059,V009,C01389,General Service,Completed,4,1563
SV007857,2025-06-20 00:00:00,D058,V001,C05504,Periodic Maintenance,Completed,5,4309
SV007858,2025-04-23 00:00:00,D007,V002,C02123,Oil Change,Completed,4,1244
SV007859,2025-05-07 00:00:00,D017,V015,C03809,General Service,Completed,5,2754
SV007860,2025-10-10 00:00:00,D046,V007,C05178,Periodic Maintenance,Completed,5,17239
SV007861,2025-12-11 00:00:00,D032,V018,C04546,Periodic Maintenance,Completed,5,4048
SV007862,2025-08-21 00:00:00,D005,V002,C04063,Periodic Maintenance,Completed,4,4043
SV007863,2026-11-30 00:00:00,D011,V009,C02621,Repair,Completed,2,1400
SV007864,2025-03-09 00:00:00,D033,V016,C01509,Periodic Maintenance,Cancelled,5,2800
SV007865,2025-12-12 00:00:00,D012,V004,C04436,Repair,Completed,3,3054
SV007866,2026-03-19 00:00:00,D020,V013,C03620,Oil Change,Completed,3,2406
SV007867,2026-09-30 00:00:00,D034,V005,C00987,Periodic Maintenance,Completed,5,1681
SV007868,2026-06-12 00:00:00,D020,V019,C01534,Repair,Completed,4,1634
SV007869,2025-03-17 00:00:00,D011,V008,C02067,Oil Change,Completed,2,1595
SV007870,2026-03-18 00:00:00,D054,V018,C05544,Oil Change,Completed,3,1566
SV007871,2025-01-31 00:00:00,D056,V013,C00084,Periodic Maintenance,Completed,5,3727
SV007872,2026-03-26 00:00:00,D004,V020,C02639,Oil Change,Completed,5,2264
SV007873,2025-11-14 00:00:00,D031,V006,C02729,Periodic Maintenance,Completed,2,2419
SV007874,2025-03-05 00:00:00,D008,V017,C01117,Warranty,Completed,3,1074
SV007875,2025-05-04 00:00:00,D043,V007,C03377,General Service,Completed,5,3278
SV007876,2026-04-24 00:00:00,D021,V008,C05142,Warranty,Completed,5,3637
SV007877,2026-04-22 00:00:00,D057,V005,C04879,Oil Change,Completed,5,4022
SV007878,2026-12-23 00:00:00,D060,V012,C00268,General Service,Completed,5,1489
SV007879,2026-04-30 00:00:00,D051,V012,C01449,General Service,Completed,5,1880
SV007880,2025-09-02 00:00:00,D056,V016,C02544,Repair,Completed,3,8221
SV007881,2026-03-17 00:00:00,D031,V014,C04896,Periodic Maintenance,Pending,4,1216
SV007882,2025-11-08 00:00:00,D029,V009,C05995,General Service,Completed,5,3667
SV007883,2026-06-26 00:00:00,D001,V011,C04911,General Service,Completed,4,6620
SV007884,2026-06-21 00:00:00,D034,V018,C01146,General Service,Cancelled,5,2575
SV007885,2025-03-17 00:00:00,D019,V019,C01092,Oil Change,Completed,5,3461
SV007886,2026-02-10 00:00:00,D043,V008,C02759,Periodic Maintenance,Completed,4,3759
SV007887,2025-12-12 00:00:00,D017,V015,C03030,Warranty,Completed,5,1513
SV007888,2026-01-18 00:00:00,D001,V008,C00292,Periodic Maintenance,Completed,3,3309
SV007889,2026-06-19 00:00:00,D014,V015,C02645,Periodic Maintenance,Completed,5,2637
SV007890,2025-10-31 00:00:00,D025,V001,C00987,Oil Change,Completed,3,4061
SV007891,2025-02-23 00:00:00,D003,V013,C03264,Repair,Completed,5,4552
SV007892,2026-07-21 00:00:00,D054,V002,C00682,Repair,Completed,4,3300
SV007893,2026-06-15 00:00:00,D008,V019,C00578,General Service,Completed,2,4951
SV007894,2025-02-28 00:00:00,D056,V008,C03398,Repair,Completed,4,2748
SV007895,2025-11-22 00:00:00,D052,V020,C01493,Repair,Completed,5,2777
SV007896,2025-08-11 00:00:00,D026,V004,C05798,Warranty,Completed,4,4613
SV007897,2025-01-23 00:00:00,D050,V015,C05189,General Service,Cancelled,4,11010
SV007898,2025-08-08 00:00:00,D019,V008,C02792,Oil Change,Completed,5,1655
SV007899,2026-07-01 00:00:00,D056,V015,C01402,Periodic Maintenance,Pending,5,3235
SV007900,2026-10-21 00:00:00,D058,V016,C01946,Oil Change,Completed,5,4074
SV007901,2025-04-08 00:00:00,D031,V003,C02234,Repair,Completed,3,1861
SV007902,2026-02-24 00:00:00,D005,V003,C00038,Repair,Completed,4,2715
SV007903,2025-11-19 00:00:00,D033,V014,C03363,Repair,Completed,5,11452
SV007904,2026-01-21 00:00:00,D019,V013,C05482,Repair,Completed,2,2083
SV007905,2026-11-29 00:00:00,D001,V017,C02897,Warranty,Completed,5,1789
SV007906,2026-03-05 00:00:00,D016,V013,C04955,Periodic Maintenance,Completed,2,3370
SV007907,2026-11-15 00:00:00,D034,V014,C02176,Warranty,Completed,3,1328
SV007908,2025-08-18 00:00:00,D017,V012,C04203,Oil Change,Completed,4,8685
SV007909,2025-10-20 00:00:00,D060,V002,C04928,Oil Change,Cancelled,5,2296
SV007910,2025-05-14 00:00:00,D037,V006,C05508,General Service,Completed,4,4140
SV007911,2025-06-04 00:00:00,D009,V017,C03395,Periodic Maintenance,Completed,1,5857
SV007912,2025-11-06 00:00:00,D004,V008,C05260,Warranty,Completed,5,2342
SV007913,2026-04-06 00:00:00,D022,V003,C03030,Repair,Completed,4,2251
SV007914,2025-04-19 00:00:00,D055,V007,C00950,Repair,Completed,4,1353
SV007915,2025-10-06 00:00:00,D016,V004,C00078,Warranty,Completed,2,2403
SV007916,2026-12-02 00:00:00,D050,V002,C04751,General Service,Completed,5,2840
SV007917,2025-10-24 00:00:00,D041,V013,C04249,Periodic Maintenance,Pending,5,2174
SV007918,2026-08-18 00:00:00,D023,V014,C02475,General Service,Completed,4,9388
SV007919,2025-02-11 00:00:00,D018,V020,C05403,Periodic Maintenance,Completed,3,2936
SV007920,2026-06-23 00:00:00,D054,V015,C00808,General Service,Completed,3,3982
SV007921,2026-03-21 00:00:00,D041,V018,C00905,Warranty,Completed,5,1208
SV007922,2025-09-09 00:00:00,D049,V009,C05000,Warranty,Completed,5,1776
SV007923,2026-08-11 00:00:00,D005,V002,C02872,General Service,Completed,4,2717
SV007924,2025-10-24 00:00:00,D020,V003,C04830,General Service,Completed,4,3718
SV007925,2026-07-15 00:00:00,D054,V004,C03282,General Service,Completed,5,3441
SV007926,2026-01-11 00:00:00,D046,V013,C03411,General Service,Completed,5,4429
SV007927,2026-04-10 00:00:00,D025,V012,C00789,Periodic Maintenance,Completed,5,4149
SV007928,2025-11-18 00:00:00,D055,V009,C02573,General Service,Completed,4,819
SV007929,2025-11-22 00:00:00,D011,V008,C04344,General Service,Completed,4,2718
SV007930,2025-10-17 00:00:00,D048,V017,C02186,Repair,Completed,5,19922
SV007931,2025-11-18 00:00:00,D053,V016,C00524,Periodic Maintenance,Completed,5,1878
SV007932,2025-12-10 00:00:00,D014,V015,C04747,Repair,Completed,1,1679
SV007933,2025-05-06 00:00:00,D001,V019,C00965,General Service,Completed,4,2135
SV007934,2026-01-18 00:00:00,D041,V012,C03471,General Service,Pending,4,2352
SV007935,2025-07-29 00:00:00,D028,V008,C03044,General Service,Completed,4,1837
SV007936,2025-08-06 00:00:00,D017,V003,C05419,General Service,Completed,5,3862
SV007937,2026-01-09 00:00:00,D050,V005,C00580,Warranty,Pending,4,6083
SV007938,2026-12-22 00:00:00,D032,V001,C00508,General Service,Cancelled,3,1949
SV007939,2026-02-28 00:00:00,D031,V020,C02255,General Service,Completed,5,1742
SV007940,2026-01-06 00:00:00,D016,V014,C04647,Periodic Maintenance,Pending,5,3372
SV007941,2026-03-15 00:00:00,D017,V020,C05277,Periodic Maintenance,Completed,2,2387
SV007942,2025-04-26 00:00:00,D014,V004,C03493,Periodic Maintenance,Completed,5,5002
SV007943,2026-04-13 00:00:00,D039,V001,C02569,General Service,Pending,5,4899
SV007944,2025-02-28 00:00:00,D009,V001,C04614,General Service,Completed,5,2601
SV007945,2026-01-16 00:00:00,D033,V011,C04403,Repair,Completed,2,1085
SV007946,2025-11-04 00:00:00,D018,V014,C01404,Periodic Maintenance,Completed,4,3960
SV007947,2026-04-20 00:00:00,D048,V012,C00305,Repair,Completed,4,2313
SV007948,2025-02-04 00:00:00,D027,V005,C05064,General Service,Completed,4,6585
SV007949,2025-05-04 00:00:00,D021,V017,C01679,Periodic Maintenance,Completed,4,2274
SV007950,2026-12-20 00:00:00,D034,V005,C01754,Repair,Completed,5,3163
SV007951,2026-05-22 00:00:00,D046,V018,C02547,Oil Change,Completed,4,1788
SV007952,2025-03-04 00:00:00,D031,V013,C00370,General Service,Completed,4,3769
SV007953,2026-05-15 00:00:00,D015,V015,C00089,Periodic Maintenance,Completed,4,1254
SV007954,2026-04-24 00:00:00,D029,V013,C03720,Repair,Completed,4,1487
SV007955,2026-03-29 00:00:00,D037,V015,C04195,Warranty,Completed,4,2988
SV007956,2026-01-11 00:00:00,D026,V017,C05461,General Service,Completed,5,3073
SV007957,2025-03-29 00:00:00,D059,V001,C04146,General Service,Completed,4,3804
SV007958,2026-02-22 00:00:00,D025,V020,C04539,General Service,Completed,5,2225
SV007959,2026-12-28 00:00:00,D023,V006,C01984,General Service,Completed,5,1832
SV007960,2025-11-22 00:00:00,D028,V018,C01701,Repair,Completed,2,2967
SV007961,2025-06-27 00:00:00,D040,V020,C02700,General Service,Completed,4,2788
SV007962,2025-04-20 00:00:00,D004,V006,C04325,Periodic Maintenance,Completed,2,1239
SV007963,2025-02-12 00:00:00,D051,V007,C03713,Periodic Maintenance,Completed,5,4821
SV007964,2026-12-29 00:00:00,D008,V014,C01399,General Service,Completed,3,1779
SV007965,2025-05-28 00:00:00,D042,V004,C01918,Oil Change,Completed,5,4359
SV007966,2026-05-29 00:00:00,D056,V009,C00771,Oil Change,Completed,5,5922
SV007967,2025-06-15 00:00:00,D029,V019,C04372,Oil Change,Completed,4,2253
SV007968,2026-04-11 00:00:00,D015,V015,C05228,Oil Change,Completed,5,5525
SV007969,2026-08-26 00:00:00,D050,V015,C05124,Oil Change,Completed,4,3217
SV007970,2026-04-08 00:00:00,D006,V016,C02545,General Service,Completed,3,866
SV007971,2026-07-20 00:00:00,D053,V018,C04152,General Service,Completed,5,821
SV007972,2026-09-20 00:00:00,D003,V018,C01542,Warranty,Completed,5,1699
SV007973,2026-10-11 00:00:00,D024,V004,C03036,General Service,Completed,3,2871
SV007974,2025-10-23 00:00:00,D049,V017,C04505,General Service,Completed,4,1668
SV007975,2025-02-13 00:00:00,D035,V004,C05877,General Service,Cancelled,3,1893
SV007976,2025-02-08 00:00:00,D015,V016,C01218,General Service,Cancelled,2,2492
SV007977,2025-09-09 00:00:00,D006,V013,C01938,General Service,Completed,5,1888
SV007978,2025-05-30 00:00:00,D045,V001,C03789,General Service,Completed,2,1406
SV007979,2025-06-24 00:00:00,D053,V011,C04780,Oil Change,Completed,5,2419
SV007980,2026-07-21 00:00:00,D034,V017,C04250,Periodic Maintenance,Completed,5,606
SV007981,2026-01-17 00:00:00,D046,V008,C05486,Repair,Completed,4,3092
SV007982,2026-08-28 00:00:00,D010,V002,C03343,Repair,Completed,5,1820
SV007983,2026-05-13 00:00:00,D032,V017,C05902,Periodic Maintenance,Completed,5,2924
SV007984,2025-08-30 00:00:00,D039,V011,C03644,Repair,Completed,5,3026
SV007985,2025-06-02 00:00:00,D030,V017,C01630,Repair,Completed,3,1836
SV007986,2026-03-18 00:00:00,D028,V020,C03782,Periodic Maintenance,Completed,5,2444
SV007987,2026-09-22 00:00:00,D011,V001,C04679,Periodic Maintenance,Completed,4,1549
SV007988,2025-05-28 00:00:00,D001,V016,C05836,Periodic Maintenance,Completed,1,2080
SV007989,2026-11-24 00:00:00,D047,V020,C02240,General Service,Completed,4,3075
SV007990,2026-05-25 00:00:00,D015,V009,C00061,Periodic Maintenance,Completed,4,2977
SV007991,2025-08-20 00:00:00,D019,V001,C01378,General Service,Completed,5,1420
SV007992,2026-09-17 00:00:00,D051,V002,C02518,General Service,Completed,5,2168
SV007993,2026-01-11 00:00:00,D057,V005,C03626,Repair,Completed,5,1722
SV007994,2025-06-04 00:00:00,D050,V018,C04032,General Service,Completed,3,5000
SV007995,2026-10-27 00:00:00,D053,V016,C04295,Repair,Completed,5,2053
SV007996,2026-03-07 00:00:00,D026,V005,C03784,Warranty,Completed,4,2517
SV007997,2026-05-11 00:00:00,D018,V006,C01426,General Service,Completed,4,1180
SV007998,2025-09-25 00:00:00,D049,V018,C03148,Oil Change,Completed,4,2946
SV007999,2025-03-26 00:00:00,D053,V007,C04080,General Service,Pending,5,3688
SV008000,2025-11-03 00:00:00,D045,V009,C05566,Repair,Pending,4,2717
